"kind","status","ok","url","finalUrl","sources"
"page","200","true","https://thongtaccongquangninh.com/bang-gia/","https://thongtaccongquangninh.com/bang-gia/","bang-gia"
"page","200","true","https://thongtaccongquangninh.com/bang-gia-hut-be-phot-quang-ninh-2026/","https://thongtaccongquangninh.com/bang-gia-hut-be-phot-quang-ninh-2026/","bang-gia-hut-be-phot-quang-ninh-2026"
"page","200","true","https://thongtaccongquangninh.com/blog/","https://thongtaccongquangninh.com/blog/","blog"
"page","200","true","https://thongtaccongquangninh.com/bon-cau-rut-cham-nguyen-nhan-3/","https://thongtaccongquangninh.com/bon-cau-rut-cham-nguyen-nhan-3/","bon-cau-rut-cham-nguyen-nhan-3"
"page","200","true","https://thongtaccongquangninh.com/cach-xu-ly-cong-thoat-nuoc-tac/","https://thongtaccongquangninh.com/cach-xu-ly-cong-thoat-nuoc-tac/","cach-xu-ly-cong-thoat-nuoc-tac"
"page","200","true","https://thongtaccongquangninh.com/cam-nang-thong-tac-cong-tai-ha-long/","https://thongtaccongquangninh.com/cam-nang-thong-tac-cong-tai-ha-long/","cam-nang-thong-tac-cong-tai-ha-long"
"page","200","true","https://thongtaccongquangninh.com/cau-hoi-thuong-gap-thong-tac-cong/","https://thongtaccongquangninh.com/cau-hoi-thuong-gap-thong-tac-cong/","cau-hoi-thuong-gap-thong-tac-cong"
"page","200","true","https://thongtaccongquangninh.com/chi-phi-hut-be-phot-quang-ninh-2/","https://thongtaccongquangninh.com/chi-phi-hut-be-phot-quang-ninh-2/","chi-phi-hut-be-phot-quang-ninh-2"
"page","200","true","https://thongtaccongquangninh.com/chinh-sach-bao-hanh/","https://thongtaccongquangninh.com/chinh-sach-bao-hanh/","chinh-sach-bao-hanh"
"page","200","true","https://thongtaccongquangninh.com/chinh-sach-bao-mat/","https://thongtaccongquangninh.com/chinh-sach-bao-mat/","chinh-sach-bao-mat"
"page","200","true","https://thongtaccongquangninh.com/chu-ky-hut-be-phot-3/","https://thongtaccongquangninh.com/chu-ky-hut-be-phot-3/","chu-ky-hut-be-phot-3"
"page","200","true","https://thongtaccongquangninh.com/dau-hieu-be-phot-can-hut/","https://thongtaccongquangninh.com/dau-hieu-be-phot-can-hut/","dau-hieu-be-phot-can-hut"
"page","200","true","https://thongtaccongquangninh.com/dieu-khoan-dich-vu/","https://thongtaccongquangninh.com/dieu-khoan-dich-vu/","dieu-khoan-dich-vu"
"page","200","true","https://thongtaccongquangninh.com/gia-thong-tac-bon-cau-quang-ninh/","https://thongtaccongquangninh.com/gia-thong-tac-bon-cau-quang-ninh/","gia-thong-tac-bon-cau-quang-ninh"
"page","200","true","https://thongtaccongquangninh.com/gioi-thieu/","https://thongtaccongquangninh.com/gioi-thieu/","gioi-thieu"
"page","200","true","https://thongtaccongquangninh.com/he-thong-lien-ket-doi-tac/","https://thongtaccongquangninh.com/he-thong-lien-ket-doi-tac/","he-thong-lien-ket-doi-tac"
"page","200","true","https://thongtaccongquangninh.com/hoa-chat-tu-thong-cong-3/","https://thongtaccongquangninh.com/hoa-chat-tu-thong-cong-3/","hoa-chat-tu-thong-cong-3"
"page","200","true","https://thongtaccongquangninh.com/hut-be-phot-24-7-quang-ninh-2026/","https://thongtaccongquangninh.com/hut-be-phot-24-7-quang-ninh-2026/","hut-be-phot-24-7-quang-ninh-2026"
"page","200","true","https://thongtaccongquangninh.com/hut-be-phot-ba-che-2/","https://thongtaccongquangninh.com/hut-be-phot-ba-che-2/","hut-be-phot-ba-che-2"
"page","200","true","https://thongtaccongquangninh.com/hut-be-phot-bai-chay/","https://thongtaccongquangninh.com/hut-be-phot-bai-chay/","hut-be-phot-bai-chay"
"page","200","true","https://thongtaccongquangninh.com/hut-be-phot-binh-lieu-2/","https://thongtaccongquangninh.com/hut-be-phot-binh-lieu-2/","hut-be-phot-binh-lieu-2"
"page","200","true","https://thongtaccongquangninh.com/hut-be-phot-cam-pha/","https://thongtaccongquangninh.com/hut-be-phot-cam-pha/","hut-be-phot-cam-pha"
"page","200","true","https://thongtaccongquangninh.com/hut-be-phot-co-to-2/","https://thongtaccongquangninh.com/hut-be-phot-co-to-2/","hut-be-phot-co-to-2"
"page","200","true","https://thongtaccongquangninh.com/hut-be-phot-dam-ha-2/","https://thongtaccongquangninh.com/hut-be-phot-dam-ha-2/","hut-be-phot-dam-ha-2"
"page","200","true","https://thongtaccongquangninh.com/hut-be-phot-dong-trieu/","https://thongtaccongquangninh.com/hut-be-phot-dong-trieu/","hut-be-phot-dong-trieu"
"page","200","true","https://thongtaccongquangninh.com/hut-be-phot-ha-long/","https://thongtaccongquangninh.com/hut-be-phot-ha-long/","hut-be-phot-ha-long"
"page","200","true","https://thongtaccongquangninh.com/hut-be-phot-hai-ha-2/","https://thongtaccongquangninh.com/hut-be-phot-hai-ha-2/","hut-be-phot-hai-ha-2"
"page","200","true","https://thongtaccongquangninh.com/hut-be-phot-khan-cap-quang-ninh-2026/","https://thongtaccongquangninh.com/hut-be-phot-khan-cap-quang-ninh-2026/","hut-be-phot-khan-cap-quang-ninh-2026"
"page","200","true","https://thongtaccongquangninh.com/hut-be-phot-mong-cai/","https://thongtaccongquangninh.com/hut-be-phot-mong-cai/","hut-be-phot-mong-cai"
"page","200","true","https://thongtaccongquangninh.com/hut-be-phot-quang-ninh/","https://thongtaccongquangninh.com/hut-be-phot-quang-ninh/","hut-be-phot-quang-ninh"
"page","200","true","https://thongtaccongquangninh.com/hut-be-phot-quang-yen/","https://thongtaccongquangninh.com/hut-be-phot-quang-yen/","hut-be-phot-quang-yen"
"page","200","true","https://thongtaccongquangninh.com/hut-be-phot-tien-yen-2/","https://thongtaccongquangninh.com/hut-be-phot-tien-yen-2/","hut-be-phot-tien-yen-2"
"page","200","true","https://thongtaccongquangninh.com/hut-be-phot-uong-bi/","https://thongtaccongquangninh.com/hut-be-phot-uong-bi/","hut-be-phot-uong-bi"
"page","200","true","https://thongtaccongquangninh.com/hut-be-phot-van-don/","https://thongtaccongquangninh.com/hut-be-phot-van-don/","hut-be-phot-van-don"
"page","200","true","https://thongtaccongquangninh.com/lien-he/","https://thongtaccongquangninh.com/lien-he/","lien-he"
"page","200","true","https://thongtaccongquangninh.com/mui-hoi-cong-nguyen-nhan-xu-ly-4/","https://thongtaccongquangninh.com/mui-hoi-cong-nguyen-nhan-xu-ly-4/","mui-hoi-cong-nguyen-nhan-xu-ly-4"
"page","200","true","https://thongtaccongquangninh.com/nao-vet-ho-ga/","https://thongtaccongquangninh.com/nao-vet-ho-ga/","nao-vet-ho-ga"
"page","200","true","https://thongtaccongquangninh.com/nao-vet-ho-ga-quang-ninh/","https://thongtaccongquangninh.com/nao-vet-ho-ga-quang-ninh/","nao-vet-ho-ga-quang-ninh"
"page","200","true","https://thongtaccongquangninh.com/nguyen-nhan-cong-tac-thuong-xuyen-ha-long/","https://thongtaccongquangninh.com/nguyen-nhan-cong-tac-thuong-xuyen-ha-long/","nguyen-nhan-cong-tac-thuong-xuyen-ha-long"
"page","200","true","https://thongtaccongquangninh.com/nguyen-song-hao/","https://thongtaccongquangninh.com/nguyen-song-hao/","nguyen-song-hao"
"page","200","true","https://thongtaccongquangninh.com/thong-tac-bon-cau-ban-dem-quang-ninh/","https://thongtaccongquangninh.com/thong-tac-bon-cau-ban-dem-quang-ninh/","thong-tac-bon-cau-ban-dem-quang-ninh"
"page","200","true","https://thongtaccongquangninh.com/thong-tac-bon-cau-bi-tac/","https://thongtaccongquangninh.com/thong-tac-bon-cau-bi-tac/","thong-tac-bon-cau-bi-tac"
"page","200","true","https://thongtaccongquangninh.com/thong-tac-bon-cau-cam-pha/","https://thongtaccongquangninh.com/thong-tac-bon-cau-cam-pha/","thong-tac-bon-cau-cam-pha"
"page","200","true","https://thongtaccongquangninh.com/thong-tac-bon-cau-dong-trieu/","https://thongtaccongquangninh.com/thong-tac-bon-cau-dong-trieu/","thong-tac-bon-cau-dong-trieu"
"page","200","true","https://thongtaccongquangninh.com/thong-tac-bon-cau-ha-long/","https://thongtaccongquangninh.com/thong-tac-bon-cau-ha-long/","thong-tac-bon-cau-ha-long"
"page","200","true","https://thongtaccongquangninh.com/thong-tac-bon-cau-khach-san-quang-ninh-2026/","https://thongtaccongquangninh.com/thong-tac-bon-cau-khach-san-quang-ninh-2026/","thong-tac-bon-cau-khach-san-quang-ninh-2026"
"page","200","true","https://thongtaccongquangninh.com/thong-tac-bon-cau-khan-cap-quang-ninh/","https://thongtaccongquangninh.com/thong-tac-bon-cau-khan-cap-quang-ninh/","thong-tac-bon-cau-khan-cap-quang-ninh"
"page","200","true","https://thongtaccongquangninh.com/thong-tac-bon-cau-khan-cap-quang-ninh-2/","https://thongtaccongquangninh.com/thong-tac-bon-cau-khan-cap-quang-ninh-2/","thong-tac-bon-cau-khan-cap-quang-ninh-2"
"page","200","true","https://thongtaccongquangninh.com/thong-tac-bon-cau-khong-duc-pha-quang-ninh/","https://thongtaccongquangninh.com/thong-tac-bon-cau-khong-duc-pha-quang-ninh/","thong-tac-bon-cau-khong-duc-pha-quang-ninh"
"page","200","true","https://thongtaccongquangninh.com/thong-tac-bon-cau-mong-cai/","https://thongtaccongquangninh.com/thong-tac-bon-cau-mong-cai/","thong-tac-bon-cau-mong-cai"
"page","200","true","https://thongtaccongquangninh.com/thong-tac-bon-cau-nha-dan-quang-ninh-2026/","https://thongtaccongquangninh.com/thong-tac-bon-cau-nha-dan-quang-ninh-2026/","thong-tac-bon-cau-nha-dan-quang-ninh-2026"
"page","200","true","https://thongtaccongquangninh.com/thong-tac-bon-cau-nha-hang-quang-ninh-2026/","https://thongtaccongquangninh.com/thong-tac-bon-cau-nha-hang-quang-ninh-2026/","thong-tac-bon-cau-nha-hang-quang-ninh-2026"
"page","200","true","https://thongtaccongquangninh.com/thong-tac-bon-cau-quang-ninh/","https://thongtaccongquangninh.com/thong-tac-bon-cau-quang-ninh/","thong-tac-bon-cau-quang-ninh"
"page","200","true","https://thongtaccongquangninh.com/thong-tac-bon-cau-quang-yen/","https://thongtaccongquangninh.com/thong-tac-bon-cau-quang-yen/","thong-tac-bon-cau-quang-yen"
"page","200","true","https://thongtaccongquangninh.com/thong-tac-bon-cau-uong-bi/","https://thongtaccongquangninh.com/thong-tac-bon-cau-uong-bi/","thong-tac-bon-cau-uong-bi"
"page","200","true","https://thongtaccongquangninh.com/thong-tac-bon-cau-van-don/","https://thongtaccongquangninh.com/thong-tac-bon-cau-van-don/","thong-tac-bon-cau-van-don"
"page","200","true","https://thongtaccongquangninh.com/thong-tac-chau-rua-quang-ninh/","https://thongtaccongquangninh.com/thong-tac-chau-rua-quang-ninh/","thong-tac-chau-rua-quang-ninh"
"page","200","true","https://thongtaccongquangninh.com/thong-tac-cong-bai-chay/","https://thongtaccongquangninh.com/thong-tac-cong-bai-chay/","thong-tac-cong-bai-chay"
"page","200","true","https://thongtaccongquangninh.com/thong-tac-cong-cam-pha/","https://thongtaccongquangninh.com/thong-tac-cong-cam-pha/","thong-tac-cong-cam-pha"
"page","200","true","https://thongtaccongquangninh.com/thong-tac-cong-cao-xanh/","https://thongtaccongquangninh.com/thong-tac-cong-cao-xanh/","thong-tac-cong-cao-xanh"
"page","200","true","https://thongtaccongquangninh.com/thong-tac-cong-chung-cu-ha-long/","https://thongtaccongquangninh.com/thong-tac-cong-chung-cu-ha-long/","thong-tac-cong-chung-cu-ha-long"
"page","200","true","https://thongtaccongquangninh.com/thong-tac-cong-dong-trieu/","https://thongtaccongquangninh.com/thong-tac-cong-dong-trieu/","thong-tac-cong-dong-trieu"
"page","200","true","https://thongtaccongquangninh.com/thong-tac-cong-gieng-day/","https://thongtaccongquangninh.com/thong-tac-cong-gieng-day/","thong-tac-cong-gieng-day"
"page","200","true","https://thongtaccongquangninh.com/thong-tac-cong-ha-long/","https://thongtaccongquangninh.com/thong-tac-cong-ha-long/","thong-tac-cong-ha-long"
"page","200","true","https://thongtaccongquangninh.com/thong-tac-cong-hong-gai-2/","https://thongtaccongquangninh.com/thong-tac-cong-hong-gai-2/","thong-tac-cong-hong-gai-2"
"page","200","true","https://thongtaccongquangninh.com/thong-tac-cong-mong-cai/","https://thongtaccongquangninh.com/thong-tac-cong-mong-cai/","thong-tac-cong-mong-cai"
"page","200","true","https://thongtaccongquangninh.com/thong-tac-cong-ngo-nho-ha-long/","https://thongtaccongquangninh.com/thong-tac-cong-ngo-nho-ha-long/","thong-tac-cong-ngo-nho-ha-long"
"page","200","true","https://thongtaccongquangninh.com/thong-tac-cong-nha-hang-ha-long/","https://thongtaccongquangninh.com/thong-tac-cong-nha-hang-ha-long/","thong-tac-cong-nha-hang-ha-long"
"page","200","true","https://thongtaccongquangninh.com/thong-tac-cong-quang-ninh/","https://thongtaccongquangninh.com/thong-tac-cong-quang-ninh/","thong-tac-cong-quang-ninh"
"page","200","true","https://thongtaccongquangninh.com/thong-tac-cong-quang-yen/","https://thongtaccongquangninh.com/thong-tac-cong-quang-yen/","thong-tac-cong-quang-yen"
"page","200","true","https://thongtaccongquangninh.com/thong-tac-cong-tuan-chau/","https://thongtaccongquangninh.com/thong-tac-cong-tuan-chau/","thong-tac-cong-tuan-chau"
"page","200","true","https://thongtaccongquangninh.com/thong-tac-cong-uong-bi/","https://thongtaccongquangninh.com/thong-tac-cong-uong-bi/","thong-tac-cong-uong-bi"
"page","200","true","https://thongtaccongquangninh.com/thong-tac-cong-van-don/","https://thongtaccongquangninh.com/thong-tac-cong-van-don/","thong-tac-cong-van-don"
"page","200","true","https://thongtaccongquangninh.com/","https://thongtaccongquangninh.com/","trang-chu"
"page","200","true","https://thongtaccongquangninh.com/xu-ly-mui-hoi-nha-ve-sinh/","https://thongtaccongquangninh.com/xu-ly-mui-hoi-nha-ve-sinh/","xu-ly-mui-hoi-nha-ve-sinh"
"page","200","true","https://thongtaccongquangninh.com/xu-ly-mui-hoi-quang-ninh/","https://thongtaccongquangninh.com/xu-ly-mui-hoi-quang-ninh/","xu-ly-mui-hoi-quang-ninh"
"target","200","true","https://thongtaccongquangninh.com/bang-gia/","https://thongtaccongquangninh.com/bang-gia/","bang-gia|bang-gia-hut-be-phot-quang-ninh-2026|blog|bon-cau-rut-cham-nguyen-nhan-3|cach-xu-ly-cong-thoat-nuoc-tac|cam-nang-thong-tac-cong-tai-ha-long|cau-hoi-thuong-gap-thong-tac-cong|chi-phi-hut-be-phot-quang-ninh-2|chinh-sach-bao-hanh|chinh-sach-bao-mat|chu-ky-hut-be-phot-3|dau-hieu-be-phot-can-hut|dieu-khoan-dich-vu|gia-thong-tac-bon-cau-quang-ninh|gioi-thieu|he-thong-lien-ket-doi-tac|hoa-chat-tu-thong-cong-3|hut-be-phot-24-7-quang-ninh-2026|hut-be-phot-ba-che-2|hut-be-phot-bai-chay|hut-be-phot-binh-lieu-2|hut-be-phot-cam-pha|hut-be-phot-co-to-2|hut-be-phot-dam-ha-2|hut-be-phot-dong-trieu|hut-be-phot-ha-long|hut-be-phot-hai-ha-2|hut-be-phot-khan-cap-quang-ninh-2026|hut-be-phot-mong-cai|hut-be-phot-quang-ninh|hut-be-phot-quang-yen|hut-be-phot-tien-yen-2|hut-be-phot-uong-bi|hut-be-phot-van-don|lien-he|mui-hoi-cong-nguyen-nhan-xu-ly-4|nao-vet-ho-ga|nao-vet-ho-ga-quang-ninh|nguyen-nhan-cong-tac-thuong-xuyen-ha-long|nguyen-song-hao|thong-tac-bon-cau-ban-dem-quang-ninh|thong-tac-bon-cau-bi-tac|thong-tac-bon-cau-cam-pha|thong-tac-bon-cau-dong-trieu|thong-tac-bon-cau-ha-long|thong-tac-bon-cau-khach-san-quang-ninh-2026|thong-tac-bon-cau-khan-cap-quang-ninh|thong-tac-bon-cau-khan-cap-quang-ninh-2|thong-tac-bon-cau-khong-duc-pha-quang-ninh|thong-tac-bon-cau-mong-cai|thong-tac-bon-cau-nha-dan-quang-ninh-2026|thong-tac-bon-cau-nha-hang-quang-ninh-2026|thong-tac-bon-cau-quang-ninh|thong-tac-bon-cau-quang-yen|thong-tac-bon-cau-uong-bi|thong-tac-bon-cau-van-don|thong-tac-chau-rua-quang-ninh|thong-tac-cong-bai-chay|thong-tac-cong-cam-pha|thong-tac-cong-cao-xanh|thong-tac-cong-chung-cu-ha-long|thong-tac-cong-dong-trieu|thong-tac-cong-gieng-day|thong-tac-cong-ha-long|thong-tac-cong-hong-gai-2|thong-tac-cong-mong-cai|thong-tac-cong-ngo-nho-ha-long|thong-tac-cong-nha-hang-ha-long|thong-tac-cong-quang-ninh|thong-tac-cong-quang-yen|thong-tac-cong-tuan-chau|thong-tac-cong-uong-bi|thong-tac-cong-van-don|trang-chu|xu-ly-mui-hoi-nha-ve-sinh|xu-ly-mui-hoi-quang-ninh"
"target","200","true","https://thongtaccongquangninh.com/feed/","https://thongtaccongquangninh.com/feed/","bang-gia|bang-gia-hut-be-phot-quang-ninh-2026|blog|bon-cau-rut-cham-nguyen-nhan-3|cach-xu-ly-cong-thoat-nuoc-tac|cam-nang-thong-tac-cong-tai-ha-long|cau-hoi-thuong-gap-thong-tac-cong|chi-phi-hut-be-phot-quang-ninh-2|chinh-sach-bao-hanh|chinh-sach-bao-mat|chu-ky-hut-be-phot-3|dau-hieu-be-phot-can-hut|dieu-khoan-dich-vu|gia-thong-tac-bon-cau-quang-ninh|gioi-thieu|he-thong-lien-ket-doi-tac|hoa-chat-tu-thong-cong-3|hut-be-phot-24-7-quang-ninh-2026|hut-be-phot-ba-che-2|hut-be-phot-bai-chay|hut-be-phot-binh-lieu-2|hut-be-phot-cam-pha|hut-be-phot-co-to-2|hut-be-phot-dam-ha-2|hut-be-phot-dong-trieu|hut-be-phot-ha-long|hut-be-phot-hai-ha-2|hut-be-phot-khan-cap-quang-ninh-2026|hut-be-phot-mong-cai|hut-be-phot-quang-ninh|hut-be-phot-quang-yen|hut-be-phot-tien-yen-2|hut-be-phot-uong-bi|hut-be-phot-van-don|lien-he|mui-hoi-cong-nguyen-nhan-xu-ly-4|nao-vet-ho-ga|nao-vet-ho-ga-quang-ninh|nguyen-nhan-cong-tac-thuong-xuyen-ha-long|nguyen-song-hao|thong-tac-bon-cau-ban-dem-quang-ninh|thong-tac-bon-cau-bi-tac|thong-tac-bon-cau-cam-pha|thong-tac-bon-cau-dong-trieu|thong-tac-bon-cau-ha-long|thong-tac-bon-cau-khach-san-quang-ninh-2026|thong-tac-bon-cau-khan-cap-quang-ninh|thong-tac-bon-cau-khan-cap-quang-ninh-2|thong-tac-bon-cau-khong-duc-pha-quang-ninh|thong-tac-bon-cau-mong-cai|thong-tac-bon-cau-nha-dan-quang-ninh-2026|thong-tac-bon-cau-nha-hang-quang-ninh-2026|thong-tac-bon-cau-quang-ninh|thong-tac-bon-cau-quang-yen|thong-tac-bon-cau-uong-bi|thong-tac-bon-cau-van-don|thong-tac-chau-rua-quang-ninh|thong-tac-cong-bai-chay|thong-tac-cong-cam-pha|thong-tac-cong-cao-xanh|thong-tac-cong-chung-cu-ha-long|thong-tac-cong-dong-trieu|thong-tac-cong-gieng-day|thong-tac-cong-ha-long|thong-tac-cong-hong-gai-2|thong-tac-cong-mong-cai|thong-tac-cong-ngo-nho-ha-long|thong-tac-cong-nha-hang-ha-long|thong-tac-cong-quang-ninh|thong-tac-cong-quang-yen|thong-tac-cong-tuan-chau|thong-tac-cong-uong-bi|thong-tac-cong-van-don|trang-chu|xu-ly-mui-hoi-nha-ve-sinh|xu-ly-mui-hoi-quang-ninh"
"target","200","true","https://thongtaccongquangninh.com/comments/feed/","https://thongtaccongquangninh.com/comments/feed/","bang-gia|bang-gia-hut-be-phot-quang-ninh-2026|blog|bon-cau-rut-cham-nguyen-nhan-3|cach-xu-ly-cong-thoat-nuoc-tac|cam-nang-thong-tac-cong-tai-ha-long|cau-hoi-thuong-gap-thong-tac-cong|chi-phi-hut-be-phot-quang-ninh-2|chinh-sach-bao-hanh|chinh-sach-bao-mat|chu-ky-hut-be-phot-3|dau-hieu-be-phot-can-hut|dieu-khoan-dich-vu|gia-thong-tac-bon-cau-quang-ninh|gioi-thieu|he-thong-lien-ket-doi-tac|hoa-chat-tu-thong-cong-3|hut-be-phot-24-7-quang-ninh-2026|hut-be-phot-ba-che-2|hut-be-phot-bai-chay|hut-be-phot-binh-lieu-2|hut-be-phot-cam-pha|hut-be-phot-co-to-2|hut-be-phot-dam-ha-2|hut-be-phot-dong-trieu|hut-be-phot-ha-long|hut-be-phot-hai-ha-2|hut-be-phot-khan-cap-quang-ninh-2026|hut-be-phot-mong-cai|hut-be-phot-quang-ninh|hut-be-phot-quang-yen|hut-be-phot-tien-yen-2|hut-be-phot-uong-bi|hut-be-phot-van-don|lien-he|mui-hoi-cong-nguyen-nhan-xu-ly-4|nao-vet-ho-ga|nao-vet-ho-ga-quang-ninh|nguyen-nhan-cong-tac-thuong-xuyen-ha-long|nguyen-song-hao|thong-tac-bon-cau-ban-dem-quang-ninh|thong-tac-bon-cau-bi-tac|thong-tac-bon-cau-cam-pha|thong-tac-bon-cau-dong-trieu|thong-tac-bon-cau-ha-long|thong-tac-bon-cau-khach-san-quang-ninh-2026|thong-tac-bon-cau-khan-cap-quang-ninh|thong-tac-bon-cau-khan-cap-quang-ninh-2|thong-tac-bon-cau-khong-duc-pha-quang-ninh|thong-tac-bon-cau-mong-cai|thong-tac-bon-cau-nha-dan-quang-ninh-2026|thong-tac-bon-cau-nha-hang-quang-ninh-2026|thong-tac-bon-cau-quang-ninh|thong-tac-bon-cau-quang-yen|thong-tac-bon-cau-uong-bi|thong-tac-bon-cau-van-don|thong-tac-chau-rua-quang-ninh|thong-tac-cong-bai-chay|thong-tac-cong-cam-pha|thong-tac-cong-cao-xanh|thong-tac-cong-chung-cu-ha-long|thong-tac-cong-dong-trieu|thong-tac-cong-gieng-day|thong-tac-cong-ha-long|thong-tac-cong-hong-gai-2|thong-tac-cong-mong-cai|thong-tac-cong-ngo-nho-ha-long|thong-tac-cong-nha-hang-ha-long|thong-tac-cong-quang-ninh|thong-tac-cong-quang-yen|thong-tac-cong-tuan-chau|thong-tac-cong-uong-bi|thong-tac-cong-van-don|trang-chu|xu-ly-mui-hoi-nha-ve-sinh|xu-ly-mui-hoi-quang-ninh"
"target","200","true","https://thongtaccongquangninh.com/wp-json/oembed/1.0/embed?url=https%3A%2F%2Fthongtaccongquangninh.com%2Fbang-gia%2F","https://thongtaccongquangninh.com/wp-json/oembed/1.0/embed?url=https%3A%2F%2Fthongtaccongquangninh.com%2Fbang-gia%2F","bang-gia"
"target","200","true","https://thongtaccongquangninh.com/wp-json/oembed/1.0/embed?url=https%3A%2F%2Fthongtaccongquangninh.com%2Fbang-gia%2F&","https://thongtaccongquangninh.com/wp-json/oembed/1.0/embed?url=https%3A%2F%2Fthongtaccongquangninh.com%2Fbang-gia%2F&","bang-gia"
"target","200","true","https://thongtaccongquangninh.com/wp-includes/css/dist/block-library/style.min.css?ver=6.9.4","https://thongtaccongquangninh.com/wp-includes/css/dist/block-library/style.min.css?ver=6.9.4","bang-gia|bang-gia-hut-be-phot-quang-ninh-2026|blog|bon-cau-rut-cham-nguyen-nhan-3|cach-xu-ly-cong-thoat-nuoc-tac|cam-nang-thong-tac-cong-tai-ha-long|cau-hoi-thuong-gap-thong-tac-cong|chi-phi-hut-be-phot-quang-ninh-2|chinh-sach-bao-hanh|chinh-sach-bao-mat|chu-ky-hut-be-phot-3|dau-hieu-be-phot-can-hut|dieu-khoan-dich-vu|gia-thong-tac-bon-cau-quang-ninh|gioi-thieu|he-thong-lien-ket-doi-tac|hoa-chat-tu-thong-cong-3|hut-be-phot-24-7-quang-ninh-2026|hut-be-phot-ba-che-2|hut-be-phot-bai-chay|hut-be-phot-binh-lieu-2|hut-be-phot-cam-pha|hut-be-phot-co-to-2|hut-be-phot-dam-ha-2|hut-be-phot-dong-trieu|hut-be-phot-ha-long|hut-be-phot-hai-ha-2|hut-be-phot-khan-cap-quang-ninh-2026|hut-be-phot-mong-cai|hut-be-phot-quang-yen|hut-be-phot-tien-yen-2|hut-be-phot-uong-bi|hut-be-phot-van-don|lien-he|mui-hoi-cong-nguyen-nhan-xu-ly-4|nao-vet-ho-ga|nao-vet-ho-ga-quang-ninh|nguyen-nhan-cong-tac-thuong-xuyen-ha-long|nguyen-song-hao|thong-tac-bon-cau-ban-dem-quang-ninh|thong-tac-bon-cau-bi-tac|thong-tac-bon-cau-dong-trieu|thong-tac-bon-cau-ha-long|thong-tac-bon-cau-khach-san-quang-ninh-2026|thong-tac-bon-cau-khan-cap-quang-ninh|thong-tac-bon-cau-khan-cap-quang-ninh-2|thong-tac-bon-cau-khong-duc-pha-quang-ninh|thong-tac-bon-cau-mong-cai|thong-tac-bon-cau-nha-dan-quang-ninh-2026|thong-tac-bon-cau-nha-hang-quang-ninh-2026|thong-tac-bon-cau-quang-ninh|thong-tac-bon-cau-quang-yen|thong-tac-bon-cau-uong-bi|thong-tac-bon-cau-van-don|thong-tac-chau-rua-quang-ninh|thong-tac-cong-bai-chay|thong-tac-cong-cam-pha|thong-tac-cong-cao-xanh|thong-tac-cong-chung-cu-ha-long|thong-tac-cong-dong-trieu|thong-tac-cong-gieng-day|thong-tac-cong-ha-long|thong-tac-cong-hong-gai-2|thong-tac-cong-mong-cai|thong-tac-cong-ngo-nho-ha-long|thong-tac-cong-nha-hang-ha-long|thong-tac-cong-quang-ninh|thong-tac-cong-quang-yen|thong-tac-cong-tuan-chau|thong-tac-cong-uong-bi|thong-tac-cong-van-don|trang-chu|xu-ly-mui-hoi-nha-ve-sinh|xu-ly-mui-hoi-quang-ninh"
"target","200","true","https://thongtaccongquangninh.com/wp-content/themes/generatepress/assets/css/components/widget-areas.min.css?ver=3.6.1","https://thongtaccongquangninh.com/wp-content/themes/generatepress/assets/css/components/widget-areas.min.css?ver=3.6.1","bang-gia|bang-gia-hut-be-phot-quang-ninh-2026|blog|bon-cau-rut-cham-nguyen-nhan-3|cach-xu-ly-cong-thoat-nuoc-tac|cam-nang-thong-tac-cong-tai-ha-long|cau-hoi-thuong-gap-thong-tac-cong|chi-phi-hut-be-phot-quang-ninh-2|chinh-sach-bao-hanh|chinh-sach-bao-mat|chu-ky-hut-be-phot-3|dau-hieu-be-phot-can-hut|dieu-khoan-dich-vu|gia-thong-tac-bon-cau-quang-ninh|gioi-thieu|he-thong-lien-ket-doi-tac|hoa-chat-tu-thong-cong-3|hut-be-phot-24-7-quang-ninh-2026|hut-be-phot-ba-che-2|hut-be-phot-bai-chay|hut-be-phot-binh-lieu-2|hut-be-phot-cam-pha|hut-be-phot-co-to-2|hut-be-phot-dam-ha-2|hut-be-phot-dong-trieu|hut-be-phot-ha-long|hut-be-phot-hai-ha-2|hut-be-phot-khan-cap-quang-ninh-2026|hut-be-phot-mong-cai|hut-be-phot-quang-ninh|hut-be-phot-quang-yen|hut-be-phot-tien-yen-2|hut-be-phot-uong-bi|hut-be-phot-van-don|lien-he|mui-hoi-cong-nguyen-nhan-xu-ly-4|nao-vet-ho-ga|nao-vet-ho-ga-quang-ninh|nguyen-nhan-cong-tac-thuong-xuyen-ha-long|nguyen-song-hao|thong-tac-bon-cau-ban-dem-quang-ninh|thong-tac-bon-cau-bi-tac|thong-tac-bon-cau-cam-pha|thong-tac-bon-cau-dong-trieu|thong-tac-bon-cau-ha-long|thong-tac-bon-cau-khach-san-quang-ninh-2026|thong-tac-bon-cau-khan-cap-quang-ninh|thong-tac-bon-cau-khan-cap-quang-ninh-2|thong-tac-bon-cau-khong-duc-pha-quang-ninh|thong-tac-bon-cau-mong-cai|thong-tac-bon-cau-nha-dan-quang-ninh-2026|thong-tac-bon-cau-nha-hang-quang-ninh-2026|thong-tac-bon-cau-quang-ninh|thong-tac-bon-cau-quang-yen|thong-tac-bon-cau-uong-bi|thong-tac-bon-cau-van-don|thong-tac-chau-rua-quang-ninh|thong-tac-cong-bai-chay|thong-tac-cong-cam-pha|thong-tac-cong-cao-xanh|thong-tac-cong-chung-cu-ha-long|thong-tac-cong-dong-trieu|thong-tac-cong-gieng-day|thong-tac-cong-ha-long|thong-tac-cong-hong-gai-2|thong-tac-cong-mong-cai|thong-tac-cong-ngo-nho-ha-long|thong-tac-cong-nha-hang-ha-long|thong-tac-cong-quang-ninh|thong-tac-cong-quang-yen|thong-tac-cong-tuan-chau|thong-tac-cong-uong-bi|thong-tac-cong-van-don|trang-chu|xu-ly-mui-hoi-nha-ve-sinh|xu-ly-mui-hoi-quang-ninh"
"target","200","true","https://thongtaccongquangninh.com/wp-content/themes/generatepress/assets/css/main.min.css?ver=3.6.1","https://thongtaccongquangninh.com/wp-content/themes/generatepress/assets/css/main.min.css?ver=3.6.1","bang-gia|bang-gia-hut-be-phot-quang-ninh-2026|blog|bon-cau-rut-cham-nguyen-nhan-3|cach-xu-ly-cong-thoat-nuoc-tac|cam-nang-thong-tac-cong-tai-ha-long|cau-hoi-thuong-gap-thong-tac-cong|chi-phi-hut-be-phot-quang-ninh-2|chinh-sach-bao-hanh|chinh-sach-bao-mat|chu-ky-hut-be-phot-3|dau-hieu-be-phot-can-hut|dieu-khoan-dich-vu|gia-thong-tac-bon-cau-quang-ninh|gioi-thieu|he-thong-lien-ket-doi-tac|hoa-chat-tu-thong-cong-3|hut-be-phot-24-7-quang-ninh-2026|hut-be-phot-ba-che-2|hut-be-phot-bai-chay|hut-be-phot-binh-lieu-2|hut-be-phot-cam-pha|hut-be-phot-co-to-2|hut-be-phot-dam-ha-2|hut-be-phot-dong-trieu|hut-be-phot-ha-long|hut-be-phot-hai-ha-2|hut-be-phot-khan-cap-quang-ninh-2026|hut-be-phot-mong-cai|hut-be-phot-quang-ninh|hut-be-phot-quang-yen|hut-be-phot-tien-yen-2|hut-be-phot-uong-bi|hut-be-phot-van-don|lien-he|mui-hoi-cong-nguyen-nhan-xu-ly-4|nao-vet-ho-ga|nao-vet-ho-ga-quang-ninh|nguyen-nhan-cong-tac-thuong-xuyen-ha-long|nguyen-song-hao|thong-tac-bon-cau-ban-dem-quang-ninh|thong-tac-bon-cau-bi-tac|thong-tac-bon-cau-cam-pha|thong-tac-bon-cau-dong-trieu|thong-tac-bon-cau-ha-long|thong-tac-bon-cau-khach-san-quang-ninh-2026|thong-tac-bon-cau-khan-cap-quang-ninh|thong-tac-bon-cau-khan-cap-quang-ninh-2|thong-tac-bon-cau-khong-duc-pha-quang-ninh|thong-tac-bon-cau-mong-cai|thong-tac-bon-cau-nha-dan-quang-ninh-2026|thong-tac-bon-cau-nha-hang-quang-ninh-2026|thong-tac-bon-cau-quang-ninh|thong-tac-bon-cau-quang-yen|thong-tac-bon-cau-uong-bi|thong-tac-bon-cau-van-don|thong-tac-chau-rua-quang-ninh|thong-tac-cong-bai-chay|thong-tac-cong-cam-pha|thong-tac-cong-cao-xanh|thong-tac-cong-chung-cu-ha-long|thong-tac-cong-dong-trieu|thong-tac-cong-gieng-day|thong-tac-cong-ha-long|thong-tac-cong-hong-gai-2|thong-tac-cong-mong-cai|thong-tac-cong-ngo-nho-ha-long|thong-tac-cong-nha-hang-ha-long|thong-tac-cong-quang-ninh|thong-tac-cong-quang-yen|thong-tac-cong-tuan-chau|thong-tac-cong-uong-bi|thong-tac-cong-van-don|trang-chu|xu-ly-mui-hoi-nha-ve-sinh|xu-ly-mui-hoi-quang-ninh"
"target","200","true","https://thongtaccongquangninh.com/wp-json/","https://thongtaccongquangninh.com/wp-json/","bang-gia|bang-gia-hut-be-phot-quang-ninh-2026|blog|bon-cau-rut-cham-nguyen-nhan-3|cach-xu-ly-cong-thoat-nuoc-tac|cam-nang-thong-tac-cong-tai-ha-long|cau-hoi-thuong-gap-thong-tac-cong|chi-phi-hut-be-phot-quang-ninh-2|chinh-sach-bao-hanh|chinh-sach-bao-mat|chu-ky-hut-be-phot-3|dau-hieu-be-phot-can-hut|dieu-khoan-dich-vu|gia-thong-tac-bon-cau-quang-ninh|gioi-thieu|he-thong-lien-ket-doi-tac|hoa-chat-tu-thong-cong-3|hut-be-phot-24-7-quang-ninh-2026|hut-be-phot-ba-che-2|hut-be-phot-bai-chay|hut-be-phot-binh-lieu-2|hut-be-phot-cam-pha|hut-be-phot-co-to-2|hut-be-phot-dam-ha-2|hut-be-phot-dong-trieu|hut-be-phot-ha-long|hut-be-phot-hai-ha-2|hut-be-phot-khan-cap-quang-ninh-2026|hut-be-phot-mong-cai|hut-be-phot-quang-ninh|hut-be-phot-quang-yen|hut-be-phot-tien-yen-2|hut-be-phot-uong-bi|hut-be-phot-van-don|lien-he|mui-hoi-cong-nguyen-nhan-xu-ly-4|nao-vet-ho-ga|nao-vet-ho-ga-quang-ninh|nguyen-nhan-cong-tac-thuong-xuyen-ha-long|nguyen-song-hao|thong-tac-bon-cau-ban-dem-quang-ninh|thong-tac-bon-cau-bi-tac|thong-tac-bon-cau-cam-pha|thong-tac-bon-cau-dong-trieu|thong-tac-bon-cau-ha-long|thong-tac-bon-cau-khach-san-quang-ninh-2026|thong-tac-bon-cau-khan-cap-quang-ninh|thong-tac-bon-cau-khan-cap-quang-ninh-2|thong-tac-bon-cau-khong-duc-pha-quang-ninh|thong-tac-bon-cau-mong-cai|thong-tac-bon-cau-nha-dan-quang-ninh-2026|thong-tac-bon-cau-nha-hang-quang-ninh-2026|thong-tac-bon-cau-quang-ninh|thong-tac-bon-cau-quang-yen|thong-tac-bon-cau-uong-bi|thong-tac-bon-cau-van-don|thong-tac-chau-rua-quang-ninh|thong-tac-cong-bai-chay|thong-tac-cong-cam-pha|thong-tac-cong-cao-xanh|thong-tac-cong-chung-cu-ha-long|thong-tac-cong-dong-trieu|thong-tac-cong-gieng-day|thong-tac-cong-ha-long|thong-tac-cong-hong-gai-2|thong-tac-cong-mong-cai|thong-tac-cong-ngo-nho-ha-long|thong-tac-cong-nha-hang-ha-long|thong-tac-cong-quang-ninh|thong-tac-cong-quang-yen|thong-tac-cong-tuan-chau|thong-tac-cong-uong-bi|thong-tac-cong-van-don|trang-chu|xu-ly-mui-hoi-nha-ve-sinh|xu-ly-mui-hoi-quang-ninh"
"target","200","true","https://thongtaccongquangninh.com/wp-json/wp/v2/pages/61","https://thongtaccongquangninh.com/wp-json/wp/v2/pages/61","bang-gia"
"target","403","false","https://thongtaccongquangninh.com/xmlrpc.php?rsd","https://thongtaccongquangninh.com/xmlrpc.php?rsd","bang-gia|bang-gia-hut-be-phot-quang-ninh-2026|blog|bon-cau-rut-cham-nguyen-nhan-3|cach-xu-ly-cong-thoat-nuoc-tac|cam-nang-thong-tac-cong-tai-ha-long|cau-hoi-thuong-gap-thong-tac-cong|chi-phi-hut-be-phot-quang-ninh-2|chinh-sach-bao-hanh|chinh-sach-bao-mat|chu-ky-hut-be-phot-3|dau-hieu-be-phot-can-hut|dieu-khoan-dich-vu|gia-thong-tac-bon-cau-quang-ninh|gioi-thieu|he-thong-lien-ket-doi-tac|hoa-chat-tu-thong-cong-3|hut-be-phot-24-7-quang-ninh-2026|hut-be-phot-ba-che-2|hut-be-phot-bai-chay|hut-be-phot-binh-lieu-2|hut-be-phot-cam-pha|hut-be-phot-co-to-2|hut-be-phot-dam-ha-2|hut-be-phot-dong-trieu|hut-be-phot-ha-long|hut-be-phot-hai-ha-2|hut-be-phot-khan-cap-quang-ninh-2026|hut-be-phot-mong-cai|hut-be-phot-quang-ninh|hut-be-phot-quang-yen|hut-be-phot-tien-yen-2|hut-be-phot-uong-bi|hut-be-phot-van-don|lien-he|mui-hoi-cong-nguyen-nhan-xu-ly-4|nao-vet-ho-ga|nao-vet-ho-ga-quang-ninh|nguyen-nhan-cong-tac-thuong-xuyen-ha-long|nguyen-song-hao|thong-tac-bon-cau-ban-dem-quang-ninh|thong-tac-bon-cau-bi-tac|thong-tac-bon-cau-cam-pha|thong-tac-bon-cau-dong-trieu|thong-tac-bon-cau-ha-long|thong-tac-bon-cau-khach-san-quang-ninh-2026|thong-tac-bon-cau-khan-cap-quang-ninh|thong-tac-bon-cau-khan-cap-quang-ninh-2|thong-tac-bon-cau-khong-duc-pha-quang-ninh|thong-tac-bon-cau-mong-cai|thong-tac-bon-cau-nha-dan-quang-ninh-2026|thong-tac-bon-cau-nha-hang-quang-ninh-2026|thong-tac-bon-cau-quang-ninh|thong-tac-bon-cau-quang-yen|thong-tac-bon-cau-uong-bi|thong-tac-bon-cau-van-don|thong-tac-chau-rua-quang-ninh|thong-tac-cong-bai-chay|thong-tac-cong-cam-pha|thong-tac-cong-cao-xanh|thong-tac-cong-chung-cu-ha-long|thong-tac-cong-dong-trieu|thong-tac-cong-gieng-day|thong-tac-cong-ha-long|thong-tac-cong-hong-gai-2|thong-tac-cong-mong-cai|thong-tac-cong-ngo-nho-ha-long|thong-tac-cong-nha-hang-ha-long|thong-tac-cong-quang-ninh|thong-tac-cong-quang-yen|thong-tac-cong-tuan-chau|thong-tac-cong-uong-bi|thong-tac-cong-van-don|trang-chu|xu-ly-mui-hoi-nha-ve-sinh|xu-ly-mui-hoi-quang-ninh"
"target","200","true","https://thongtaccongquangninh.com/?p=61","https://thongtaccongquangninh.com/?p=61","bang-gia"
"target","200","true","https://thongtaccongquangninh.com/wp-content/uploads/2026/05/favicon-moi-truong-do-thi-so-1-quang-ninh-16x16-1.png","https://thongtaccongquangninh.com/wp-content/uploads/2026/05/favicon-moi-truong-do-thi-so-1-quang-ninh-16x16-1.png","bang-gia|bang-gia-hut-be-phot-quang-ninh-2026|blog|bon-cau-rut-cham-nguyen-nhan-3|cach-xu-ly-cong-thoat-nuoc-tac|cam-nang-thong-tac-cong-tai-ha-long|cau-hoi-thuong-gap-thong-tac-cong|chi-phi-hut-be-phot-quang-ninh-2|chinh-sach-bao-hanh|chinh-sach-bao-mat|chu-ky-hut-be-phot-3|dau-hieu-be-phot-can-hut|dieu-khoan-dich-vu|gia-thong-tac-bon-cau-quang-ninh|gioi-thieu|he-thong-lien-ket-doi-tac|hoa-chat-tu-thong-cong-3|hut-be-phot-24-7-quang-ninh-2026|hut-be-phot-ba-che-2|hut-be-phot-bai-chay|hut-be-phot-binh-lieu-2|hut-be-phot-cam-pha|hut-be-phot-co-to-2|hut-be-phot-dam-ha-2|hut-be-phot-dong-trieu|hut-be-phot-ha-long|hut-be-phot-hai-ha-2|hut-be-phot-khan-cap-quang-ninh-2026|hut-be-phot-mong-cai|hut-be-phot-quang-ninh|hut-be-phot-quang-yen|hut-be-phot-tien-yen-2|hut-be-phot-uong-bi|hut-be-phot-van-don|lien-he|mui-hoi-cong-nguyen-nhan-xu-ly-4|nao-vet-ho-ga|nao-vet-ho-ga-quang-ninh|nguyen-nhan-cong-tac-thuong-xuyen-ha-long|nguyen-song-hao|thong-tac-bon-cau-ban-dem-quang-ninh|thong-tac-bon-cau-bi-tac|thong-tac-bon-cau-cam-pha|thong-tac-bon-cau-dong-trieu|thong-tac-bon-cau-ha-long|thong-tac-bon-cau-khach-san-quang-ninh-2026|thong-tac-bon-cau-khan-cap-quang-ninh|thong-tac-bon-cau-khan-cap-quang-ninh-2|thong-tac-bon-cau-khong-duc-pha-quang-ninh|thong-tac-bon-cau-mong-cai|thong-tac-bon-cau-nha-dan-quang-ninh-2026|thong-tac-bon-cau-nha-hang-quang-ninh-2026|thong-tac-bon-cau-quang-ninh|thong-tac-bon-cau-quang-yen|thong-tac-bon-cau-uong-bi|thong-tac-bon-cau-van-don|thong-tac-chau-rua-quang-ninh|thong-tac-cong-bai-chay|thong-tac-cong-cam-pha|thong-tac-cong-cao-xanh|thong-tac-cong-chung-cu-ha-long|thong-tac-cong-dong-trieu|thong-tac-cong-gieng-day|thong-tac-cong-ha-long|thong-tac-cong-hong-gai-2|thong-tac-cong-mong-cai|thong-tac-cong-ngo-nho-ha-long|thong-tac-cong-nha-hang-ha-long|thong-tac-cong-quang-ninh|thong-tac-cong-quang-yen|thong-tac-cong-tuan-chau|thong-tac-cong-uong-bi|thong-tac-cong-van-don|trang-chu|xu-ly-mui-hoi-nha-ve-sinh|xu-ly-mui-hoi-quang-ninh"
"target","200","true","https://thongtaccongquangninh.com/wp-content/uploads/2026/05/favicon-moi-truong-do-thi-so-1-quang-ninh-32x32-1.png","https://thongtaccongquangninh.com/wp-content/uploads/2026/05/favicon-moi-truong-do-thi-so-1-quang-ninh-32x32-1.png","bang-gia|bang-gia-hut-be-phot-quang-ninh-2026|blog|bon-cau-rut-cham-nguyen-nhan-3|cach-xu-ly-cong-thoat-nuoc-tac|cam-nang-thong-tac-cong-tai-ha-long|cau-hoi-thuong-gap-thong-tac-cong|chi-phi-hut-be-phot-quang-ninh-2|chinh-sach-bao-hanh|chinh-sach-bao-mat|chu-ky-hut-be-phot-3|dau-hieu-be-phot-can-hut|dieu-khoan-dich-vu|gia-thong-tac-bon-cau-quang-ninh|gioi-thieu|he-thong-lien-ket-doi-tac|hoa-chat-tu-thong-cong-3|hut-be-phot-24-7-quang-ninh-2026|hut-be-phot-ba-che-2|hut-be-phot-bai-chay|hut-be-phot-binh-lieu-2|hut-be-phot-cam-pha|hut-be-phot-co-to-2|hut-be-phot-dam-ha-2|hut-be-phot-dong-trieu|hut-be-phot-ha-long|hut-be-phot-hai-ha-2|hut-be-phot-khan-cap-quang-ninh-2026|hut-be-phot-mong-cai|hut-be-phot-quang-ninh|hut-be-phot-quang-yen|hut-be-phot-tien-yen-2|hut-be-phot-uong-bi|hut-be-phot-van-don|lien-he|mui-hoi-cong-nguyen-nhan-xu-ly-4|nao-vet-ho-ga|nao-vet-ho-ga-quang-ninh|nguyen-nhan-cong-tac-thuong-xuyen-ha-long|nguyen-song-hao|thong-tac-bon-cau-ban-dem-quang-ninh|thong-tac-bon-cau-bi-tac|thong-tac-bon-cau-cam-pha|thong-tac-bon-cau-dong-trieu|thong-tac-bon-cau-ha-long|thong-tac-bon-cau-khach-san-quang-ninh-2026|thong-tac-bon-cau-khan-cap-quang-ninh|thong-tac-bon-cau-khan-cap-quang-ninh-2|thong-tac-bon-cau-khong-duc-pha-quang-ninh|thong-tac-bon-cau-mong-cai|thong-tac-bon-cau-nha-dan-quang-ninh-2026|thong-tac-bon-cau-nha-hang-quang-ninh-2026|thong-tac-bon-cau-quang-ninh|thong-tac-bon-cau-quang-yen|thong-tac-bon-cau-uong-bi|thong-tac-bon-cau-van-don|thong-tac-chau-rua-quang-ninh|thong-tac-cong-bai-chay|thong-tac-cong-cam-pha|thong-tac-cong-cao-xanh|thong-tac-cong-chung-cu-ha-long|thong-tac-cong-dong-trieu|thong-tac-cong-gieng-day|thong-tac-cong-ha-long|thong-tac-cong-hong-gai-2|thong-tac-cong-mong-cai|thong-tac-cong-ngo-nho-ha-long|thong-tac-cong-nha-hang-ha-long|thong-tac-cong-quang-ninh|thong-tac-cong-quang-yen|thong-tac-cong-tuan-chau|thong-tac-cong-uong-bi|thong-tac-cong-van-don|trang-chu|xu-ly-mui-hoi-nha-ve-sinh|xu-ly-mui-hoi-quang-ninh"
"target","200","true","https://thongtaccongquangninh.com/wp-content/uploads/2026/05/favicon-moi-truong-do-thi-so-1-quang-ninh-48x48-1.png","https://thongtaccongquangninh.com/wp-content/uploads/2026/05/favicon-moi-truong-do-thi-so-1-quang-ninh-48x48-1.png","bang-gia|bang-gia-hut-be-phot-quang-ninh-2026|blog|bon-cau-rut-cham-nguyen-nhan-3|cach-xu-ly-cong-thoat-nuoc-tac|cam-nang-thong-tac-cong-tai-ha-long|cau-hoi-thuong-gap-thong-tac-cong|chi-phi-hut-be-phot-quang-ninh-2|chinh-sach-bao-hanh|chinh-sach-bao-mat|chu-ky-hut-be-phot-3|dau-hieu-be-phot-can-hut|dieu-khoan-dich-vu|gia-thong-tac-bon-cau-quang-ninh|gioi-thieu|he-thong-lien-ket-doi-tac|hoa-chat-tu-thong-cong-3|hut-be-phot-24-7-quang-ninh-2026|hut-be-phot-ba-che-2|hut-be-phot-bai-chay|hut-be-phot-binh-lieu-2|hut-be-phot-cam-pha|hut-be-phot-co-to-2|hut-be-phot-dam-ha-2|hut-be-phot-dong-trieu|hut-be-phot-ha-long|hut-be-phot-hai-ha-2|hut-be-phot-khan-cap-quang-ninh-2026|hut-be-phot-mong-cai|hut-be-phot-quang-ninh|hut-be-phot-quang-yen|hut-be-phot-tien-yen-2|hut-be-phot-uong-bi|hut-be-phot-van-don|lien-he|mui-hoi-cong-nguyen-nhan-xu-ly-4|nao-vet-ho-ga|nao-vet-ho-ga-quang-ninh|nguyen-nhan-cong-tac-thuong-xuyen-ha-long|nguyen-song-hao|thong-tac-bon-cau-ban-dem-quang-ninh|thong-tac-bon-cau-bi-tac|thong-tac-bon-cau-cam-pha|thong-tac-bon-cau-dong-trieu|thong-tac-bon-cau-ha-long|thong-tac-bon-cau-khach-san-quang-ninh-2026|thong-tac-bon-cau-khan-cap-quang-ninh|thong-tac-bon-cau-khan-cap-quang-ninh-2|thong-tac-bon-cau-khong-duc-pha-quang-ninh|thong-tac-bon-cau-mong-cai|thong-tac-bon-cau-nha-dan-quang-ninh-2026|thong-tac-bon-cau-nha-hang-quang-ninh-2026|thong-tac-bon-cau-quang-ninh|thong-tac-bon-cau-quang-yen|thong-tac-bon-cau-uong-bi|thong-tac-bon-cau-van-don|thong-tac-chau-rua-quang-ninh|thong-tac-cong-bai-chay|thong-tac-cong-cam-pha|thong-tac-cong-cao-xanh|thong-tac-cong-chung-cu-ha-long|thong-tac-cong-dong-trieu|thong-tac-cong-gieng-day|thong-tac-cong-ha-long|thong-tac-cong-hong-gai-2|thong-tac-cong-mong-cai|thong-tac-cong-ngo-nho-ha-long|thong-tac-cong-nha-hang-ha-long|thong-tac-cong-quang-ninh|thong-tac-cong-quang-yen|thong-tac-cong-tuan-chau|thong-tac-cong-uong-bi|thong-tac-cong-van-don|trang-chu|xu-ly-mui-hoi-nha-ve-sinh|xu-ly-mui-hoi-quang-ninh"
"target","200","true","https://thongtaccongquangninh.com/wp-content/uploads/2026/05/favicon-moi-truong-do-thi-so-1-quang-ninh-192x192-1.png","https://thongtaccongquangninh.com/wp-content/uploads/2026/05/favicon-moi-truong-do-thi-so-1-quang-ninh-192x192-1.png","bang-gia|bang-gia-hut-be-phot-quang-ninh-2026|blog|bon-cau-rut-cham-nguyen-nhan-3|cach-xu-ly-cong-thoat-nuoc-tac|cam-nang-thong-tac-cong-tai-ha-long|cau-hoi-thuong-gap-thong-tac-cong|chi-phi-hut-be-phot-quang-ninh-2|chinh-sach-bao-hanh|chinh-sach-bao-mat|chu-ky-hut-be-phot-3|dau-hieu-be-phot-can-hut|dieu-khoan-dich-vu|gia-thong-tac-bon-cau-quang-ninh|gioi-thieu|he-thong-lien-ket-doi-tac|hoa-chat-tu-thong-cong-3|hut-be-phot-24-7-quang-ninh-2026|hut-be-phot-ba-che-2|hut-be-phot-bai-chay|hut-be-phot-binh-lieu-2|hut-be-phot-cam-pha|hut-be-phot-co-to-2|hut-be-phot-dam-ha-2|hut-be-phot-dong-trieu|hut-be-phot-ha-long|hut-be-phot-hai-ha-2|hut-be-phot-khan-cap-quang-ninh-2026|hut-be-phot-mong-cai|hut-be-phot-quang-ninh|hut-be-phot-quang-yen|hut-be-phot-tien-yen-2|hut-be-phot-uong-bi|hut-be-phot-van-don|lien-he|mui-hoi-cong-nguyen-nhan-xu-ly-4|nao-vet-ho-ga|nao-vet-ho-ga-quang-ninh|nguyen-nhan-cong-tac-thuong-xuyen-ha-long|nguyen-song-hao|thong-tac-bon-cau-ban-dem-quang-ninh|thong-tac-bon-cau-bi-tac|thong-tac-bon-cau-cam-pha|thong-tac-bon-cau-dong-trieu|thong-tac-bon-cau-ha-long|thong-tac-bon-cau-khach-san-quang-ninh-2026|thong-tac-bon-cau-khan-cap-quang-ninh|thong-tac-bon-cau-khan-cap-quang-ninh-2|thong-tac-bon-cau-khong-duc-pha-quang-ninh|thong-tac-bon-cau-mong-cai|thong-tac-bon-cau-nha-dan-quang-ninh-2026|thong-tac-bon-cau-nha-hang-quang-ninh-2026|thong-tac-bon-cau-quang-ninh|thong-tac-bon-cau-quang-yen|thong-tac-bon-cau-uong-bi|thong-tac-bon-cau-van-don|thong-tac-chau-rua-quang-ninh|thong-tac-cong-bai-chay|thong-tac-cong-cam-pha|thong-tac-cong-cao-xanh|thong-tac-cong-chung-cu-ha-long|thong-tac-cong-dong-trieu|thong-tac-cong-gieng-day|thong-tac-cong-ha-long|thong-tac-cong-hong-gai-2|thong-tac-cong-mong-cai|thong-tac-cong-ngo-nho-ha-long|thong-tac-cong-nha-hang-ha-long|thong-tac-cong-quang-ninh|thong-tac-cong-quang-yen|thong-tac-cong-tuan-chau|thong-tac-cong-uong-bi|thong-tac-cong-van-don|trang-chu|xu-ly-mui-hoi-nha-ve-sinh|xu-ly-mui-hoi-quang-ninh"
"target","200","true","https://thongtaccongquangninh.com/wp-content/uploads/2026/05/favicon-moi-truong-do-thi-so-1-quang-ninh-512x512-1.png","https://thongtaccongquangninh.com/wp-content/uploads/2026/05/favicon-moi-truong-do-thi-so-1-quang-ninh-512x512-1.png","bang-gia|bang-gia-hut-be-phot-quang-ninh-2026|blog|bon-cau-rut-cham-nguyen-nhan-3|cach-xu-ly-cong-thoat-nuoc-tac|cam-nang-thong-tac-cong-tai-ha-long|cau-hoi-thuong-gap-thong-tac-cong|chi-phi-hut-be-phot-quang-ninh-2|chinh-sach-bao-hanh|chinh-sach-bao-mat|chu-ky-hut-be-phot-3|dau-hieu-be-phot-can-hut|dieu-khoan-dich-vu|gia-thong-tac-bon-cau-quang-ninh|gioi-thieu|he-thong-lien-ket-doi-tac|hoa-chat-tu-thong-cong-3|hut-be-phot-24-7-quang-ninh-2026|hut-be-phot-ba-che-2|hut-be-phot-bai-chay|hut-be-phot-binh-lieu-2|hut-be-phot-cam-pha|hut-be-phot-co-to-2|hut-be-phot-dam-ha-2|hut-be-phot-dong-trieu|hut-be-phot-ha-long|hut-be-phot-hai-ha-2|hut-be-phot-khan-cap-quang-ninh-2026|hut-be-phot-mong-cai|hut-be-phot-quang-ninh|hut-be-phot-quang-yen|hut-be-phot-tien-yen-2|hut-be-phot-uong-bi|hut-be-phot-van-don|lien-he|mui-hoi-cong-nguyen-nhan-xu-ly-4|nao-vet-ho-ga|nao-vet-ho-ga-quang-ninh|nguyen-nhan-cong-tac-thuong-xuyen-ha-long|nguyen-song-hao|thong-tac-bon-cau-ban-dem-quang-ninh|thong-tac-bon-cau-bi-tac|thong-tac-bon-cau-cam-pha|thong-tac-bon-cau-dong-trieu|thong-tac-bon-cau-ha-long|thong-tac-bon-cau-khach-san-quang-ninh-2026|thong-tac-bon-cau-khan-cap-quang-ninh|thong-tac-bon-cau-khan-cap-quang-ninh-2|thong-tac-bon-cau-khong-duc-pha-quang-ninh|thong-tac-bon-cau-mong-cai|thong-tac-bon-cau-nha-dan-quang-ninh-2026|thong-tac-bon-cau-nha-hang-quang-ninh-2026|thong-tac-bon-cau-quang-ninh|thong-tac-bon-cau-quang-yen|thong-tac-bon-cau-uong-bi|thong-tac-bon-cau-van-don|thong-tac-chau-rua-quang-ninh|thong-tac-cong-bai-chay|thong-tac-cong-cam-pha|thong-tac-cong-cao-xanh|thong-tac-cong-chung-cu-ha-long|thong-tac-cong-dong-trieu|thong-tac-cong-gieng-day|thong-tac-cong-ha-long|thong-tac-cong-hong-gai-2|thong-tac-cong-mong-cai|thong-tac-cong-ngo-nho-ha-long|thong-tac-cong-nha-hang-ha-long|thong-tac-cong-quang-ninh|thong-tac-cong-quang-yen|thong-tac-cong-tuan-chau|thong-tac-cong-uong-bi|thong-tac-cong-van-don|trang-chu|xu-ly-mui-hoi-nha-ve-sinh|xu-ly-mui-hoi-quang-ninh"
"target","200","true","https://thongtaccongquangninh.com/wp-content/uploads/2026/05/favicon-moi-truong-do-thi-so-1-quang-ninh-180x180-1.png","https://thongtaccongquangninh.com/wp-content/uploads/2026/05/favicon-moi-truong-do-thi-so-1-quang-ninh-180x180-1.png","bang-gia|bang-gia-hut-be-phot-quang-ninh-2026|blog|bon-cau-rut-cham-nguyen-nhan-3|cach-xu-ly-cong-thoat-nuoc-tac|cam-nang-thong-tac-cong-tai-ha-long|cau-hoi-thuong-gap-thong-tac-cong|chi-phi-hut-be-phot-quang-ninh-2|chinh-sach-bao-hanh|chinh-sach-bao-mat|chu-ky-hut-be-phot-3|dau-hieu-be-phot-can-hut|dieu-khoan-dich-vu|gia-thong-tac-bon-cau-quang-ninh|gioi-thieu|he-thong-lien-ket-doi-tac|hoa-chat-tu-thong-cong-3|hut-be-phot-24-7-quang-ninh-2026|hut-be-phot-ba-che-2|hut-be-phot-bai-chay|hut-be-phot-binh-lieu-2|hut-be-phot-cam-pha|hut-be-phot-co-to-2|hut-be-phot-dam-ha-2|hut-be-phot-dong-trieu|hut-be-phot-ha-long|hut-be-phot-hai-ha-2|hut-be-phot-khan-cap-quang-ninh-2026|hut-be-phot-mong-cai|hut-be-phot-quang-ninh|hut-be-phot-quang-yen|hut-be-phot-tien-yen-2|hut-be-phot-uong-bi|hut-be-phot-van-don|lien-he|mui-hoi-cong-nguyen-nhan-xu-ly-4|nao-vet-ho-ga|nao-vet-ho-ga-quang-ninh|nguyen-nhan-cong-tac-thuong-xuyen-ha-long|nguyen-song-hao|thong-tac-bon-cau-ban-dem-quang-ninh|thong-tac-bon-cau-bi-tac|thong-tac-bon-cau-cam-pha|thong-tac-bon-cau-dong-trieu|thong-tac-bon-cau-ha-long|thong-tac-bon-cau-khach-san-quang-ninh-2026|thong-tac-bon-cau-khan-cap-quang-ninh|thong-tac-bon-cau-khan-cap-quang-ninh-2|thong-tac-bon-cau-khong-duc-pha-quang-ninh|thong-tac-bon-cau-mong-cai|thong-tac-bon-cau-nha-dan-quang-ninh-2026|thong-tac-bon-cau-nha-hang-quang-ninh-2026|thong-tac-bon-cau-quang-ninh|thong-tac-bon-cau-quang-yen|thong-tac-bon-cau-uong-bi|thong-tac-bon-cau-van-don|thong-tac-chau-rua-quang-ninh|thong-tac-cong-bai-chay|thong-tac-cong-cam-pha|thong-tac-cong-cao-xanh|thong-tac-cong-chung-cu-ha-long|thong-tac-cong-dong-trieu|thong-tac-cong-gieng-day|thong-tac-cong-ha-long|thong-tac-cong-hong-gai-2|thong-tac-cong-mong-cai|thong-tac-cong-ngo-nho-ha-long|thong-tac-cong-nha-hang-ha-long|thong-tac-cong-quang-ninh|thong-tac-cong-quang-yen|thong-tac-cong-tuan-chau|thong-tac-cong-uong-bi|thong-tac-cong-van-don|trang-chu|xu-ly-mui-hoi-nha-ve-sinh|xu-ly-mui-hoi-quang-ninh"
"target","200","true","https://thongtaccongquangninh.com/","https://thongtaccongquangninh.com/","bang-gia|bang-gia-hut-be-phot-quang-ninh-2026|blog|bon-cau-rut-cham-nguyen-nhan-3|cach-xu-ly-cong-thoat-nuoc-tac|cam-nang-thong-tac-cong-tai-ha-long|cau-hoi-thuong-gap-thong-tac-cong|chi-phi-hut-be-phot-quang-ninh-2|chinh-sach-bao-hanh|chinh-sach-bao-mat|chu-ky-hut-be-phot-3|dau-hieu-be-phot-can-hut|dieu-khoan-dich-vu|gia-thong-tac-bon-cau-quang-ninh|gioi-thieu|he-thong-lien-ket-doi-tac|hoa-chat-tu-thong-cong-3|hut-be-phot-24-7-quang-ninh-2026|hut-be-phot-ba-che-2|hut-be-phot-bai-chay|hut-be-phot-binh-lieu-2|hut-be-phot-cam-pha|hut-be-phot-co-to-2|hut-be-phot-dam-ha-2|hut-be-phot-dong-trieu|hut-be-phot-ha-long|hut-be-phot-hai-ha-2|hut-be-phot-khan-cap-quang-ninh-2026|hut-be-phot-mong-cai|hut-be-phot-quang-ninh|hut-be-phot-quang-yen|hut-be-phot-tien-yen-2|hut-be-phot-uong-bi|hut-be-phot-van-don|lien-he|mui-hoi-cong-nguyen-nhan-xu-ly-4|nao-vet-ho-ga|nao-vet-ho-ga-quang-ninh|nguyen-nhan-cong-tac-thuong-xuyen-ha-long|nguyen-song-hao|thong-tac-bon-cau-ban-dem-quang-ninh|thong-tac-bon-cau-bi-tac|thong-tac-bon-cau-cam-pha|thong-tac-bon-cau-dong-trieu|thong-tac-bon-cau-ha-long|thong-tac-bon-cau-khach-san-quang-ninh-2026|thong-tac-bon-cau-khan-cap-quang-ninh|thong-tac-bon-cau-khan-cap-quang-ninh-2|thong-tac-bon-cau-khong-duc-pha-quang-ninh|thong-tac-bon-cau-mong-cai|thong-tac-bon-cau-nha-dan-quang-ninh-2026|thong-tac-bon-cau-nha-hang-quang-ninh-2026|thong-tac-bon-cau-quang-ninh|thong-tac-bon-cau-quang-yen|thong-tac-bon-cau-uong-bi|thong-tac-bon-cau-van-don|thong-tac-chau-rua-quang-ninh|thong-tac-cong-bai-chay|thong-tac-cong-cam-pha|thong-tac-cong-cao-xanh|thong-tac-cong-chung-cu-ha-long|thong-tac-cong-dong-trieu|thong-tac-cong-gieng-day|thong-tac-cong-ha-long|thong-tac-cong-hong-gai-2|thong-tac-cong-mong-cai|thong-tac-cong-ngo-nho-ha-long|thong-tac-cong-nha-hang-ha-long|thong-tac-cong-quang-ninh|thong-tac-cong-quang-yen|thong-tac-cong-tuan-chau|thong-tac-cong-uong-bi|thong-tac-cong-van-don|trang-chu|xu-ly-mui-hoi-nha-ve-sinh|xu-ly-mui-hoi-quang-ninh"
"target","200","true","https://thongtaccongquangninh.com/wp-content/plugins/ttcqn-home-emergency-renderer/assets/logo-moi-truong-do-thi-so-1-quang-ninh-header.png","https://thongtaccongquangninh.com/wp-content/plugins/ttcqn-home-emergency-renderer/assets/logo-moi-truong-do-thi-so-1-quang-ninh-header.png","bang-gia|bang-gia-hut-be-phot-quang-ninh-2026|blog|bon-cau-rut-cham-nguyen-nhan-3|cach-xu-ly-cong-thoat-nuoc-tac|cam-nang-thong-tac-cong-tai-ha-long|cau-hoi-thuong-gap-thong-tac-cong|chi-phi-hut-be-phot-quang-ninh-2|chinh-sach-bao-hanh|chinh-sach-bao-mat|chu-ky-hut-be-phot-3|dau-hieu-be-phot-can-hut|dieu-khoan-dich-vu|gia-thong-tac-bon-cau-quang-ninh|gioi-thieu|he-thong-lien-ket-doi-tac|hoa-chat-tu-thong-cong-3|hut-be-phot-24-7-quang-ninh-2026|hut-be-phot-ba-che-2|hut-be-phot-bai-chay|hut-be-phot-binh-lieu-2|hut-be-phot-cam-pha|hut-be-phot-co-to-2|hut-be-phot-dam-ha-2|hut-be-phot-dong-trieu|hut-be-phot-ha-long|hut-be-phot-hai-ha-2|hut-be-phot-khan-cap-quang-ninh-2026|hut-be-phot-mong-cai|hut-be-phot-quang-ninh|hut-be-phot-quang-yen|hut-be-phot-tien-yen-2|hut-be-phot-uong-bi|hut-be-phot-van-don|lien-he|mui-hoi-cong-nguyen-nhan-xu-ly-4|nao-vet-ho-ga|nao-vet-ho-ga-quang-ninh|nguyen-nhan-cong-tac-thuong-xuyen-ha-long|nguyen-song-hao|thong-tac-bon-cau-ban-dem-quang-ninh|thong-tac-bon-cau-bi-tac|thong-tac-bon-cau-cam-pha|thong-tac-bon-cau-dong-trieu|thong-tac-bon-cau-ha-long|thong-tac-bon-cau-khach-san-quang-ninh-2026|thong-tac-bon-cau-khan-cap-quang-ninh|thong-tac-bon-cau-khan-cap-quang-ninh-2|thong-tac-bon-cau-khong-duc-pha-quang-ninh|thong-tac-bon-cau-mong-cai|thong-tac-bon-cau-nha-dan-quang-ninh-2026|thong-tac-bon-cau-nha-hang-quang-ninh-2026|thong-tac-bon-cau-quang-ninh|thong-tac-bon-cau-quang-yen|thong-tac-bon-cau-uong-bi|thong-tac-bon-cau-van-don|thong-tac-chau-rua-quang-ninh|thong-tac-cong-bai-chay|thong-tac-cong-cam-pha|thong-tac-cong-cao-xanh|thong-tac-cong-chung-cu-ha-long|thong-tac-cong-dong-trieu|thong-tac-cong-gieng-day|thong-tac-cong-ha-long|thong-tac-cong-hong-gai-2|thong-tac-cong-mong-cai|thong-tac-cong-ngo-nho-ha-long|thong-tac-cong-nha-hang-ha-long|thong-tac-cong-quang-ninh|thong-tac-cong-quang-yen|thong-tac-cong-tuan-chau|thong-tac-cong-uong-bi|thong-tac-cong-van-don|trang-chu|xu-ly-mui-hoi-nha-ve-sinh|xu-ly-mui-hoi-quang-ninh"
"target","200","true","https://thongtaccongquangninh.com/hut-be-phot-quang-ninh/","https://thongtaccongquangninh.com/hut-be-phot-quang-ninh/","bang-gia|bang-gia-hut-be-phot-quang-ninh-2026|blog|bon-cau-rut-cham-nguyen-nhan-3|cach-xu-ly-cong-thoat-nuoc-tac|cam-nang-thong-tac-cong-tai-ha-long|cau-hoi-thuong-gap-thong-tac-cong|chi-phi-hut-be-phot-quang-ninh-2|chinh-sach-bao-hanh|chinh-sach-bao-mat|chu-ky-hut-be-phot-3|dau-hieu-be-phot-can-hut|dieu-khoan-dich-vu|gia-thong-tac-bon-cau-quang-ninh|gioi-thieu|he-thong-lien-ket-doi-tac|hoa-chat-tu-thong-cong-3|hut-be-phot-24-7-quang-ninh-2026|hut-be-phot-ba-che-2|hut-be-phot-bai-chay|hut-be-phot-binh-lieu-2|hut-be-phot-cam-pha|hut-be-phot-co-to-2|hut-be-phot-dam-ha-2|hut-be-phot-dong-trieu|hut-be-phot-ha-long|hut-be-phot-hai-ha-2|hut-be-phot-khan-cap-quang-ninh-2026|hut-be-phot-mong-cai|hut-be-phot-quang-ninh|hut-be-phot-quang-yen|hut-be-phot-tien-yen-2|hut-be-phot-uong-bi|hut-be-phot-van-don|lien-he|mui-hoi-cong-nguyen-nhan-xu-ly-4|nao-vet-ho-ga|nao-vet-ho-ga-quang-ninh|nguyen-nhan-cong-tac-thuong-xuyen-ha-long|nguyen-song-hao|thong-tac-bon-cau-ban-dem-quang-ninh|thong-tac-bon-cau-bi-tac|thong-tac-bon-cau-cam-pha|thong-tac-bon-cau-dong-trieu|thong-tac-bon-cau-ha-long|thong-tac-bon-cau-khach-san-quang-ninh-2026|thong-tac-bon-cau-khan-cap-quang-ninh|thong-tac-bon-cau-khan-cap-quang-ninh-2|thong-tac-bon-cau-khong-duc-pha-quang-ninh|thong-tac-bon-cau-mong-cai|thong-tac-bon-cau-nha-dan-quang-ninh-2026|thong-tac-bon-cau-nha-hang-quang-ninh-2026|thong-tac-bon-cau-quang-ninh|thong-tac-bon-cau-quang-yen|thong-tac-bon-cau-uong-bi|thong-tac-bon-cau-van-don|thong-tac-chau-rua-quang-ninh|thong-tac-cong-bai-chay|thong-tac-cong-cam-pha|thong-tac-cong-cao-xanh|thong-tac-cong-chung-cu-ha-long|thong-tac-cong-dong-trieu|thong-tac-cong-gieng-day|thong-tac-cong-ha-long|thong-tac-cong-hong-gai-2|thong-tac-cong-mong-cai|thong-tac-cong-ngo-nho-ha-long|thong-tac-cong-nha-hang-ha-long|thong-tac-cong-quang-ninh|thong-tac-cong-quang-yen|thong-tac-cong-tuan-chau|thong-tac-cong-uong-bi|thong-tac-cong-van-don|trang-chu|xu-ly-mui-hoi-nha-ve-sinh|xu-ly-mui-hoi-quang-ninh"
"target","200","true","https://thongtaccongquangninh.com/thong-tac-cong-quang-ninh/","https://thongtaccongquangninh.com/thong-tac-cong-quang-ninh/","bang-gia|bang-gia-hut-be-phot-quang-ninh-2026|blog|bon-cau-rut-cham-nguyen-nhan-3|cach-xu-ly-cong-thoat-nuoc-tac|cam-nang-thong-tac-cong-tai-ha-long|cau-hoi-thuong-gap-thong-tac-cong|chi-phi-hut-be-phot-quang-ninh-2|chinh-sach-bao-hanh|chinh-sach-bao-mat|chu-ky-hut-be-phot-3|dau-hieu-be-phot-can-hut|dieu-khoan-dich-vu|gia-thong-tac-bon-cau-quang-ninh|gioi-thieu|he-thong-lien-ket-doi-tac|hoa-chat-tu-thong-cong-3|hut-be-phot-24-7-quang-ninh-2026|hut-be-phot-ba-che-2|hut-be-phot-bai-chay|hut-be-phot-binh-lieu-2|hut-be-phot-cam-pha|hut-be-phot-co-to-2|hut-be-phot-dam-ha-2|hut-be-phot-dong-trieu|hut-be-phot-ha-long|hut-be-phot-hai-ha-2|hut-be-phot-khan-cap-quang-ninh-2026|hut-be-phot-mong-cai|hut-be-phot-quang-ninh|hut-be-phot-quang-yen|hut-be-phot-tien-yen-2|hut-be-phot-uong-bi|hut-be-phot-van-don|lien-he|mui-hoi-cong-nguyen-nhan-xu-ly-4|nao-vet-ho-ga|nao-vet-ho-ga-quang-ninh|nguyen-nhan-cong-tac-thuong-xuyen-ha-long|nguyen-song-hao|thong-tac-bon-cau-ban-dem-quang-ninh|thong-tac-bon-cau-bi-tac|thong-tac-bon-cau-cam-pha|thong-tac-bon-cau-dong-trieu|thong-tac-bon-cau-ha-long|thong-tac-bon-cau-khach-san-quang-ninh-2026|thong-tac-bon-cau-khan-cap-quang-ninh|thong-tac-bon-cau-khan-cap-quang-ninh-2|thong-tac-bon-cau-khong-duc-pha-quang-ninh|thong-tac-bon-cau-mong-cai|thong-tac-bon-cau-nha-dan-quang-ninh-2026|thong-tac-bon-cau-nha-hang-quang-ninh-2026|thong-tac-bon-cau-quang-ninh|thong-tac-bon-cau-quang-yen|thong-tac-bon-cau-uong-bi|thong-tac-bon-cau-van-don|thong-tac-chau-rua-quang-ninh|thong-tac-cong-bai-chay|thong-tac-cong-cam-pha|thong-tac-cong-cao-xanh|thong-tac-cong-chung-cu-ha-long|thong-tac-cong-dong-trieu|thong-tac-cong-gieng-day|thong-tac-cong-ha-long|thong-tac-cong-hong-gai-2|thong-tac-cong-mong-cai|thong-tac-cong-ngo-nho-ha-long|thong-tac-cong-nha-hang-ha-long|thong-tac-cong-quang-ninh|thong-tac-cong-quang-yen|thong-tac-cong-tuan-chau|thong-tac-cong-uong-bi|thong-tac-cong-van-don|trang-chu|xu-ly-mui-hoi-nha-ve-sinh|xu-ly-mui-hoi-quang-ninh"
"target","200","true","https://thongtaccongquangninh.com/thong-tac-bon-cau-quang-ninh/","https://thongtaccongquangninh.com/thong-tac-bon-cau-quang-ninh/","bang-gia|bang-gia-hut-be-phot-quang-ninh-2026|blog|bon-cau-rut-cham-nguyen-nhan-3|cach-xu-ly-cong-thoat-nuoc-tac|cam-nang-thong-tac-cong-tai-ha-long|cau-hoi-thuong-gap-thong-tac-cong|chi-phi-hut-be-phot-quang-ninh-2|chinh-sach-bao-hanh|chinh-sach-bao-mat|chu-ky-hut-be-phot-3|dau-hieu-be-phot-can-hut|dieu-khoan-dich-vu|gia-thong-tac-bon-cau-quang-ninh|gioi-thieu|he-thong-lien-ket-doi-tac|hoa-chat-tu-thong-cong-3|hut-be-phot-24-7-quang-ninh-2026|hut-be-phot-ba-che-2|hut-be-phot-bai-chay|hut-be-phot-binh-lieu-2|hut-be-phot-cam-pha|hut-be-phot-co-to-2|hut-be-phot-dam-ha-2|hut-be-phot-dong-trieu|hut-be-phot-ha-long|hut-be-phot-hai-ha-2|hut-be-phot-khan-cap-quang-ninh-2026|hut-be-phot-mong-cai|hut-be-phot-quang-ninh|hut-be-phot-quang-yen|hut-be-phot-tien-yen-2|hut-be-phot-uong-bi|hut-be-phot-van-don|lien-he|mui-hoi-cong-nguyen-nhan-xu-ly-4|nao-vet-ho-ga|nao-vet-ho-ga-quang-ninh|nguyen-nhan-cong-tac-thuong-xuyen-ha-long|nguyen-song-hao|thong-tac-bon-cau-ban-dem-quang-ninh|thong-tac-bon-cau-bi-tac|thong-tac-bon-cau-cam-pha|thong-tac-bon-cau-dong-trieu|thong-tac-bon-cau-ha-long|thong-tac-bon-cau-khach-san-quang-ninh-2026|thong-tac-bon-cau-khan-cap-quang-ninh|thong-tac-bon-cau-khan-cap-quang-ninh-2|thong-tac-bon-cau-khong-duc-pha-quang-ninh|thong-tac-bon-cau-mong-cai|thong-tac-bon-cau-nha-dan-quang-ninh-2026|thong-tac-bon-cau-nha-hang-quang-ninh-2026|thong-tac-bon-cau-quang-ninh|thong-tac-bon-cau-quang-yen|thong-tac-bon-cau-uong-bi|thong-tac-bon-cau-van-don|thong-tac-chau-rua-quang-ninh|thong-tac-cong-bai-chay|thong-tac-cong-cam-pha|thong-tac-cong-cao-xanh|thong-tac-cong-chung-cu-ha-long|thong-tac-cong-dong-trieu|thong-tac-cong-gieng-day|thong-tac-cong-ha-long|thong-tac-cong-hong-gai-2|thong-tac-cong-mong-cai|thong-tac-cong-ngo-nho-ha-long|thong-tac-cong-nha-hang-ha-long|thong-tac-cong-quang-ninh|thong-tac-cong-quang-yen|thong-tac-cong-tuan-chau|thong-tac-cong-uong-bi|thong-tac-cong-van-don|trang-chu|xu-ly-mui-hoi-nha-ve-sinh|xu-ly-mui-hoi-quang-ninh"
"target","200","true","https://thongtaccongquangninh.com/nao-vet-ho-ga-quang-ninh/","https://thongtaccongquangninh.com/nao-vet-ho-ga-quang-ninh/","bang-gia|bang-gia-hut-be-phot-quang-ninh-2026|blog|bon-cau-rut-cham-nguyen-nhan-3|cach-xu-ly-cong-thoat-nuoc-tac|cam-nang-thong-tac-cong-tai-ha-long|cau-hoi-thuong-gap-thong-tac-cong|chi-phi-hut-be-phot-quang-ninh-2|chinh-sach-bao-hanh|chinh-sach-bao-mat|chu-ky-hut-be-phot-3|dau-hieu-be-phot-can-hut|dieu-khoan-dich-vu|gia-thong-tac-bon-cau-quang-ninh|gioi-thieu|he-thong-lien-ket-doi-tac|hoa-chat-tu-thong-cong-3|hut-be-phot-24-7-quang-ninh-2026|hut-be-phot-ba-che-2|hut-be-phot-bai-chay|hut-be-phot-binh-lieu-2|hut-be-phot-cam-pha|hut-be-phot-co-to-2|hut-be-phot-dam-ha-2|hut-be-phot-dong-trieu|hut-be-phot-ha-long|hut-be-phot-hai-ha-2|hut-be-phot-khan-cap-quang-ninh-2026|hut-be-phot-mong-cai|hut-be-phot-quang-ninh|hut-be-phot-quang-yen|hut-be-phot-tien-yen-2|hut-be-phot-uong-bi|hut-be-phot-van-don|lien-he|mui-hoi-cong-nguyen-nhan-xu-ly-4|nao-vet-ho-ga|nao-vet-ho-ga-quang-ninh|nguyen-nhan-cong-tac-thuong-xuyen-ha-long|nguyen-song-hao|thong-tac-bon-cau-ban-dem-quang-ninh|thong-tac-bon-cau-bi-tac|thong-tac-bon-cau-cam-pha|thong-tac-bon-cau-dong-trieu|thong-tac-bon-cau-ha-long|thong-tac-bon-cau-khach-san-quang-ninh-2026|thong-tac-bon-cau-khan-cap-quang-ninh|thong-tac-bon-cau-khan-cap-quang-ninh-2|thong-tac-bon-cau-khong-duc-pha-quang-ninh|thong-tac-bon-cau-mong-cai|thong-tac-bon-cau-nha-dan-quang-ninh-2026|thong-tac-bon-cau-nha-hang-quang-ninh-2026|thong-tac-bon-cau-quang-ninh|thong-tac-bon-cau-quang-yen|thong-tac-bon-cau-uong-bi|thong-tac-bon-cau-van-don|thong-tac-chau-rua-quang-ninh|thong-tac-cong-bai-chay|thong-tac-cong-cam-pha|thong-tac-cong-cao-xanh|thong-tac-cong-chung-cu-ha-long|thong-tac-cong-dong-trieu|thong-tac-cong-gieng-day|thong-tac-cong-ha-long|thong-tac-cong-hong-gai-2|thong-tac-cong-mong-cai|thong-tac-cong-ngo-nho-ha-long|thong-tac-cong-nha-hang-ha-long|thong-tac-cong-quang-ninh|thong-tac-cong-quang-yen|thong-tac-cong-tuan-chau|thong-tac-cong-uong-bi|thong-tac-cong-van-don|trang-chu|xu-ly-mui-hoi-nha-ve-sinh|xu-ly-mui-hoi-quang-ninh"
"target","200","true","https://thongtaccongquangninh.com/hut-be-phot-ha-long/","https://thongtaccongquangninh.com/hut-be-phot-ha-long/","bang-gia|bang-gia-hut-be-phot-quang-ninh-2026|blog|bon-cau-rut-cham-nguyen-nhan-3|cach-xu-ly-cong-thoat-nuoc-tac|cam-nang-thong-tac-cong-tai-ha-long|cau-hoi-thuong-gap-thong-tac-cong|chi-phi-hut-be-phot-quang-ninh-2|chinh-sach-bao-hanh|chinh-sach-bao-mat|chu-ky-hut-be-phot-3|dau-hieu-be-phot-can-hut|dieu-khoan-dich-vu|gia-thong-tac-bon-cau-quang-ninh|gioi-thieu|he-thong-lien-ket-doi-tac|hoa-chat-tu-thong-cong-3|hut-be-phot-24-7-quang-ninh-2026|hut-be-phot-ba-che-2|hut-be-phot-bai-chay|hut-be-phot-binh-lieu-2|hut-be-phot-cam-pha|hut-be-phot-co-to-2|hut-be-phot-dam-ha-2|hut-be-phot-dong-trieu|hut-be-phot-ha-long|hut-be-phot-hai-ha-2|hut-be-phot-khan-cap-quang-ninh-2026|hut-be-phot-mong-cai|hut-be-phot-quang-ninh|hut-be-phot-quang-yen|hut-be-phot-tien-yen-2|hut-be-phot-uong-bi|hut-be-phot-van-don|lien-he|mui-hoi-cong-nguyen-nhan-xu-ly-4|nao-vet-ho-ga|nao-vet-ho-ga-quang-ninh|nguyen-nhan-cong-tac-thuong-xuyen-ha-long|nguyen-song-hao|thong-tac-bon-cau-ban-dem-quang-ninh|thong-tac-bon-cau-bi-tac|thong-tac-bon-cau-cam-pha|thong-tac-bon-cau-dong-trieu|thong-tac-bon-cau-ha-long|thong-tac-bon-cau-khach-san-quang-ninh-2026|thong-tac-bon-cau-khan-cap-quang-ninh|thong-tac-bon-cau-khan-cap-quang-ninh-2|thong-tac-bon-cau-khong-duc-pha-quang-ninh|thong-tac-bon-cau-mong-cai|thong-tac-bon-cau-nha-dan-quang-ninh-2026|thong-tac-bon-cau-nha-hang-quang-ninh-2026|thong-tac-bon-cau-quang-ninh|thong-tac-bon-cau-quang-yen|thong-tac-bon-cau-uong-bi|thong-tac-bon-cau-van-don|thong-tac-chau-rua-quang-ninh|thong-tac-cong-bai-chay|thong-tac-cong-cam-pha|thong-tac-cong-cao-xanh|thong-tac-cong-chung-cu-ha-long|thong-tac-cong-dong-trieu|thong-tac-cong-gieng-day|thong-tac-cong-ha-long|thong-tac-cong-hong-gai-2|thong-tac-cong-mong-cai|thong-tac-cong-ngo-nho-ha-long|thong-tac-cong-nha-hang-ha-long|thong-tac-cong-quang-ninh|thong-tac-cong-quang-yen|thong-tac-cong-tuan-chau|thong-tac-cong-uong-bi|thong-tac-cong-van-don|trang-chu|xu-ly-mui-hoi-nha-ve-sinh|xu-ly-mui-hoi-quang-ninh"
"target","200","true","https://thongtaccongquangninh.com/hut-be-phot-cam-pha/","https://thongtaccongquangninh.com/hut-be-phot-cam-pha/","bang-gia|bang-gia-hut-be-phot-quang-ninh-2026|blog|bon-cau-rut-cham-nguyen-nhan-3|cach-xu-ly-cong-thoat-nuoc-tac|cam-nang-thong-tac-cong-tai-ha-long|cau-hoi-thuong-gap-thong-tac-cong|chi-phi-hut-be-phot-quang-ninh-2|chinh-sach-bao-hanh|chinh-sach-bao-mat|chu-ky-hut-be-phot-3|dau-hieu-be-phot-can-hut|dieu-khoan-dich-vu|gia-thong-tac-bon-cau-quang-ninh|gioi-thieu|he-thong-lien-ket-doi-tac|hoa-chat-tu-thong-cong-3|hut-be-phot-24-7-quang-ninh-2026|hut-be-phot-ba-che-2|hut-be-phot-bai-chay|hut-be-phot-binh-lieu-2|hut-be-phot-cam-pha|hut-be-phot-co-to-2|hut-be-phot-dam-ha-2|hut-be-phot-dong-trieu|hut-be-phot-ha-long|hut-be-phot-hai-ha-2|hut-be-phot-khan-cap-quang-ninh-2026|hut-be-phot-mong-cai|hut-be-phot-quang-ninh|hut-be-phot-quang-yen|hut-be-phot-tien-yen-2|hut-be-phot-uong-bi|hut-be-phot-van-don|lien-he|mui-hoi-cong-nguyen-nhan-xu-ly-4|nao-vet-ho-ga|nao-vet-ho-ga-quang-ninh|nguyen-nhan-cong-tac-thuong-xuyen-ha-long|nguyen-song-hao|thong-tac-bon-cau-ban-dem-quang-ninh|thong-tac-bon-cau-bi-tac|thong-tac-bon-cau-cam-pha|thong-tac-bon-cau-dong-trieu|thong-tac-bon-cau-ha-long|thong-tac-bon-cau-khach-san-quang-ninh-2026|thong-tac-bon-cau-khan-cap-quang-ninh|thong-tac-bon-cau-khan-cap-quang-ninh-2|thong-tac-bon-cau-khong-duc-pha-quang-ninh|thong-tac-bon-cau-mong-cai|thong-tac-bon-cau-nha-dan-quang-ninh-2026|thong-tac-bon-cau-nha-hang-quang-ninh-2026|thong-tac-bon-cau-quang-ninh|thong-tac-bon-cau-quang-yen|thong-tac-bon-cau-uong-bi|thong-tac-bon-cau-van-don|thong-tac-chau-rua-quang-ninh|thong-tac-cong-bai-chay|thong-tac-cong-cam-pha|thong-tac-cong-cao-xanh|thong-tac-cong-chung-cu-ha-long|thong-tac-cong-dong-trieu|thong-tac-cong-gieng-day|thong-tac-cong-ha-long|thong-tac-cong-hong-gai-2|thong-tac-cong-mong-cai|thong-tac-cong-ngo-nho-ha-long|thong-tac-cong-nha-hang-ha-long|thong-tac-cong-quang-ninh|thong-tac-cong-quang-yen|thong-tac-cong-tuan-chau|thong-tac-cong-uong-bi|thong-tac-cong-van-don|trang-chu|xu-ly-mui-hoi-nha-ve-sinh|xu-ly-mui-hoi-quang-ninh"
"target","200","true","https://thongtaccongquangninh.com/hut-be-phot-uong-bi/","https://thongtaccongquangninh.com/hut-be-phot-uong-bi/","bang-gia|bang-gia-hut-be-phot-quang-ninh-2026|blog|bon-cau-rut-cham-nguyen-nhan-3|cach-xu-ly-cong-thoat-nuoc-tac|cam-nang-thong-tac-cong-tai-ha-long|cau-hoi-thuong-gap-thong-tac-cong|chi-phi-hut-be-phot-quang-ninh-2|chinh-sach-bao-hanh|chinh-sach-bao-mat|chu-ky-hut-be-phot-3|dau-hieu-be-phot-can-hut|dieu-khoan-dich-vu|gia-thong-tac-bon-cau-quang-ninh|gioi-thieu|he-thong-lien-ket-doi-tac|hoa-chat-tu-thong-cong-3|hut-be-phot-24-7-quang-ninh-2026|hut-be-phot-ba-che-2|hut-be-phot-bai-chay|hut-be-phot-binh-lieu-2|hut-be-phot-cam-pha|hut-be-phot-co-to-2|hut-be-phot-dam-ha-2|hut-be-phot-dong-trieu|hut-be-phot-ha-long|hut-be-phot-hai-ha-2|hut-be-phot-khan-cap-quang-ninh-2026|hut-be-phot-mong-cai|hut-be-phot-quang-ninh|hut-be-phot-quang-yen|hut-be-phot-tien-yen-2|hut-be-phot-uong-bi|hut-be-phot-van-don|lien-he|mui-hoi-cong-nguyen-nhan-xu-ly-4|nao-vet-ho-ga|nao-vet-ho-ga-quang-ninh|nguyen-nhan-cong-tac-thuong-xuyen-ha-long|nguyen-song-hao|thong-tac-bon-cau-ban-dem-quang-ninh|thong-tac-bon-cau-bi-tac|thong-tac-bon-cau-cam-pha|thong-tac-bon-cau-dong-trieu|thong-tac-bon-cau-ha-long|thong-tac-bon-cau-khach-san-quang-ninh-2026|thong-tac-bon-cau-khan-cap-quang-ninh|thong-tac-bon-cau-khan-cap-quang-ninh-2|thong-tac-bon-cau-khong-duc-pha-quang-ninh|thong-tac-bon-cau-mong-cai|thong-tac-bon-cau-nha-dan-quang-ninh-2026|thong-tac-bon-cau-nha-hang-quang-ninh-2026|thong-tac-bon-cau-quang-ninh|thong-tac-bon-cau-quang-yen|thong-tac-bon-cau-uong-bi|thong-tac-bon-cau-van-don|thong-tac-chau-rua-quang-ninh|thong-tac-cong-bai-chay|thong-tac-cong-cam-pha|thong-tac-cong-cao-xanh|thong-tac-cong-chung-cu-ha-long|thong-tac-cong-dong-trieu|thong-tac-cong-gieng-day|thong-tac-cong-ha-long|thong-tac-cong-hong-gai-2|thong-tac-cong-mong-cai|thong-tac-cong-ngo-nho-ha-long|thong-tac-cong-nha-hang-ha-long|thong-tac-cong-quang-ninh|thong-tac-cong-quang-yen|thong-tac-cong-tuan-chau|thong-tac-cong-uong-bi|thong-tac-cong-van-don|trang-chu|xu-ly-mui-hoi-nha-ve-sinh|xu-ly-mui-hoi-quang-ninh"
"target","200","true","https://thongtaccongquangninh.com/hut-be-phot-quang-yen/","https://thongtaccongquangninh.com/hut-be-phot-quang-yen/","bang-gia|bang-gia-hut-be-phot-quang-ninh-2026|blog|bon-cau-rut-cham-nguyen-nhan-3|cach-xu-ly-cong-thoat-nuoc-tac|cam-nang-thong-tac-cong-tai-ha-long|cau-hoi-thuong-gap-thong-tac-cong|chi-phi-hut-be-phot-quang-ninh-2|chinh-sach-bao-hanh|chinh-sach-bao-mat|chu-ky-hut-be-phot-3|dau-hieu-be-phot-can-hut|dieu-khoan-dich-vu|gia-thong-tac-bon-cau-quang-ninh|gioi-thieu|he-thong-lien-ket-doi-tac|hoa-chat-tu-thong-cong-3|hut-be-phot-24-7-quang-ninh-2026|hut-be-phot-ba-che-2|hut-be-phot-bai-chay|hut-be-phot-binh-lieu-2|hut-be-phot-cam-pha|hut-be-phot-co-to-2|hut-be-phot-dam-ha-2|hut-be-phot-dong-trieu|hut-be-phot-ha-long|hut-be-phot-hai-ha-2|hut-be-phot-khan-cap-quang-ninh-2026|hut-be-phot-mong-cai|hut-be-phot-quang-ninh|hut-be-phot-quang-yen|hut-be-phot-tien-yen-2|hut-be-phot-uong-bi|hut-be-phot-van-don|lien-he|mui-hoi-cong-nguyen-nhan-xu-ly-4|nao-vet-ho-ga|nao-vet-ho-ga-quang-ninh|nguyen-nhan-cong-tac-thuong-xuyen-ha-long|nguyen-song-hao|thong-tac-bon-cau-ban-dem-quang-ninh|thong-tac-bon-cau-bi-tac|thong-tac-bon-cau-cam-pha|thong-tac-bon-cau-dong-trieu|thong-tac-bon-cau-ha-long|thong-tac-bon-cau-khach-san-quang-ninh-2026|thong-tac-bon-cau-khan-cap-quang-ninh|thong-tac-bon-cau-khan-cap-quang-ninh-2|thong-tac-bon-cau-khong-duc-pha-quang-ninh|thong-tac-bon-cau-mong-cai|thong-tac-bon-cau-nha-dan-quang-ninh-2026|thong-tac-bon-cau-nha-hang-quang-ninh-2026|thong-tac-bon-cau-quang-ninh|thong-tac-bon-cau-quang-yen|thong-tac-bon-cau-uong-bi|thong-tac-bon-cau-van-don|thong-tac-chau-rua-quang-ninh|thong-tac-cong-bai-chay|thong-tac-cong-cam-pha|thong-tac-cong-cao-xanh|thong-tac-cong-chung-cu-ha-long|thong-tac-cong-dong-trieu|thong-tac-cong-gieng-day|thong-tac-cong-ha-long|thong-tac-cong-hong-gai-2|thong-tac-cong-mong-cai|thong-tac-cong-ngo-nho-ha-long|thong-tac-cong-nha-hang-ha-long|thong-tac-cong-quang-ninh|thong-tac-cong-quang-yen|thong-tac-cong-tuan-chau|thong-tac-cong-uong-bi|thong-tac-cong-van-don|trang-chu|xu-ly-mui-hoi-nha-ve-sinh|xu-ly-mui-hoi-quang-ninh"
"target","200","true","https://thongtaccongquangninh.com/hut-be-phot-van-don/","https://thongtaccongquangninh.com/hut-be-phot-van-don/","bang-gia|bang-gia-hut-be-phot-quang-ninh-2026|blog|bon-cau-rut-cham-nguyen-nhan-3|cach-xu-ly-cong-thoat-nuoc-tac|cam-nang-thong-tac-cong-tai-ha-long|cau-hoi-thuong-gap-thong-tac-cong|chi-phi-hut-be-phot-quang-ninh-2|chinh-sach-bao-hanh|chinh-sach-bao-mat|chu-ky-hut-be-phot-3|dau-hieu-be-phot-can-hut|dieu-khoan-dich-vu|gia-thong-tac-bon-cau-quang-ninh|gioi-thieu|he-thong-lien-ket-doi-tac|hoa-chat-tu-thong-cong-3|hut-be-phot-24-7-quang-ninh-2026|hut-be-phot-ba-che-2|hut-be-phot-bai-chay|hut-be-phot-binh-lieu-2|hut-be-phot-cam-pha|hut-be-phot-co-to-2|hut-be-phot-dam-ha-2|hut-be-phot-dong-trieu|hut-be-phot-ha-long|hut-be-phot-hai-ha-2|hut-be-phot-khan-cap-quang-ninh-2026|hut-be-phot-mong-cai|hut-be-phot-quang-ninh|hut-be-phot-quang-yen|hut-be-phot-tien-yen-2|hut-be-phot-uong-bi|hut-be-phot-van-don|lien-he|mui-hoi-cong-nguyen-nhan-xu-ly-4|nao-vet-ho-ga|nao-vet-ho-ga-quang-ninh|nguyen-nhan-cong-tac-thuong-xuyen-ha-long|nguyen-song-hao|thong-tac-bon-cau-ban-dem-quang-ninh|thong-tac-bon-cau-bi-tac|thong-tac-bon-cau-cam-pha|thong-tac-bon-cau-dong-trieu|thong-tac-bon-cau-ha-long|thong-tac-bon-cau-khach-san-quang-ninh-2026|thong-tac-bon-cau-khan-cap-quang-ninh|thong-tac-bon-cau-khan-cap-quang-ninh-2|thong-tac-bon-cau-khong-duc-pha-quang-ninh|thong-tac-bon-cau-mong-cai|thong-tac-bon-cau-nha-dan-quang-ninh-2026|thong-tac-bon-cau-nha-hang-quang-ninh-2026|thong-tac-bon-cau-quang-ninh|thong-tac-bon-cau-quang-yen|thong-tac-bon-cau-uong-bi|thong-tac-bon-cau-van-don|thong-tac-chau-rua-quang-ninh|thong-tac-cong-bai-chay|thong-tac-cong-cam-pha|thong-tac-cong-cao-xanh|thong-tac-cong-chung-cu-ha-long|thong-tac-cong-dong-trieu|thong-tac-cong-gieng-day|thong-tac-cong-ha-long|thong-tac-cong-hong-gai-2|thong-tac-cong-mong-cai|thong-tac-cong-ngo-nho-ha-long|thong-tac-cong-nha-hang-ha-long|thong-tac-cong-quang-ninh|thong-tac-cong-quang-yen|thong-tac-cong-tuan-chau|thong-tac-cong-uong-bi|thong-tac-cong-van-don|trang-chu|xu-ly-mui-hoi-nha-ve-sinh|xu-ly-mui-hoi-quang-ninh"
"target","200","true","https://thongtaccongquangninh.com/blog/","https://thongtaccongquangninh.com/blog/","bang-gia|bang-gia-hut-be-phot-quang-ninh-2026|blog|bon-cau-rut-cham-nguyen-nhan-3|cach-xu-ly-cong-thoat-nuoc-tac|cam-nang-thong-tac-cong-tai-ha-long|cau-hoi-thuong-gap-thong-tac-cong|chi-phi-hut-be-phot-quang-ninh-2|chinh-sach-bao-hanh|chinh-sach-bao-mat|chu-ky-hut-be-phot-3|dau-hieu-be-phot-can-hut|dieu-khoan-dich-vu|gia-thong-tac-bon-cau-quang-ninh|gioi-thieu|he-thong-lien-ket-doi-tac|hoa-chat-tu-thong-cong-3|hut-be-phot-24-7-quang-ninh-2026|hut-be-phot-ba-che-2|hut-be-phot-bai-chay|hut-be-phot-binh-lieu-2|hut-be-phot-cam-pha|hut-be-phot-co-to-2|hut-be-phot-dam-ha-2|hut-be-phot-dong-trieu|hut-be-phot-ha-long|hut-be-phot-hai-ha-2|hut-be-phot-khan-cap-quang-ninh-2026|hut-be-phot-mong-cai|hut-be-phot-quang-ninh|hut-be-phot-quang-yen|hut-be-phot-tien-yen-2|hut-be-phot-uong-bi|hut-be-phot-van-don|lien-he|mui-hoi-cong-nguyen-nhan-xu-ly-4|nao-vet-ho-ga|nao-vet-ho-ga-quang-ninh|nguyen-nhan-cong-tac-thuong-xuyen-ha-long|nguyen-song-hao|thong-tac-bon-cau-ban-dem-quang-ninh|thong-tac-bon-cau-bi-tac|thong-tac-bon-cau-cam-pha|thong-tac-bon-cau-dong-trieu|thong-tac-bon-cau-ha-long|thong-tac-bon-cau-khach-san-quang-ninh-2026|thong-tac-bon-cau-khan-cap-quang-ninh|thong-tac-bon-cau-khan-cap-quang-ninh-2|thong-tac-bon-cau-khong-duc-pha-quang-ninh|thong-tac-bon-cau-mong-cai|thong-tac-bon-cau-nha-dan-quang-ninh-2026|thong-tac-bon-cau-nha-hang-quang-ninh-2026|thong-tac-bon-cau-quang-ninh|thong-tac-bon-cau-quang-yen|thong-tac-bon-cau-uong-bi|thong-tac-bon-cau-van-don|thong-tac-chau-rua-quang-ninh|thong-tac-cong-bai-chay|thong-tac-cong-cam-pha|thong-tac-cong-cao-xanh|thong-tac-cong-chung-cu-ha-long|thong-tac-cong-dong-trieu|thong-tac-cong-gieng-day|thong-tac-cong-ha-long|thong-tac-cong-hong-gai-2|thong-tac-cong-mong-cai|thong-tac-cong-ngo-nho-ha-long|thong-tac-cong-nha-hang-ha-long|thong-tac-cong-quang-ninh|thong-tac-cong-quang-yen|thong-tac-cong-tuan-chau|thong-tac-cong-uong-bi|thong-tac-cong-van-don|trang-chu|xu-ly-mui-hoi-nha-ve-sinh|xu-ly-mui-hoi-quang-ninh"
"target","200","true","https://thongtaccongquangninh.com/lien-he/","https://thongtaccongquangninh.com/lien-he/","bang-gia|bang-gia-hut-be-phot-quang-ninh-2026|blog|bon-cau-rut-cham-nguyen-nhan-3|cach-xu-ly-cong-thoat-nuoc-tac|cam-nang-thong-tac-cong-tai-ha-long|cau-hoi-thuong-gap-thong-tac-cong|chi-phi-hut-be-phot-quang-ninh-2|chinh-sach-bao-hanh|chinh-sach-bao-mat|chu-ky-hut-be-phot-3|dau-hieu-be-phot-can-hut|dieu-khoan-dich-vu|gia-thong-tac-bon-cau-quang-ninh|gioi-thieu|he-thong-lien-ket-doi-tac|hoa-chat-tu-thong-cong-3|hut-be-phot-24-7-quang-ninh-2026|hut-be-phot-ba-che-2|hut-be-phot-bai-chay|hut-be-phot-binh-lieu-2|hut-be-phot-cam-pha|hut-be-phot-co-to-2|hut-be-phot-dam-ha-2|hut-be-phot-dong-trieu|hut-be-phot-ha-long|hut-be-phot-hai-ha-2|hut-be-phot-khan-cap-quang-ninh-2026|hut-be-phot-mong-cai|hut-be-phot-quang-ninh|hut-be-phot-quang-yen|hut-be-phot-tien-yen-2|hut-be-phot-uong-bi|hut-be-phot-van-don|lien-he|mui-hoi-cong-nguyen-nhan-xu-ly-4|nao-vet-ho-ga|nao-vet-ho-ga-quang-ninh|nguyen-nhan-cong-tac-thuong-xuyen-ha-long|nguyen-song-hao|thong-tac-bon-cau-ban-dem-quang-ninh|thong-tac-bon-cau-bi-tac|thong-tac-bon-cau-cam-pha|thong-tac-bon-cau-dong-trieu|thong-tac-bon-cau-ha-long|thong-tac-bon-cau-khach-san-quang-ninh-2026|thong-tac-bon-cau-khan-cap-quang-ninh|thong-tac-bon-cau-khan-cap-quang-ninh-2|thong-tac-bon-cau-khong-duc-pha-quang-ninh|thong-tac-bon-cau-mong-cai|thong-tac-bon-cau-nha-dan-quang-ninh-2026|thong-tac-bon-cau-nha-hang-quang-ninh-2026|thong-tac-bon-cau-quang-ninh|thong-tac-bon-cau-quang-yen|thong-tac-bon-cau-uong-bi|thong-tac-bon-cau-van-don|thong-tac-chau-rua-quang-ninh|thong-tac-cong-bai-chay|thong-tac-cong-cam-pha|thong-tac-cong-cao-xanh|thong-tac-cong-chung-cu-ha-long|thong-tac-cong-dong-trieu|thong-tac-cong-gieng-day|thong-tac-cong-ha-long|thong-tac-cong-hong-gai-2|thong-tac-cong-mong-cai|thong-tac-cong-ngo-nho-ha-long|thong-tac-cong-nha-hang-ha-long|thong-tac-cong-quang-ninh|thong-tac-cong-quang-yen|thong-tac-cong-tuan-chau|thong-tac-cong-uong-bi|thong-tac-cong-van-don|trang-chu|xu-ly-mui-hoi-nha-ve-sinh|xu-ly-mui-hoi-quang-ninh"
"target","200","true","https://thongtaccongquangninh.com/wp-content/uploads/2026/05/logo-cong-ty-mobile-optimized.webp","https://thongtaccongquangninh.com/wp-content/uploads/2026/05/logo-cong-ty-mobile-optimized.webp","bang-gia|bang-gia-hut-be-phot-quang-ninh-2026|blog|bon-cau-rut-cham-nguyen-nhan-3|cach-xu-ly-cong-thoat-nuoc-tac|cam-nang-thong-tac-cong-tai-ha-long|cau-hoi-thuong-gap-thong-tac-cong|chi-phi-hut-be-phot-quang-ninh-2|chinh-sach-bao-hanh|chinh-sach-bao-mat|chu-ky-hut-be-phot-3|dau-hieu-be-phot-can-hut|dieu-khoan-dich-vu|gia-thong-tac-bon-cau-quang-ninh|gioi-thieu|he-thong-lien-ket-doi-tac|hoa-chat-tu-thong-cong-3|hut-be-phot-24-7-quang-ninh-2026|hut-be-phot-ba-che-2|hut-be-phot-bai-chay|hut-be-phot-binh-lieu-2|hut-be-phot-cam-pha|hut-be-phot-co-to-2|hut-be-phot-dam-ha-2|hut-be-phot-dong-trieu|hut-be-phot-ha-long|hut-be-phot-hai-ha-2|hut-be-phot-khan-cap-quang-ninh-2026|hut-be-phot-mong-cai|hut-be-phot-quang-ninh|hut-be-phot-quang-yen|hut-be-phot-tien-yen-2|hut-be-phot-uong-bi|hut-be-phot-van-don|lien-he|mui-hoi-cong-nguyen-nhan-xu-ly-4|nao-vet-ho-ga|nao-vet-ho-ga-quang-ninh|nguyen-nhan-cong-tac-thuong-xuyen-ha-long|nguyen-song-hao|thong-tac-bon-cau-ban-dem-quang-ninh|thong-tac-bon-cau-bi-tac|thong-tac-bon-cau-cam-pha|thong-tac-bon-cau-dong-trieu|thong-tac-bon-cau-ha-long|thong-tac-bon-cau-khach-san-quang-ninh-2026|thong-tac-bon-cau-khan-cap-quang-ninh|thong-tac-bon-cau-khan-cap-quang-ninh-2|thong-tac-bon-cau-khong-duc-pha-quang-ninh|thong-tac-bon-cau-mong-cai|thong-tac-bon-cau-nha-dan-quang-ninh-2026|thong-tac-bon-cau-nha-hang-quang-ninh-2026|thong-tac-bon-cau-quang-ninh|thong-tac-bon-cau-quang-yen|thong-tac-bon-cau-uong-bi|thong-tac-bon-cau-van-don|thong-tac-chau-rua-quang-ninh|thong-tac-cong-bai-chay|thong-tac-cong-cam-pha|thong-tac-cong-cao-xanh|thong-tac-cong-chung-cu-ha-long|thong-tac-cong-dong-trieu|thong-tac-cong-gieng-day|thong-tac-cong-ha-long|thong-tac-cong-hong-gai-2|thong-tac-cong-mong-cai|thong-tac-cong-ngo-nho-ha-long|thong-tac-cong-nha-hang-ha-long|thong-tac-cong-quang-ninh|thong-tac-cong-quang-yen|thong-tac-cong-tuan-chau|thong-tac-cong-uong-bi|thong-tac-cong-van-don|xu-ly-mui-hoi-nha-ve-sinh|xu-ly-mui-hoi-quang-ninh"
"target","200","true","https://thongtaccongquangninh.com/thong-tac-chau-rua-quang-ninh/","https://thongtaccongquangninh.com/thong-tac-chau-rua-quang-ninh/","bang-gia|bang-gia-hut-be-phot-quang-ninh-2026|blog|bon-cau-rut-cham-nguyen-nhan-3|cach-xu-ly-cong-thoat-nuoc-tac|cam-nang-thong-tac-cong-tai-ha-long|cau-hoi-thuong-gap-thong-tac-cong|chi-phi-hut-be-phot-quang-ninh-2|chinh-sach-bao-hanh|chinh-sach-bao-mat|chu-ky-hut-be-phot-3|dau-hieu-be-phot-can-hut|dieu-khoan-dich-vu|gia-thong-tac-bon-cau-quang-ninh|gioi-thieu|he-thong-lien-ket-doi-tac|hoa-chat-tu-thong-cong-3|hut-be-phot-24-7-quang-ninh-2026|hut-be-phot-ba-che-2|hut-be-phot-bai-chay|hut-be-phot-binh-lieu-2|hut-be-phot-cam-pha|hut-be-phot-co-to-2|hut-be-phot-dam-ha-2|hut-be-phot-dong-trieu|hut-be-phot-ha-long|hut-be-phot-hai-ha-2|hut-be-phot-khan-cap-quang-ninh-2026|hut-be-phot-mong-cai|hut-be-phot-quang-ninh|hut-be-phot-quang-yen|hut-be-phot-tien-yen-2|hut-be-phot-uong-bi|hut-be-phot-van-don|lien-he|mui-hoi-cong-nguyen-nhan-xu-ly-4|nao-vet-ho-ga|nao-vet-ho-ga-quang-ninh|nguyen-nhan-cong-tac-thuong-xuyen-ha-long|nguyen-song-hao|thong-tac-bon-cau-ban-dem-quang-ninh|thong-tac-bon-cau-bi-tac|thong-tac-bon-cau-cam-pha|thong-tac-bon-cau-dong-trieu|thong-tac-bon-cau-ha-long|thong-tac-bon-cau-khach-san-quang-ninh-2026|thong-tac-bon-cau-khan-cap-quang-ninh|thong-tac-bon-cau-khan-cap-quang-ninh-2|thong-tac-bon-cau-khong-duc-pha-quang-ninh|thong-tac-bon-cau-mong-cai|thong-tac-bon-cau-nha-dan-quang-ninh-2026|thong-tac-bon-cau-nha-hang-quang-ninh-2026|thong-tac-bon-cau-quang-ninh|thong-tac-bon-cau-quang-yen|thong-tac-bon-cau-uong-bi|thong-tac-bon-cau-van-don|thong-tac-chau-rua-quang-ninh|thong-tac-cong-bai-chay|thong-tac-cong-cam-pha|thong-tac-cong-cao-xanh|thong-tac-cong-chung-cu-ha-long|thong-tac-cong-dong-trieu|thong-tac-cong-gieng-day|thong-tac-cong-ha-long|thong-tac-cong-hong-gai-2|thong-tac-cong-mong-cai|thong-tac-cong-ngo-nho-ha-long|thong-tac-cong-nha-hang-ha-long|thong-tac-cong-quang-ninh|thong-tac-cong-quang-yen|thong-tac-cong-tuan-chau|thong-tac-cong-uong-bi|thong-tac-cong-van-don|trang-chu|xu-ly-mui-hoi-nha-ve-sinh|xu-ly-mui-hoi-quang-ninh"
"target","200","true","https://thongtaccongquangninh.com/hut-be-phot-mong-cai/","https://thongtaccongquangninh.com/hut-be-phot-mong-cai/","bang-gia|bang-gia-hut-be-phot-quang-ninh-2026|blog|bon-cau-rut-cham-nguyen-nhan-3|cach-xu-ly-cong-thoat-nuoc-tac|cam-nang-thong-tac-cong-tai-ha-long|cau-hoi-thuong-gap-thong-tac-cong|chi-phi-hut-be-phot-quang-ninh-2|chinh-sach-bao-hanh|chinh-sach-bao-mat|chu-ky-hut-be-phot-3|dau-hieu-be-phot-can-hut|dieu-khoan-dich-vu|gia-thong-tac-bon-cau-quang-ninh|gioi-thieu|he-thong-lien-ket-doi-tac|hoa-chat-tu-thong-cong-3|hut-be-phot-24-7-quang-ninh-2026|hut-be-phot-ba-che-2|hut-be-phot-bai-chay|hut-be-phot-binh-lieu-2|hut-be-phot-cam-pha|hut-be-phot-co-to-2|hut-be-phot-dam-ha-2|hut-be-phot-dong-trieu|hut-be-phot-ha-long|hut-be-phot-hai-ha-2|hut-be-phot-khan-cap-quang-ninh-2026|hut-be-phot-mong-cai|hut-be-phot-quang-ninh|hut-be-phot-quang-yen|hut-be-phot-tien-yen-2|hut-be-phot-uong-bi|hut-be-phot-van-don|lien-he|mui-hoi-cong-nguyen-nhan-xu-ly-4|nao-vet-ho-ga|nao-vet-ho-ga-quang-ninh|nguyen-nhan-cong-tac-thuong-xuyen-ha-long|nguyen-song-hao|thong-tac-bon-cau-ban-dem-quang-ninh|thong-tac-bon-cau-bi-tac|thong-tac-bon-cau-cam-pha|thong-tac-bon-cau-dong-trieu|thong-tac-bon-cau-ha-long|thong-tac-bon-cau-khach-san-quang-ninh-2026|thong-tac-bon-cau-khan-cap-quang-ninh|thong-tac-bon-cau-khan-cap-quang-ninh-2|thong-tac-bon-cau-khong-duc-pha-quang-ninh|thong-tac-bon-cau-mong-cai|thong-tac-bon-cau-nha-dan-quang-ninh-2026|thong-tac-bon-cau-nha-hang-quang-ninh-2026|thong-tac-bon-cau-quang-ninh|thong-tac-bon-cau-quang-yen|thong-tac-bon-cau-uong-bi|thong-tac-bon-cau-van-don|thong-tac-chau-rua-quang-ninh|thong-tac-cong-bai-chay|thong-tac-cong-cam-pha|thong-tac-cong-cao-xanh|thong-tac-cong-chung-cu-ha-long|thong-tac-cong-dong-trieu|thong-tac-cong-gieng-day|thong-tac-cong-ha-long|thong-tac-cong-hong-gai-2|thong-tac-cong-mong-cai|thong-tac-cong-ngo-nho-ha-long|thong-tac-cong-nha-hang-ha-long|thong-tac-cong-quang-ninh|thong-tac-cong-quang-yen|thong-tac-cong-tuan-chau|thong-tac-cong-uong-bi|thong-tac-cong-van-don|trang-chu|xu-ly-mui-hoi-nha-ve-sinh|xu-ly-mui-hoi-quang-ninh"
"target","200","true","https://thongtaccongquangninh.com/hut-be-phot-dong-trieu/","https://thongtaccongquangninh.com/hut-be-phot-dong-trieu/","bang-gia|bang-gia-hut-be-phot-quang-ninh-2026|blog|bon-cau-rut-cham-nguyen-nhan-3|cach-xu-ly-cong-thoat-nuoc-tac|cam-nang-thong-tac-cong-tai-ha-long|cau-hoi-thuong-gap-thong-tac-cong|chi-phi-hut-be-phot-quang-ninh-2|chinh-sach-bao-hanh|chinh-sach-bao-mat|chu-ky-hut-be-phot-3|dau-hieu-be-phot-can-hut|dieu-khoan-dich-vu|gia-thong-tac-bon-cau-quang-ninh|gioi-thieu|he-thong-lien-ket-doi-tac|hoa-chat-tu-thong-cong-3|hut-be-phot-24-7-quang-ninh-2026|hut-be-phot-ba-che-2|hut-be-phot-bai-chay|hut-be-phot-binh-lieu-2|hut-be-phot-cam-pha|hut-be-phot-co-to-2|hut-be-phot-dam-ha-2|hut-be-phot-dong-trieu|hut-be-phot-ha-long|hut-be-phot-hai-ha-2|hut-be-phot-khan-cap-quang-ninh-2026|hut-be-phot-mong-cai|hut-be-phot-quang-ninh|hut-be-phot-quang-yen|hut-be-phot-tien-yen-2|hut-be-phot-uong-bi|hut-be-phot-van-don|lien-he|mui-hoi-cong-nguyen-nhan-xu-ly-4|nao-vet-ho-ga|nao-vet-ho-ga-quang-ninh|nguyen-nhan-cong-tac-thuong-xuyen-ha-long|nguyen-song-hao|thong-tac-bon-cau-ban-dem-quang-ninh|thong-tac-bon-cau-bi-tac|thong-tac-bon-cau-cam-pha|thong-tac-bon-cau-dong-trieu|thong-tac-bon-cau-ha-long|thong-tac-bon-cau-khach-san-quang-ninh-2026|thong-tac-bon-cau-khan-cap-quang-ninh|thong-tac-bon-cau-khan-cap-quang-ninh-2|thong-tac-bon-cau-khong-duc-pha-quang-ninh|thong-tac-bon-cau-mong-cai|thong-tac-bon-cau-nha-dan-quang-ninh-2026|thong-tac-bon-cau-nha-hang-quang-ninh-2026|thong-tac-bon-cau-quang-ninh|thong-tac-bon-cau-quang-yen|thong-tac-bon-cau-uong-bi|thong-tac-bon-cau-van-don|thong-tac-chau-rua-quang-ninh|thong-tac-cong-bai-chay|thong-tac-cong-cam-pha|thong-tac-cong-cao-xanh|thong-tac-cong-chung-cu-ha-long|thong-tac-cong-dong-trieu|thong-tac-cong-gieng-day|thong-tac-cong-ha-long|thong-tac-cong-hong-gai-2|thong-tac-cong-mong-cai|thong-tac-cong-ngo-nho-ha-long|thong-tac-cong-nha-hang-ha-long|thong-tac-cong-quang-ninh|thong-tac-cong-quang-yen|thong-tac-cong-tuan-chau|thong-tac-cong-uong-bi|thong-tac-cong-van-don|trang-chu|xu-ly-mui-hoi-nha-ve-sinh|xu-ly-mui-hoi-quang-ninh"
"target","200","true","https://thongtaccongquangninh.com/?page_id=59","https://thongtaccongquangninh.com/?page_id=59","bang-gia|bang-gia-hut-be-phot-quang-ninh-2026|blog|bon-cau-rut-cham-nguyen-nhan-3|cach-xu-ly-cong-thoat-nuoc-tac|cam-nang-thong-tac-cong-tai-ha-long|cau-hoi-thuong-gap-thong-tac-cong|chi-phi-hut-be-phot-quang-ninh-2|chinh-sach-bao-hanh|chinh-sach-bao-mat|chu-ky-hut-be-phot-3|dau-hieu-be-phot-can-hut|dieu-khoan-dich-vu|gia-thong-tac-bon-cau-quang-ninh|gioi-thieu|he-thong-lien-ket-doi-tac|hoa-chat-tu-thong-cong-3|hut-be-phot-24-7-quang-ninh-2026|hut-be-phot-ba-che-2|hut-be-phot-bai-chay|hut-be-phot-binh-lieu-2|hut-be-phot-cam-pha|hut-be-phot-co-to-2|hut-be-phot-dam-ha-2|hut-be-phot-dong-trieu|hut-be-phot-ha-long|hut-be-phot-hai-ha-2|hut-be-phot-khan-cap-quang-ninh-2026|hut-be-phot-mong-cai|hut-be-phot-quang-ninh|hut-be-phot-quang-yen|hut-be-phot-tien-yen-2|hut-be-phot-uong-bi|hut-be-phot-van-don|lien-he|mui-hoi-cong-nguyen-nhan-xu-ly-4|nao-vet-ho-ga|nao-vet-ho-ga-quang-ninh|nguyen-nhan-cong-tac-thuong-xuyen-ha-long|nguyen-song-hao|thong-tac-bon-cau-ban-dem-quang-ninh|thong-tac-bon-cau-bi-tac|thong-tac-bon-cau-cam-pha|thong-tac-bon-cau-dong-trieu|thong-tac-bon-cau-ha-long|thong-tac-bon-cau-khach-san-quang-ninh-2026|thong-tac-bon-cau-khan-cap-quang-ninh|thong-tac-bon-cau-khan-cap-quang-ninh-2|thong-tac-bon-cau-khong-duc-pha-quang-ninh|thong-tac-bon-cau-mong-cai|thong-tac-bon-cau-nha-dan-quang-ninh-2026|thong-tac-bon-cau-nha-hang-quang-ninh-2026|thong-tac-bon-cau-quang-ninh|thong-tac-bon-cau-quang-yen|thong-tac-bon-cau-uong-bi|thong-tac-bon-cau-van-don|thong-tac-chau-rua-quang-ninh|thong-tac-cong-bai-chay|thong-tac-cong-cam-pha|thong-tac-cong-cao-xanh|thong-tac-cong-chung-cu-ha-long|thong-tac-cong-dong-trieu|thong-tac-cong-gieng-day|thong-tac-cong-ha-long|thong-tac-cong-hong-gai-2|thong-tac-cong-mong-cai|thong-tac-cong-ngo-nho-ha-long|thong-tac-cong-nha-hang-ha-long|thong-tac-cong-quang-ninh|thong-tac-cong-quang-yen|thong-tac-cong-tuan-chau|thong-tac-cong-uong-bi|thong-tac-cong-van-don|xu-ly-mui-hoi-nha-ve-sinh|xu-ly-mui-hoi-quang-ninh"
"target","200","true","https://thongtaccongquangninh.com/wp-content/plugins/ttcqn-home-emergency-renderer/assets/septic-truck-real.webp","https://thongtaccongquangninh.com/wp-content/plugins/ttcqn-home-emergency-renderer/assets/septic-truck-real.webp","bang-gia|bang-gia-hut-be-phot-quang-ninh-2026|blog|bon-cau-rut-cham-nguyen-nhan-3|cach-xu-ly-cong-thoat-nuoc-tac|cam-nang-thong-tac-cong-tai-ha-long|cau-hoi-thuong-gap-thong-tac-cong|chi-phi-hut-be-phot-quang-ninh-2|chinh-sach-bao-hanh|chinh-sach-bao-mat|chu-ky-hut-be-phot-3|dau-hieu-be-phot-can-hut|dieu-khoan-dich-vu|gia-thong-tac-bon-cau-quang-ninh|gioi-thieu|he-thong-lien-ket-doi-tac|hoa-chat-tu-thong-cong-3|hut-be-phot-24-7-quang-ninh-2026|hut-be-phot-ba-che-2|hut-be-phot-bai-chay|hut-be-phot-binh-lieu-2|hut-be-phot-cam-pha|hut-be-phot-co-to-2|hut-be-phot-dam-ha-2|hut-be-phot-dong-trieu|hut-be-phot-ha-long|hut-be-phot-hai-ha-2|hut-be-phot-khan-cap-quang-ninh-2026|hut-be-phot-mong-cai|hut-be-phot-quang-ninh|hut-be-phot-quang-yen|hut-be-phot-tien-yen-2|hut-be-phot-uong-bi|hut-be-phot-van-don|lien-he|mui-hoi-cong-nguyen-nhan-xu-ly-4|nao-vet-ho-ga|nao-vet-ho-ga-quang-ninh|nguyen-nhan-cong-tac-thuong-xuyen-ha-long|nguyen-song-hao|thong-tac-bon-cau-ban-dem-quang-ninh|thong-tac-bon-cau-bi-tac|thong-tac-bon-cau-cam-pha|thong-tac-bon-cau-dong-trieu|thong-tac-bon-cau-ha-long|thong-tac-bon-cau-khach-san-quang-ninh-2026|thong-tac-bon-cau-khan-cap-quang-ninh|thong-tac-bon-cau-khan-cap-quang-ninh-2|thong-tac-bon-cau-khong-duc-pha-quang-ninh|thong-tac-bon-cau-mong-cai|thong-tac-bon-cau-nha-dan-quang-ninh-2026|thong-tac-bon-cau-nha-hang-quang-ninh-2026|thong-tac-bon-cau-quang-ninh|thong-tac-bon-cau-quang-yen|thong-tac-bon-cau-uong-bi|thong-tac-bon-cau-van-don|thong-tac-chau-rua-quang-ninh|thong-tac-cong-bai-chay|thong-tac-cong-cam-pha|thong-tac-cong-cao-xanh|thong-tac-cong-chung-cu-ha-long|thong-tac-cong-dong-trieu|thong-tac-cong-gieng-day|thong-tac-cong-ha-long|thong-tac-cong-hong-gai-2|thong-tac-cong-mong-cai|thong-tac-cong-ngo-nho-ha-long|thong-tac-cong-nha-hang-ha-long|thong-tac-cong-quang-ninh|thong-tac-cong-quang-yen|thong-tac-cong-tuan-chau|thong-tac-cong-uong-bi|thong-tac-cong-van-don|trang-chu|xu-ly-mui-hoi-nha-ve-sinh|xu-ly-mui-hoi-quang-ninh"
"target","200","true","https://thongtaccongquangninh.com/wp-content/plugins/ttcqn-home-emergency-renderer/assets/hero-worker-tho-thong-tac-cong-quang-ninh.webp","https://thongtaccongquangninh.com/wp-content/plugins/ttcqn-home-emergency-renderer/assets/hero-worker-tho-thong-tac-cong-quang-ninh.webp","bang-gia|bang-gia-hut-be-phot-quang-ninh-2026|blog|bon-cau-rut-cham-nguyen-nhan-3|cach-xu-ly-cong-thoat-nuoc-tac|cam-nang-thong-tac-cong-tai-ha-long|cau-hoi-thuong-gap-thong-tac-cong|chi-phi-hut-be-phot-quang-ninh-2|chinh-sach-bao-hanh|chinh-sach-bao-mat|chu-ky-hut-be-phot-3|dau-hieu-be-phot-can-hut|dieu-khoan-dich-vu|gia-thong-tac-bon-cau-quang-ninh|gioi-thieu|he-thong-lien-ket-doi-tac|hoa-chat-tu-thong-cong-3|hut-be-phot-24-7-quang-ninh-2026|hut-be-phot-ba-che-2|hut-be-phot-bai-chay|hut-be-phot-binh-lieu-2|hut-be-phot-cam-pha|hut-be-phot-co-to-2|hut-be-phot-dam-ha-2|hut-be-phot-dong-trieu|hut-be-phot-ha-long|hut-be-phot-hai-ha-2|hut-be-phot-khan-cap-quang-ninh-2026|hut-be-phot-mong-cai|hut-be-phot-quang-ninh|hut-be-phot-quang-yen|hut-be-phot-tien-yen-2|hut-be-phot-uong-bi|hut-be-phot-van-don|lien-he|mui-hoi-cong-nguyen-nhan-xu-ly-4|nao-vet-ho-ga|nao-vet-ho-ga-quang-ninh|nguyen-nhan-cong-tac-thuong-xuyen-ha-long|nguyen-song-hao|thong-tac-bon-cau-ban-dem-quang-ninh|thong-tac-bon-cau-bi-tac|thong-tac-bon-cau-cam-pha|thong-tac-bon-cau-dong-trieu|thong-tac-bon-cau-ha-long|thong-tac-bon-cau-khach-san-quang-ninh-2026|thong-tac-bon-cau-khan-cap-quang-ninh|thong-tac-bon-cau-khan-cap-quang-ninh-2|thong-tac-bon-cau-khong-duc-pha-quang-ninh|thong-tac-bon-cau-mong-cai|thong-tac-bon-cau-nha-dan-quang-ninh-2026|thong-tac-bon-cau-nha-hang-quang-ninh-2026|thong-tac-bon-cau-quang-ninh|thong-tac-bon-cau-quang-yen|thong-tac-bon-cau-uong-bi|thong-tac-bon-cau-van-don|thong-tac-chau-rua-quang-ninh|thong-tac-cong-bai-chay|thong-tac-cong-cam-pha|thong-tac-cong-cao-xanh|thong-tac-cong-chung-cu-ha-long|thong-tac-cong-dong-trieu|thong-tac-cong-gieng-day|thong-tac-cong-ha-long|thong-tac-cong-hong-gai-2|thong-tac-cong-mong-cai|thong-tac-cong-ngo-nho-ha-long|thong-tac-cong-nha-hang-ha-long|thong-tac-cong-quang-ninh|thong-tac-cong-quang-yen|thong-tac-cong-tuan-chau|thong-tac-cong-uong-bi|thong-tac-cong-van-don|trang-chu|xu-ly-mui-hoi-nha-ve-sinh|xu-ly-mui-hoi-quang-ninh"
"target","200","true","https://thongtaccongquangninh.com/wp-content/uploads/2026/04/doi-ngu-ky-thuat-moi-truong-do-thi-quang-ninh-01.webp","https://thongtaccongquangninh.com/wp-content/uploads/2026/04/doi-ngu-ky-thuat-moi-truong-do-thi-quang-ninh-01.webp","bang-gia"
"target","200","true","https://thongtaccongquangninh.com/wp-content/uploads/2026/05/bang-gia-xe-bon-hut-be-phot-tai-nha-dan-o-quang-ninh-1.webp","https://thongtaccongquangninh.com/wp-content/uploads/2026/05/bang-gia-xe-bon-hut-be-phot-tai-nha-dan-o-quang-ninh-1.webp","bang-gia"
"target","200","true","https://thongtaccongquangninh.com/thong-tac-cong-ha-long/","https://thongtaccongquangninh.com/thong-tac-cong-ha-long/","bang-gia|cam-nang-thong-tac-cong-tai-ha-long|hut-be-phot-bai-chay|hut-be-phot-ha-long|nguyen-nhan-cong-tac-thuong-xuyen-ha-long|thong-tac-chau-rua-quang-ninh|thong-tac-cong-bai-chay|thong-tac-cong-cao-xanh|thong-tac-cong-chung-cu-ha-long|thong-tac-cong-dong-trieu|thong-tac-cong-gieng-day|thong-tac-cong-ha-long|thong-tac-cong-mong-cai|thong-tac-cong-ngo-nho-ha-long|thong-tac-cong-quang-ninh|thong-tac-cong-tuan-chau|thong-tac-cong-van-don"
"target","200","true","https://thongtaccongquangninh.com/thong-tac-bon-cau-ha-long/","https://thongtaccongquangninh.com/thong-tac-bon-cau-ha-long/","bang-gia|cam-nang-thong-tac-cong-tai-ha-long|hut-be-phot-bai-chay|thong-tac-bon-cau-ha-long|thong-tac-cong-bai-chay|thong-tac-cong-cao-xanh|thong-tac-cong-gieng-day|thong-tac-cong-ngo-nho-ha-long|thong-tac-cong-tuan-chau"
"target","200","true","https://thongtaccongquangninh.com/wp-content/uploads/2026/05/bang-gia-tho-keo-ong-hut-be-phot-vao-ngo-sau-tai-quang-ninh-2.webp","https://thongtaccongquangninh.com/wp-content/uploads/2026/05/bang-gia-tho-keo-ong-hut-be-phot-vao-ngo-sau-tai-quang-ninh-2.webp","bang-gia"
"target","200","true","https://thongtaccongquangninh.com/xu-ly-mui-hoi-quang-ninh/","https://thongtaccongquangninh.com/xu-ly-mui-hoi-quang-ninh/","bang-gia|bang-gia-hut-be-phot-quang-ninh-2026|blog|bon-cau-rut-cham-nguyen-nhan-3|cach-xu-ly-cong-thoat-nuoc-tac|cam-nang-thong-tac-cong-tai-ha-long|cau-hoi-thuong-gap-thong-tac-cong|chi-phi-hut-be-phot-quang-ninh-2|chinh-sach-bao-hanh|chinh-sach-bao-mat|chu-ky-hut-be-phot-3|dau-hieu-be-phot-can-hut|dieu-khoan-dich-vu|gia-thong-tac-bon-cau-quang-ninh|gioi-thieu|he-thong-lien-ket-doi-tac|hoa-chat-tu-thong-cong-3|hut-be-phot-24-7-quang-ninh-2026|hut-be-phot-ba-che-2|hut-be-phot-bai-chay|hut-be-phot-binh-lieu-2|hut-be-phot-cam-pha|hut-be-phot-co-to-2|hut-be-phot-dam-ha-2|hut-be-phot-dong-trieu|hut-be-phot-ha-long|hut-be-phot-hai-ha-2|hut-be-phot-khan-cap-quang-ninh-2026|hut-be-phot-mong-cai|hut-be-phot-quang-ninh|hut-be-phot-quang-yen|hut-be-phot-tien-yen-2|hut-be-phot-uong-bi|hut-be-phot-van-don|lien-he|mui-hoi-cong-nguyen-nhan-xu-ly-4|nao-vet-ho-ga|nao-vet-ho-ga-quang-ninh|nguyen-nhan-cong-tac-thuong-xuyen-ha-long|nguyen-song-hao|thong-tac-bon-cau-ban-dem-quang-ninh|thong-tac-bon-cau-bi-tac|thong-tac-bon-cau-cam-pha|thong-tac-bon-cau-dong-trieu|thong-tac-bon-cau-ha-long|thong-tac-bon-cau-khach-san-quang-ninh-2026|thong-tac-bon-cau-khan-cap-quang-ninh|thong-tac-bon-cau-khan-cap-quang-ninh-2|thong-tac-bon-cau-khong-duc-pha-quang-ninh|thong-tac-bon-cau-mong-cai|thong-tac-bon-cau-nha-dan-quang-ninh-2026|thong-tac-bon-cau-nha-hang-quang-ninh-2026|thong-tac-bon-cau-quang-ninh|thong-tac-bon-cau-quang-yen|thong-tac-bon-cau-uong-bi|thong-tac-bon-cau-van-don|thong-tac-chau-rua-quang-ninh|thong-tac-cong-bai-chay|thong-tac-cong-cam-pha|thong-tac-cong-cao-xanh|thong-tac-cong-chung-cu-ha-long|thong-tac-cong-dong-trieu|thong-tac-cong-gieng-day|thong-tac-cong-ha-long|thong-tac-cong-hong-gai-2|thong-tac-cong-mong-cai|thong-tac-cong-ngo-nho-ha-long|thong-tac-cong-nha-hang-ha-long|thong-tac-cong-quang-ninh|thong-tac-cong-quang-yen|thong-tac-cong-tuan-chau|thong-tac-cong-uong-bi|thong-tac-cong-van-don|trang-chu|xu-ly-mui-hoi-nha-ve-sinh|xu-ly-mui-hoi-quang-ninh"
"target","200","true","https://www.facebook.com/thongtacconghalong24h","https://www.facebook.com/thongtacconghalong24h","bang-gia|bang-gia-hut-be-phot-quang-ninh-2026|blog|bon-cau-rut-cham-nguyen-nhan-3|cach-xu-ly-cong-thoat-nuoc-tac|cam-nang-thong-tac-cong-tai-ha-long|cau-hoi-thuong-gap-thong-tac-cong|chi-phi-hut-be-phot-quang-ninh-2|chinh-sach-bao-hanh|chinh-sach-bao-mat|chu-ky-hut-be-phot-3|dau-hieu-be-phot-can-hut|dieu-khoan-dich-vu|gia-thong-tac-bon-cau-quang-ninh|gioi-thieu|he-thong-lien-ket-doi-tac|hoa-chat-tu-thong-cong-3|hut-be-phot-24-7-quang-ninh-2026|hut-be-phot-ba-che-2|hut-be-phot-bai-chay|hut-be-phot-binh-lieu-2|hut-be-phot-cam-pha|hut-be-phot-co-to-2|hut-be-phot-dam-ha-2|hut-be-phot-dong-trieu|hut-be-phot-ha-long|hut-be-phot-hai-ha-2|hut-be-phot-khan-cap-quang-ninh-2026|hut-be-phot-mong-cai|hut-be-phot-quang-ninh|hut-be-phot-quang-yen|hut-be-phot-tien-yen-2|hut-be-phot-uong-bi|hut-be-phot-van-don|lien-he|mui-hoi-cong-nguyen-nhan-xu-ly-4|nao-vet-ho-ga|nao-vet-ho-ga-quang-ninh|nguyen-nhan-cong-tac-thuong-xuyen-ha-long|nguyen-song-hao|thong-tac-bon-cau-ban-dem-quang-ninh|thong-tac-bon-cau-bi-tac|thong-tac-bon-cau-cam-pha|thong-tac-bon-cau-dong-trieu|thong-tac-bon-cau-ha-long|thong-tac-bon-cau-khach-san-quang-ninh-2026|thong-tac-bon-cau-khan-cap-quang-ninh|thong-tac-bon-cau-khan-cap-quang-ninh-2|thong-tac-bon-cau-khong-duc-pha-quang-ninh|thong-tac-bon-cau-mong-cai|thong-tac-bon-cau-nha-dan-quang-ninh-2026|thong-tac-bon-cau-nha-hang-quang-ninh-2026|thong-tac-bon-cau-quang-ninh|thong-tac-bon-cau-quang-yen|thong-tac-bon-cau-uong-bi|thong-tac-bon-cau-van-don|thong-tac-chau-rua-quang-ninh|thong-tac-cong-bai-chay|thong-tac-cong-cam-pha|thong-tac-cong-cao-xanh|thong-tac-cong-chung-cu-ha-long|thong-tac-cong-dong-trieu|thong-tac-cong-gieng-day|thong-tac-cong-ha-long|thong-tac-cong-hong-gai-2|thong-tac-cong-mong-cai|thong-tac-cong-ngo-nho-ha-long|thong-tac-cong-nha-hang-ha-long|thong-tac-cong-quang-ninh|thong-tac-cong-quang-yen|thong-tac-cong-tuan-chau|thong-tac-cong-uong-bi|thong-tac-cong-van-don|trang-chu|xu-ly-mui-hoi-nha-ve-sinh|xu-ly-mui-hoi-quang-ninh"
"target","200","true","https://zalo.me/0931156756","https://id.zalo.me/account/login?continue=http%3A%2F%2Fzalo.me%2F0931156756","bang-gia|bang-gia-hut-be-phot-quang-ninh-2026|blog|bon-cau-rut-cham-nguyen-nhan-3|cach-xu-ly-cong-thoat-nuoc-tac|cam-nang-thong-tac-cong-tai-ha-long|cau-hoi-thuong-gap-thong-tac-cong|chi-phi-hut-be-phot-quang-ninh-2|chinh-sach-bao-hanh|chinh-sach-bao-mat|chu-ky-hut-be-phot-3|dau-hieu-be-phot-can-hut|dieu-khoan-dich-vu|gia-thong-tac-bon-cau-quang-ninh|gioi-thieu|he-thong-lien-ket-doi-tac|hoa-chat-tu-thong-cong-3|hut-be-phot-24-7-quang-ninh-2026|hut-be-phot-ba-che-2|hut-be-phot-bai-chay|hut-be-phot-binh-lieu-2|hut-be-phot-cam-pha|hut-be-phot-co-to-2|hut-be-phot-dam-ha-2|hut-be-phot-dong-trieu|hut-be-phot-ha-long|hut-be-phot-hai-ha-2|hut-be-phot-khan-cap-quang-ninh-2026|hut-be-phot-mong-cai|hut-be-phot-quang-ninh|hut-be-phot-quang-yen|hut-be-phot-tien-yen-2|hut-be-phot-uong-bi|hut-be-phot-van-don|lien-he|mui-hoi-cong-nguyen-nhan-xu-ly-4|nao-vet-ho-ga|nao-vet-ho-ga-quang-ninh|nguyen-nhan-cong-tac-thuong-xuyen-ha-long|nguyen-song-hao|thong-tac-bon-cau-ban-dem-quang-ninh|thong-tac-bon-cau-bi-tac|thong-tac-bon-cau-cam-pha|thong-tac-bon-cau-dong-trieu|thong-tac-bon-cau-ha-long|thong-tac-bon-cau-khach-san-quang-ninh-2026|thong-tac-bon-cau-khan-cap-quang-ninh|thong-tac-bon-cau-khan-cap-quang-ninh-2|thong-tac-bon-cau-khong-duc-pha-quang-ninh|thong-tac-bon-cau-mong-cai|thong-tac-bon-cau-nha-dan-quang-ninh-2026|thong-tac-bon-cau-nha-hang-quang-ninh-2026|thong-tac-bon-cau-quang-ninh|thong-tac-bon-cau-quang-yen|thong-tac-bon-cau-uong-bi|thong-tac-bon-cau-van-don|thong-tac-chau-rua-quang-ninh|thong-tac-cong-bai-chay|thong-tac-cong-cam-pha|thong-tac-cong-cao-xanh|thong-tac-cong-chung-cu-ha-long|thong-tac-cong-dong-trieu|thong-tac-cong-gieng-day|thong-tac-cong-ha-long|thong-tac-cong-hong-gai-2|thong-tac-cong-mong-cai|thong-tac-cong-ngo-nho-ha-long|thong-tac-cong-nha-hang-ha-long|thong-tac-cong-quang-ninh|thong-tac-cong-quang-yen|thong-tac-cong-tuan-chau|thong-tac-cong-uong-bi|thong-tac-cong-van-don|trang-chu|xu-ly-mui-hoi-nha-ve-sinh|xu-ly-mui-hoi-quang-ninh"
"target","200","true","https://www.youtube.com/@moitruongdothiso1quangninh","https://www.youtube.com/@moitruongdothiso1quangninh","bang-gia|bang-gia-hut-be-phot-quang-ninh-2026|blog|bon-cau-rut-cham-nguyen-nhan-3|cach-xu-ly-cong-thoat-nuoc-tac|cam-nang-thong-tac-cong-tai-ha-long|cau-hoi-thuong-gap-thong-tac-cong|chi-phi-hut-be-phot-quang-ninh-2|chinh-sach-bao-hanh|chinh-sach-bao-mat|chu-ky-hut-be-phot-3|dau-hieu-be-phot-can-hut|dieu-khoan-dich-vu|gia-thong-tac-bon-cau-quang-ninh|gioi-thieu|he-thong-lien-ket-doi-tac|hoa-chat-tu-thong-cong-3|hut-be-phot-24-7-quang-ninh-2026|hut-be-phot-ba-che-2|hut-be-phot-bai-chay|hut-be-phot-binh-lieu-2|hut-be-phot-cam-pha|hut-be-phot-co-to-2|hut-be-phot-dam-ha-2|hut-be-phot-dong-trieu|hut-be-phot-ha-long|hut-be-phot-hai-ha-2|hut-be-phot-khan-cap-quang-ninh-2026|hut-be-phot-mong-cai|hut-be-phot-quang-ninh|hut-be-phot-quang-yen|hut-be-phot-tien-yen-2|hut-be-phot-uong-bi|hut-be-phot-van-don|lien-he|mui-hoi-cong-nguyen-nhan-xu-ly-4|nao-vet-ho-ga|nao-vet-ho-ga-quang-ninh|nguyen-nhan-cong-tac-thuong-xuyen-ha-long|nguyen-song-hao|thong-tac-bon-cau-ban-dem-quang-ninh|thong-tac-bon-cau-bi-tac|thong-tac-bon-cau-cam-pha|thong-tac-bon-cau-dong-trieu|thong-tac-bon-cau-ha-long|thong-tac-bon-cau-khach-san-quang-ninh-2026|thong-tac-bon-cau-khan-cap-quang-ninh|thong-tac-bon-cau-khan-cap-quang-ninh-2|thong-tac-bon-cau-khong-duc-pha-quang-ninh|thong-tac-bon-cau-mong-cai|thong-tac-bon-cau-nha-dan-quang-ninh-2026|thong-tac-bon-cau-nha-hang-quang-ninh-2026|thong-tac-bon-cau-quang-ninh|thong-tac-bon-cau-quang-yen|thong-tac-bon-cau-uong-bi|thong-tac-bon-cau-van-don|thong-tac-chau-rua-quang-ninh|thong-tac-cong-bai-chay|thong-tac-cong-cam-pha|thong-tac-cong-cao-xanh|thong-tac-cong-chung-cu-ha-long|thong-tac-cong-dong-trieu|thong-tac-cong-gieng-day|thong-tac-cong-ha-long|thong-tac-cong-hong-gai-2|thong-tac-cong-mong-cai|thong-tac-cong-ngo-nho-ha-long|thong-tac-cong-nha-hang-ha-long|thong-tac-cong-quang-ninh|thong-tac-cong-quang-yen|thong-tac-cong-tuan-chau|thong-tac-cong-uong-bi|thong-tac-cong-van-don|trang-chu|xu-ly-mui-hoi-nha-ve-sinh|xu-ly-mui-hoi-quang-ninh"
"target","200","true","https://thongtaccongquangninh.com/gioi-thieu/","https://thongtaccongquangninh.com/gioi-thieu/","bang-gia|bang-gia-hut-be-phot-quang-ninh-2026|blog|bon-cau-rut-cham-nguyen-nhan-3|cach-xu-ly-cong-thoat-nuoc-tac|cam-nang-thong-tac-cong-tai-ha-long|cau-hoi-thuong-gap-thong-tac-cong|chi-phi-hut-be-phot-quang-ninh-2|chinh-sach-bao-hanh|chinh-sach-bao-mat|chu-ky-hut-be-phot-3|dau-hieu-be-phot-can-hut|dieu-khoan-dich-vu|gia-thong-tac-bon-cau-quang-ninh|gioi-thieu|he-thong-lien-ket-doi-tac|hoa-chat-tu-thong-cong-3|hut-be-phot-24-7-quang-ninh-2026|hut-be-phot-ba-che-2|hut-be-phot-bai-chay|hut-be-phot-binh-lieu-2|hut-be-phot-cam-pha|hut-be-phot-co-to-2|hut-be-phot-dam-ha-2|hut-be-phot-dong-trieu|hut-be-phot-ha-long|hut-be-phot-hai-ha-2|hut-be-phot-khan-cap-quang-ninh-2026|hut-be-phot-mong-cai|hut-be-phot-quang-ninh|hut-be-phot-quang-yen|hut-be-phot-tien-yen-2|hut-be-phot-uong-bi|hut-be-phot-van-don|lien-he|mui-hoi-cong-nguyen-nhan-xu-ly-4|nao-vet-ho-ga|nao-vet-ho-ga-quang-ninh|nguyen-nhan-cong-tac-thuong-xuyen-ha-long|nguyen-song-hao|thong-tac-bon-cau-ban-dem-quang-ninh|thong-tac-bon-cau-bi-tac|thong-tac-bon-cau-cam-pha|thong-tac-bon-cau-dong-trieu|thong-tac-bon-cau-ha-long|thong-tac-bon-cau-khach-san-quang-ninh-2026|thong-tac-bon-cau-khan-cap-quang-ninh|thong-tac-bon-cau-khan-cap-quang-ninh-2|thong-tac-bon-cau-khong-duc-pha-quang-ninh|thong-tac-bon-cau-mong-cai|thong-tac-bon-cau-nha-dan-quang-ninh-2026|thong-tac-bon-cau-nha-hang-quang-ninh-2026|thong-tac-bon-cau-quang-ninh|thong-tac-bon-cau-quang-yen|thong-tac-bon-cau-uong-bi|thong-tac-bon-cau-van-don|thong-tac-chau-rua-quang-ninh|thong-tac-cong-bai-chay|thong-tac-cong-cam-pha|thong-tac-cong-cao-xanh|thong-tac-cong-chung-cu-ha-long|thong-tac-cong-dong-trieu|thong-tac-cong-gieng-day|thong-tac-cong-ha-long|thong-tac-cong-hong-gai-2|thong-tac-cong-mong-cai|thong-tac-cong-ngo-nho-ha-long|thong-tac-cong-nha-hang-ha-long|thong-tac-cong-quang-ninh|thong-tac-cong-quang-yen|thong-tac-cong-tuan-chau|thong-tac-cong-uong-bi|thong-tac-cong-van-don|trang-chu|xu-ly-mui-hoi-nha-ve-sinh|xu-ly-mui-hoi-quang-ninh"
"target","200","true","https://thongtaccongquangninh.com/ve-sinh-duong-ong-quang-ninh/","https://thongtaccongquangninh.com/xu-ly-mui-hoi-quang-ninh/","bang-gia|bang-gia-hut-be-phot-quang-ninh-2026|blog|bon-cau-rut-cham-nguyen-nhan-3|cach-xu-ly-cong-thoat-nuoc-tac|cam-nang-thong-tac-cong-tai-ha-long|cau-hoi-thuong-gap-thong-tac-cong|chi-phi-hut-be-phot-quang-ninh-2|chinh-sach-bao-hanh|chinh-sach-bao-mat|chu-ky-hut-be-phot-3|dau-hieu-be-phot-can-hut|dieu-khoan-dich-vu|gia-thong-tac-bon-cau-quang-ninh|gioi-thieu|he-thong-lien-ket-doi-tac|hoa-chat-tu-thong-cong-3|hut-be-phot-24-7-quang-ninh-2026|hut-be-phot-ba-che-2|hut-be-phot-bai-chay|hut-be-phot-binh-lieu-2|hut-be-phot-cam-pha|hut-be-phot-co-to-2|hut-be-phot-dam-ha-2|hut-be-phot-dong-trieu|hut-be-phot-ha-long|hut-be-phot-hai-ha-2|hut-be-phot-khan-cap-quang-ninh-2026|hut-be-phot-mong-cai|hut-be-phot-quang-ninh|hut-be-phot-quang-yen|hut-be-phot-tien-yen-2|hut-be-phot-uong-bi|hut-be-phot-van-don|lien-he|mui-hoi-cong-nguyen-nhan-xu-ly-4|nao-vet-ho-ga|nao-vet-ho-ga-quang-ninh|nguyen-nhan-cong-tac-thuong-xuyen-ha-long|nguyen-song-hao|thong-tac-bon-cau-ban-dem-quang-ninh|thong-tac-bon-cau-bi-tac|thong-tac-bon-cau-cam-pha|thong-tac-bon-cau-dong-trieu|thong-tac-bon-cau-ha-long|thong-tac-bon-cau-khach-san-quang-ninh-2026|thong-tac-bon-cau-khan-cap-quang-ninh|thong-tac-bon-cau-khan-cap-quang-ninh-2|thong-tac-bon-cau-khong-duc-pha-quang-ninh|thong-tac-bon-cau-mong-cai|thong-tac-bon-cau-nha-dan-quang-ninh-2026|thong-tac-bon-cau-nha-hang-quang-ninh-2026|thong-tac-bon-cau-quang-ninh|thong-tac-bon-cau-quang-yen|thong-tac-bon-cau-uong-bi|thong-tac-bon-cau-van-don|thong-tac-chau-rua-quang-ninh|thong-tac-cong-bai-chay|thong-tac-cong-cam-pha|thong-tac-cong-cao-xanh|thong-tac-cong-chung-cu-ha-long|thong-tac-cong-dong-trieu|thong-tac-cong-gieng-day|thong-tac-cong-ha-long|thong-tac-cong-hong-gai-2|thong-tac-cong-mong-cai|thong-tac-cong-ngo-nho-ha-long|thong-tac-cong-nha-hang-ha-long|thong-tac-cong-quang-ninh|thong-tac-cong-quang-yen|thong-tac-cong-tuan-chau|thong-tac-cong-uong-bi|thong-tac-cong-van-don|xu-ly-mui-hoi-nha-ve-sinh|xu-ly-mui-hoi-quang-ninh"
"target","200","true","https://thongtaccongquangninh.com/hut-be-phot-hoanh-bo/","https://thongtaccongquangninh.com/hut-be-phot-ha-long/","bang-gia|bang-gia-hut-be-phot-quang-ninh-2026|blog|bon-cau-rut-cham-nguyen-nhan-3|cach-xu-ly-cong-thoat-nuoc-tac|cam-nang-thong-tac-cong-tai-ha-long|cau-hoi-thuong-gap-thong-tac-cong|chi-phi-hut-be-phot-quang-ninh-2|chinh-sach-bao-hanh|chinh-sach-bao-mat|chu-ky-hut-be-phot-3|dau-hieu-be-phot-can-hut|dieu-khoan-dich-vu|gia-thong-tac-bon-cau-quang-ninh|gioi-thieu|he-thong-lien-ket-doi-tac|hoa-chat-tu-thong-cong-3|hut-be-phot-24-7-quang-ninh-2026|hut-be-phot-ba-che-2|hut-be-phot-bai-chay|hut-be-phot-binh-lieu-2|hut-be-phot-cam-pha|hut-be-phot-co-to-2|hut-be-phot-dam-ha-2|hut-be-phot-dong-trieu|hut-be-phot-ha-long|hut-be-phot-hai-ha-2|hut-be-phot-khan-cap-quang-ninh-2026|hut-be-phot-mong-cai|hut-be-phot-quang-ninh|hut-be-phot-quang-yen|hut-be-phot-tien-yen-2|hut-be-phot-uong-bi|hut-be-phot-van-don|lien-he|mui-hoi-cong-nguyen-nhan-xu-ly-4|nao-vet-ho-ga|nao-vet-ho-ga-quang-ninh|nguyen-nhan-cong-tac-thuong-xuyen-ha-long|nguyen-song-hao|thong-tac-bon-cau-ban-dem-quang-ninh|thong-tac-bon-cau-bi-tac|thong-tac-bon-cau-cam-pha|thong-tac-bon-cau-dong-trieu|thong-tac-bon-cau-ha-long|thong-tac-bon-cau-khach-san-quang-ninh-2026|thong-tac-bon-cau-khan-cap-quang-ninh|thong-tac-bon-cau-khan-cap-quang-ninh-2|thong-tac-bon-cau-khong-duc-pha-quang-ninh|thong-tac-bon-cau-mong-cai|thong-tac-bon-cau-nha-dan-quang-ninh-2026|thong-tac-bon-cau-nha-hang-quang-ninh-2026|thong-tac-bon-cau-quang-ninh|thong-tac-bon-cau-quang-yen|thong-tac-bon-cau-uong-bi|thong-tac-bon-cau-van-don|thong-tac-chau-rua-quang-ninh|thong-tac-cong-bai-chay|thong-tac-cong-cam-pha|thong-tac-cong-cao-xanh|thong-tac-cong-chung-cu-ha-long|thong-tac-cong-dong-trieu|thong-tac-cong-gieng-day|thong-tac-cong-ha-long|thong-tac-cong-hong-gai-2|thong-tac-cong-mong-cai|thong-tac-cong-ngo-nho-ha-long|thong-tac-cong-nha-hang-ha-long|thong-tac-cong-quang-ninh|thong-tac-cong-quang-yen|thong-tac-cong-tuan-chau|thong-tac-cong-uong-bi|thong-tac-cong-van-don|xu-ly-mui-hoi-nha-ve-sinh|xu-ly-mui-hoi-quang-ninh"
"target","200","true","https://thongtaccongquangninh.com/chinh-sach-bao-hanh/","https://thongtaccongquangninh.com/chinh-sach-bao-hanh/","bang-gia|bang-gia-hut-be-phot-quang-ninh-2026|blog|bon-cau-rut-cham-nguyen-nhan-3|cach-xu-ly-cong-thoat-nuoc-tac|cam-nang-thong-tac-cong-tai-ha-long|cau-hoi-thuong-gap-thong-tac-cong|chi-phi-hut-be-phot-quang-ninh-2|chinh-sach-bao-hanh|chinh-sach-bao-mat|chu-ky-hut-be-phot-3|dau-hieu-be-phot-can-hut|dieu-khoan-dich-vu|gia-thong-tac-bon-cau-quang-ninh|gioi-thieu|he-thong-lien-ket-doi-tac|hoa-chat-tu-thong-cong-3|hut-be-phot-24-7-quang-ninh-2026|hut-be-phot-ba-che-2|hut-be-phot-bai-chay|hut-be-phot-binh-lieu-2|hut-be-phot-cam-pha|hut-be-phot-co-to-2|hut-be-phot-dam-ha-2|hut-be-phot-dong-trieu|hut-be-phot-ha-long|hut-be-phot-hai-ha-2|hut-be-phot-khan-cap-quang-ninh-2026|hut-be-phot-mong-cai|hut-be-phot-quang-ninh|hut-be-phot-quang-yen|hut-be-phot-tien-yen-2|hut-be-phot-uong-bi|hut-be-phot-van-don|lien-he|mui-hoi-cong-nguyen-nhan-xu-ly-4|nao-vet-ho-ga|nao-vet-ho-ga-quang-ninh|nguyen-nhan-cong-tac-thuong-xuyen-ha-long|nguyen-song-hao|thong-tac-bon-cau-ban-dem-quang-ninh|thong-tac-bon-cau-bi-tac|thong-tac-bon-cau-cam-pha|thong-tac-bon-cau-dong-trieu|thong-tac-bon-cau-ha-long|thong-tac-bon-cau-khach-san-quang-ninh-2026|thong-tac-bon-cau-khan-cap-quang-ninh|thong-tac-bon-cau-khan-cap-quang-ninh-2|thong-tac-bon-cau-khong-duc-pha-quang-ninh|thong-tac-bon-cau-mong-cai|thong-tac-bon-cau-nha-dan-quang-ninh-2026|thong-tac-bon-cau-nha-hang-quang-ninh-2026|thong-tac-bon-cau-quang-ninh|thong-tac-bon-cau-quang-yen|thong-tac-bon-cau-uong-bi|thong-tac-bon-cau-van-don|thong-tac-chau-rua-quang-ninh|thong-tac-cong-bai-chay|thong-tac-cong-cam-pha|thong-tac-cong-cao-xanh|thong-tac-cong-chung-cu-ha-long|thong-tac-cong-dong-trieu|thong-tac-cong-gieng-day|thong-tac-cong-ha-long|thong-tac-cong-hong-gai-2|thong-tac-cong-mong-cai|thong-tac-cong-ngo-nho-ha-long|thong-tac-cong-nha-hang-ha-long|thong-tac-cong-quang-ninh|thong-tac-cong-quang-yen|thong-tac-cong-tuan-chau|thong-tac-cong-uong-bi|thong-tac-cong-van-don|trang-chu|xu-ly-mui-hoi-nha-ve-sinh|xu-ly-mui-hoi-quang-ninh"
"target","200","true","https://thongtaccongquangninh.com/wp-content/themes/generatepress/assets/js/menu.min.js?ver=3.6.1","https://thongtaccongquangninh.com/wp-content/themes/generatepress/assets/js/menu.min.js?ver=3.6.1","bang-gia|bang-gia-hut-be-phot-quang-ninh-2026|blog|bon-cau-rut-cham-nguyen-nhan-3|cach-xu-ly-cong-thoat-nuoc-tac|cam-nang-thong-tac-cong-tai-ha-long|cau-hoi-thuong-gap-thong-tac-cong|chi-phi-hut-be-phot-quang-ninh-2|chinh-sach-bao-hanh|chinh-sach-bao-mat|chu-ky-hut-be-phot-3|dau-hieu-be-phot-can-hut|dieu-khoan-dich-vu|gia-thong-tac-bon-cau-quang-ninh|gioi-thieu|he-thong-lien-ket-doi-tac|hoa-chat-tu-thong-cong-3|hut-be-phot-24-7-quang-ninh-2026|hut-be-phot-ba-che-2|hut-be-phot-bai-chay|hut-be-phot-binh-lieu-2|hut-be-phot-cam-pha|hut-be-phot-co-to-2|hut-be-phot-dam-ha-2|hut-be-phot-dong-trieu|hut-be-phot-ha-long|hut-be-phot-hai-ha-2|hut-be-phot-khan-cap-quang-ninh-2026|hut-be-phot-mong-cai|hut-be-phot-quang-ninh|hut-be-phot-quang-yen|hut-be-phot-tien-yen-2|hut-be-phot-uong-bi|hut-be-phot-van-don|lien-he|mui-hoi-cong-nguyen-nhan-xu-ly-4|nao-vet-ho-ga|nao-vet-ho-ga-quang-ninh|nguyen-nhan-cong-tac-thuong-xuyen-ha-long|nguyen-song-hao|thong-tac-bon-cau-ban-dem-quang-ninh|thong-tac-bon-cau-bi-tac|thong-tac-bon-cau-cam-pha|thong-tac-bon-cau-dong-trieu|thong-tac-bon-cau-ha-long|thong-tac-bon-cau-khach-san-quang-ninh-2026|thong-tac-bon-cau-khan-cap-quang-ninh|thong-tac-bon-cau-khan-cap-quang-ninh-2|thong-tac-bon-cau-khong-duc-pha-quang-ninh|thong-tac-bon-cau-mong-cai|thong-tac-bon-cau-nha-dan-quang-ninh-2026|thong-tac-bon-cau-nha-hang-quang-ninh-2026|thong-tac-bon-cau-quang-ninh|thong-tac-bon-cau-quang-yen|thong-tac-bon-cau-uong-bi|thong-tac-bon-cau-van-don|thong-tac-chau-rua-quang-ninh|thong-tac-cong-bai-chay|thong-tac-cong-cam-pha|thong-tac-cong-cao-xanh|thong-tac-cong-chung-cu-ha-long|thong-tac-cong-dong-trieu|thong-tac-cong-gieng-day|thong-tac-cong-ha-long|thong-tac-cong-hong-gai-2|thong-tac-cong-mong-cai|thong-tac-cong-ngo-nho-ha-long|thong-tac-cong-nha-hang-ha-long|thong-tac-cong-quang-ninh|thong-tac-cong-quang-yen|thong-tac-cong-tuan-chau|thong-tac-cong-uong-bi|thong-tac-cong-van-don|trang-chu|xu-ly-mui-hoi-nha-ve-sinh|xu-ly-mui-hoi-quang-ninh"
"target","200","true","https://thongtaccongquangninh.com/wp-content/themes/generatepress/assets/js/back-to-top.min.js?ver=3.6.1","https://thongtaccongquangninh.com/wp-content/themes/generatepress/assets/js/back-to-top.min.js?ver=3.6.1","bang-gia|bang-gia-hut-be-phot-quang-ninh-2026|blog|bon-cau-rut-cham-nguyen-nhan-3|cach-xu-ly-cong-thoat-nuoc-tac|cam-nang-thong-tac-cong-tai-ha-long|cau-hoi-thuong-gap-thong-tac-cong|chi-phi-hut-be-phot-quang-ninh-2|chinh-sach-bao-hanh|chinh-sach-bao-mat|chu-ky-hut-be-phot-3|dau-hieu-be-phot-can-hut|dieu-khoan-dich-vu|gia-thong-tac-bon-cau-quang-ninh|gioi-thieu|he-thong-lien-ket-doi-tac|hoa-chat-tu-thong-cong-3|hut-be-phot-24-7-quang-ninh-2026|hut-be-phot-ba-che-2|hut-be-phot-bai-chay|hut-be-phot-binh-lieu-2|hut-be-phot-cam-pha|hut-be-phot-co-to-2|hut-be-phot-dam-ha-2|hut-be-phot-dong-trieu|hut-be-phot-ha-long|hut-be-phot-hai-ha-2|hut-be-phot-khan-cap-quang-ninh-2026|hut-be-phot-mong-cai|hut-be-phot-quang-ninh|hut-be-phot-quang-yen|hut-be-phot-tien-yen-2|hut-be-phot-uong-bi|hut-be-phot-van-don|lien-he|mui-hoi-cong-nguyen-nhan-xu-ly-4|nao-vet-ho-ga|nao-vet-ho-ga-quang-ninh|nguyen-nhan-cong-tac-thuong-xuyen-ha-long|nguyen-song-hao|thong-tac-bon-cau-ban-dem-quang-ninh|thong-tac-bon-cau-bi-tac|thong-tac-bon-cau-cam-pha|thong-tac-bon-cau-dong-trieu|thong-tac-bon-cau-ha-long|thong-tac-bon-cau-khach-san-quang-ninh-2026|thong-tac-bon-cau-khan-cap-quang-ninh|thong-tac-bon-cau-khan-cap-quang-ninh-2|thong-tac-bon-cau-khong-duc-pha-quang-ninh|thong-tac-bon-cau-mong-cai|thong-tac-bon-cau-nha-dan-quang-ninh-2026|thong-tac-bon-cau-nha-hang-quang-ninh-2026|thong-tac-bon-cau-quang-ninh|thong-tac-bon-cau-quang-yen|thong-tac-bon-cau-uong-bi|thong-tac-bon-cau-van-don|thong-tac-chau-rua-quang-ninh|thong-tac-cong-bai-chay|thong-tac-cong-cam-pha|thong-tac-cong-cao-xanh|thong-tac-cong-chung-cu-ha-long|thong-tac-cong-dong-trieu|thong-tac-cong-gieng-day|thong-tac-cong-ha-long|thong-tac-cong-hong-gai-2|thong-tac-cong-mong-cai|thong-tac-cong-ngo-nho-ha-long|thong-tac-cong-nha-hang-ha-long|thong-tac-cong-quang-ninh|thong-tac-cong-quang-yen|thong-tac-cong-tuan-chau|thong-tac-cong-uong-bi|thong-tac-cong-van-don|trang-chu|xu-ly-mui-hoi-nha-ve-sinh|xu-ly-mui-hoi-quang-ninh"
"target","200","true","https://thongtaccongquangninh.com/wp-content/plugins/google-site-kit/dist/assets/js/googlesitekit-events-provider-wpforms-087b09462076035a76b2.js","https://thongtaccongquangninh.com/wp-content/plugins/google-site-kit/dist/assets/js/googlesitekit-events-provider-wpforms-087b09462076035a76b2.js","bang-gia|bang-gia-hut-be-phot-quang-ninh-2026|blog|bon-cau-rut-cham-nguyen-nhan-3|cach-xu-ly-cong-thoat-nuoc-tac|cam-nang-thong-tac-cong-tai-ha-long|cau-hoi-thuong-gap-thong-tac-cong|chi-phi-hut-be-phot-quang-ninh-2|chinh-sach-bao-hanh|chinh-sach-bao-mat|chu-ky-hut-be-phot-3|dau-hieu-be-phot-can-hut|dieu-khoan-dich-vu|gia-thong-tac-bon-cau-quang-ninh|gioi-thieu|he-thong-lien-ket-doi-tac|hoa-chat-tu-thong-cong-3|hut-be-phot-24-7-quang-ninh-2026|hut-be-phot-ba-che-2|hut-be-phot-bai-chay|hut-be-phot-binh-lieu-2|hut-be-phot-cam-pha|hut-be-phot-co-to-2|hut-be-phot-dam-ha-2|hut-be-phot-dong-trieu|hut-be-phot-ha-long|hut-be-phot-hai-ha-2|hut-be-phot-khan-cap-quang-ninh-2026|hut-be-phot-mong-cai|hut-be-phot-quang-ninh|hut-be-phot-quang-yen|hut-be-phot-tien-yen-2|hut-be-phot-uong-bi|hut-be-phot-van-don|lien-he|mui-hoi-cong-nguyen-nhan-xu-ly-4|nao-vet-ho-ga|nao-vet-ho-ga-quang-ninh|nguyen-nhan-cong-tac-thuong-xuyen-ha-long|nguyen-song-hao|thong-tac-bon-cau-ban-dem-quang-ninh|thong-tac-bon-cau-bi-tac|thong-tac-bon-cau-cam-pha|thong-tac-bon-cau-dong-trieu|thong-tac-bon-cau-ha-long|thong-tac-bon-cau-khach-san-quang-ninh-2026|thong-tac-bon-cau-khan-cap-quang-ninh|thong-tac-bon-cau-khan-cap-quang-ninh-2|thong-tac-bon-cau-khong-duc-pha-quang-ninh|thong-tac-bon-cau-mong-cai|thong-tac-bon-cau-nha-dan-quang-ninh-2026|thong-tac-bon-cau-nha-hang-quang-ninh-2026|thong-tac-bon-cau-quang-ninh|thong-tac-bon-cau-quang-yen|thong-tac-bon-cau-uong-bi|thong-tac-bon-cau-van-don|thong-tac-chau-rua-quang-ninh|thong-tac-cong-bai-chay|thong-tac-cong-cam-pha|thong-tac-cong-cao-xanh|thong-tac-cong-chung-cu-ha-long|thong-tac-cong-dong-trieu|thong-tac-cong-gieng-day|thong-tac-cong-hong-gai-2|thong-tac-cong-mong-cai|thong-tac-cong-ngo-nho-ha-long|thong-tac-cong-nha-hang-ha-long|thong-tac-cong-quang-ninh|thong-tac-cong-quang-yen|thong-tac-cong-tuan-chau|thong-tac-cong-uong-bi|thong-tac-cong-van-don|xu-ly-mui-hoi-nha-ve-sinh|xu-ly-mui-hoi-quang-ninh"
"target","200","true","https://thongtaccongquangninh.com/wp-content/plugins/wp-rocket/assets/js/wpr-beacon.min.js","https://thongtaccongquangninh.com/wp-content/plugins/wp-rocket/assets/js/wpr-beacon.min.js","bang-gia|bang-gia-hut-be-phot-quang-ninh-2026|blog|bon-cau-rut-cham-nguyen-nhan-3|cach-xu-ly-cong-thoat-nuoc-tac|cam-nang-thong-tac-cong-tai-ha-long|cau-hoi-thuong-gap-thong-tac-cong|chi-phi-hut-be-phot-quang-ninh-2|chinh-sach-bao-hanh|chinh-sach-bao-mat|chu-ky-hut-be-phot-3|dau-hieu-be-phot-can-hut|dieu-khoan-dich-vu|gia-thong-tac-bon-cau-quang-ninh|gioi-thieu|he-thong-lien-ket-doi-tac|hoa-chat-tu-thong-cong-3|hut-be-phot-24-7-quang-ninh-2026|hut-be-phot-ba-che-2|hut-be-phot-bai-chay|hut-be-phot-binh-lieu-2|hut-be-phot-cam-pha|hut-be-phot-co-to-2|hut-be-phot-dam-ha-2|hut-be-phot-dong-trieu|hut-be-phot-ha-long|hut-be-phot-hai-ha-2|hut-be-phot-khan-cap-quang-ninh-2026|hut-be-phot-mong-cai|hut-be-phot-quang-ninh|hut-be-phot-quang-yen|hut-be-phot-tien-yen-2|hut-be-phot-uong-bi|hut-be-phot-van-don|lien-he|mui-hoi-cong-nguyen-nhan-xu-ly-4|nao-vet-ho-ga|nao-vet-ho-ga-quang-ninh|nguyen-nhan-cong-tac-thuong-xuyen-ha-long|nguyen-song-hao|thong-tac-bon-cau-ban-dem-quang-ninh|thong-tac-bon-cau-bi-tac|thong-tac-bon-cau-cam-pha|thong-tac-bon-cau-dong-trieu|thong-tac-bon-cau-ha-long|thong-tac-bon-cau-khach-san-quang-ninh-2026|thong-tac-bon-cau-khan-cap-quang-ninh|thong-tac-bon-cau-khan-cap-quang-ninh-2|thong-tac-bon-cau-khong-duc-pha-quang-ninh|thong-tac-bon-cau-mong-cai|thong-tac-bon-cau-nha-dan-quang-ninh-2026|thong-tac-bon-cau-nha-hang-quang-ninh-2026|thong-tac-bon-cau-quang-ninh|thong-tac-bon-cau-quang-yen|thong-tac-bon-cau-uong-bi|thong-tac-bon-cau-van-don|thong-tac-chau-rua-quang-ninh|thong-tac-cong-bai-chay|thong-tac-cong-cam-pha|thong-tac-cong-cao-xanh|thong-tac-cong-chung-cu-ha-long|thong-tac-cong-dong-trieu|thong-tac-cong-gieng-day|thong-tac-cong-hong-gai-2|thong-tac-cong-mong-cai|thong-tac-cong-ngo-nho-ha-long|thong-tac-cong-nha-hang-ha-long|thong-tac-cong-quang-ninh|thong-tac-cong-quang-yen|thong-tac-cong-tuan-chau|thong-tac-cong-uong-bi|thong-tac-cong-van-don|xu-ly-mui-hoi-nha-ve-sinh|xu-ly-mui-hoi-quang-ninh"
"target","200","true","https://thongtaccongquangninh.com/bang-gia-hut-be-phot-quang-ninh-2026/","https://thongtaccongquangninh.com/bang-gia-hut-be-phot-quang-ninh-2026/","bang-gia-hut-be-phot-quang-ninh-2026|blog|cach-xu-ly-cong-thoat-nuoc-tac|dau-hieu-be-phot-can-hut|hut-be-phot-ba-che-2|hut-be-phot-binh-lieu-2|hut-be-phot-cam-pha|hut-be-phot-co-to-2|hut-be-phot-dam-ha-2|hut-be-phot-ha-long|hut-be-phot-hai-ha-2|hut-be-phot-quang-yen|hut-be-phot-tien-yen-2|hut-be-phot-uong-bi|thong-tac-bon-cau-bi-tac"
"target","200","true","https://thongtaccongquangninh.com/bang-gia-hut-be-phot-quang-ninh-2026/feed/","https://thongtaccongquangninh.com/bang-gia-hut-be-phot-quang-ninh-2026/feed/","bang-gia-hut-be-phot-quang-ninh-2026"
"target","200","true","https://thongtaccongquangninh.com/wp-json/oembed/1.0/embed?url=https%3A%2F%2Fthongtaccongquangninh.com%2Fbang-gia-hut-be-phot-quang-ninh-2026%2F","https://thongtaccongquangninh.com/wp-json/oembed/1.0/embed?url=https%3A%2F%2Fthongtaccongquangninh.com%2Fbang-gia-hut-be-phot-quang-ninh-2026%2F","bang-gia-hut-be-phot-quang-ninh-2026"
"target","200","true","https://thongtaccongquangninh.com/wp-json/oembed/1.0/embed?url=https%3A%2F%2Fthongtaccongquangninh.com%2Fbang-gia-hut-be-phot-quang-ninh-2026%2F&","https://thongtaccongquangninh.com/wp-json/oembed/1.0/embed?url=https%3A%2F%2Fthongtaccongquangninh.com%2Fbang-gia-hut-be-phot-quang-ninh-2026%2F&","bang-gia-hut-be-phot-quang-ninh-2026"
"target","200","true","https://thongtaccongquangninh.com/wp-content/themes/generatepress/assets/css/components/comments.min.css?ver=3.6.1","https://thongtaccongquangninh.com/wp-content/themes/generatepress/assets/css/components/comments.min.css?ver=3.6.1","bang-gia-hut-be-phot-quang-ninh-2026|bon-cau-rut-cham-nguyen-nhan-3|cach-xu-ly-cong-thoat-nuoc-tac|cam-nang-thong-tac-cong-tai-ha-long|chu-ky-hut-be-phot-3|dau-hieu-be-phot-can-hut|gia-thong-tac-bon-cau-quang-ninh|hoa-chat-tu-thong-cong-3|hut-be-phot-24-7-quang-ninh-2026|hut-be-phot-ba-che-2|hut-be-phot-binh-lieu-2|hut-be-phot-co-to-2|hut-be-phot-dam-ha-2|hut-be-phot-hai-ha-2|hut-be-phot-khan-cap-quang-ninh-2026|hut-be-phot-tien-yen-2|mui-hoi-cong-nguyen-nhan-xu-ly-4|nao-vet-ho-ga|thong-tac-bon-cau-ban-dem-quang-ninh|thong-tac-bon-cau-bi-tac|thong-tac-bon-cau-khach-san-quang-ninh-2026|thong-tac-bon-cau-khan-cap-quang-ninh|thong-tac-bon-cau-khan-cap-quang-ninh-2|thong-tac-bon-cau-khong-duc-pha-quang-ninh|thong-tac-bon-cau-nha-dan-quang-ninh-2026|thong-tac-bon-cau-nha-hang-quang-ninh-2026|thong-tac-cong-bai-chay|thong-tac-cong-hong-gai-2|xu-ly-mui-hoi-nha-ve-sinh"
"target","200","true","https://thongtaccongquangninh.com/wp-json/wp/v2/posts/217","https://thongtaccongquangninh.com/wp-json/wp/v2/posts/217","bang-gia-hut-be-phot-quang-ninh-2026"
"target","200","true","https://thongtaccongquangninh.com/?p=217","https://thongtaccongquangninh.com/?p=217","bang-gia-hut-be-phot-quang-ninh-2026"
"target","200","true","https://thongtaccongquangninh.com/author/admin/","https://thongtaccongquangninh.com/author/admin/","bang-gia-hut-be-phot-quang-ninh-2026|cach-xu-ly-cong-thoat-nuoc-tac|dau-hieu-be-phot-can-hut"
"target","200","true","https://thongtaccongquangninh.com/wp-content/uploads/2026/05/bang-gia-hut-be-phot-xe-bon-nha-dan-quang-ninh.webp","https://thongtaccongquangninh.com/wp-content/uploads/2026/05/bang-gia-hut-be-phot-xe-bon-nha-dan-quang-ninh.webp","bang-gia-hut-be-phot-quang-ninh-2026"
"target","200","true","https://thongtaccongquangninh.com/wp-content/uploads/2026/05/xe-hut-cong-ty-kcn-0-300x195.webp","https://thongtaccongquangninh.com/wp-content/uploads/2026/05/xe-hut-cong-ty-kcn-0-300x195.webp","bang-gia-hut-be-phot-quang-ninh-2026"
"target","200","true","https://thongtaccongquangninh.com/wp-content/uploads/2026/05/bang-gia-hut-be-phot-kiem-tra-ho-ga-truoc-bao-gia.webp","https://thongtaccongquangninh.com/wp-content/uploads/2026/05/bang-gia-hut-be-phot-kiem-tra-ho-ga-truoc-bao-gia.webp","bang-gia-hut-be-phot-quang-ninh-2026"
"target","200","true","https://thongtaccongquangninh.com/xu-ly-mui-hoi-nha-ve-sinh/","https://thongtaccongquangninh.com/xu-ly-mui-hoi-nha-ve-sinh/","bang-gia-hut-be-phot-quang-ninh-2026|blog|cach-xu-ly-cong-thoat-nuoc-tac|cau-hoi-thuong-gap-thong-tac-cong|dau-hieu-be-phot-can-hut|hut-be-phot-cam-pha|hut-be-phot-ha-long|hut-be-phot-quang-yen|hut-be-phot-uong-bi|nao-vet-ho-ga|thong-tac-bon-cau-cam-pha|thong-tac-bon-cau-ha-long|thong-tac-bon-cau-mong-cai|thong-tac-bon-cau-quang-ninh|thong-tac-bon-cau-uong-bi|thong-tac-bon-cau-van-don|xu-ly-mui-hoi-nha-ve-sinh"
"target","200","true","https://thongtaccongquangninh.com/category/bang-gia-blog/","https://thongtaccongquangninh.com/category/bang-gia-blog/","bang-gia-hut-be-phot-quang-ninh-2026"
"target","200","true","https://thongtaccongquangninh.com/category/bang-gia/","https://thongtaccongquangninh.com/category/bang-gia/","bang-gia-hut-be-phot-quang-ninh-2026|cach-xu-ly-cong-thoat-nuoc-tac|cam-nang-thong-tac-cong-tai-ha-long|cau-hoi-thuong-gap-thong-tac-cong|chu-ky-hut-be-phot-3|dau-hieu-be-phot-can-hut|gia-thong-tac-bon-cau-quang-ninh|hut-be-phot-24-7-quang-ninh-2026|hut-be-phot-ba-che-2|hut-be-phot-binh-lieu-2|hut-be-phot-co-to-2|hut-be-phot-dam-ha-2|hut-be-phot-hai-ha-2|hut-be-phot-khan-cap-quang-ninh-2026|hut-be-phot-tien-yen-2|nao-vet-ho-ga|thong-tac-bon-cau-ban-dem-quang-ninh|thong-tac-bon-cau-bi-tac|thong-tac-bon-cau-khach-san-quang-ninh-2026|thong-tac-bon-cau-khan-cap-quang-ninh|thong-tac-bon-cau-khan-cap-quang-ninh-2|thong-tac-bon-cau-khong-duc-pha-quang-ninh|thong-tac-bon-cau-nha-dan-quang-ninh-2026|thong-tac-bon-cau-nha-hang-quang-ninh-2026|thong-tac-cong-bai-chay|thong-tac-cong-hong-gai-2|xu-ly-mui-hoi-nha-ve-sinh"
"target","200","true","https://thongtaccongquangninh.com/category/blog/","https://thongtaccongquangninh.com/category/blog/","bang-gia-hut-be-phot-quang-ninh-2026|bon-cau-rut-cham-nguyen-nhan-3|cach-xu-ly-cong-thoat-nuoc-tac|cam-nang-thong-tac-cong-tai-ha-long|cau-hoi-thuong-gap-thong-tac-cong|chu-ky-hut-be-phot-3|dau-hieu-be-phot-can-hut|gia-thong-tac-bon-cau-quang-ninh|hoa-chat-tu-thong-cong-3|hut-be-phot-24-7-quang-ninh-2026|hut-be-phot-ba-che-2|hut-be-phot-binh-lieu-2|hut-be-phot-co-to-2|hut-be-phot-dam-ha-2|hut-be-phot-hai-ha-2|hut-be-phot-khan-cap-quang-ninh-2026|hut-be-phot-tien-yen-2|mui-hoi-cong-nguyen-nhan-xu-ly-4|nao-vet-ho-ga|thong-tac-bon-cau-ban-dem-quang-ninh|thong-tac-bon-cau-bi-tac|thong-tac-bon-cau-khach-san-quang-ninh-2026|thong-tac-bon-cau-khan-cap-quang-ninh|thong-tac-bon-cau-khan-cap-quang-ninh-2|thong-tac-bon-cau-khong-duc-pha-quang-ninh|thong-tac-bon-cau-nha-dan-quang-ninh-2026|thong-tac-bon-cau-nha-hang-quang-ninh-2026|thong-tac-cong-bai-chay|thong-tac-cong-hong-gai-2|xu-ly-mui-hoi-nha-ve-sinh"
"target","200","true","https://thongtaccongquangninh.com/category/canh-bao/","https://thongtaccongquangninh.com/category/canh-bao/","bang-gia-hut-be-phot-quang-ninh-2026|bon-cau-rut-cham-nguyen-nhan-3|cach-xu-ly-cong-thoat-nuoc-tac|cam-nang-thong-tac-cong-tai-ha-long|cau-hoi-thuong-gap-thong-tac-cong|chu-ky-hut-be-phot-3|dau-hieu-be-phot-can-hut|gia-thong-tac-bon-cau-quang-ninh|hoa-chat-tu-thong-cong-3|hut-be-phot-24-7-quang-ninh-2026|hut-be-phot-ba-che-2|hut-be-phot-binh-lieu-2|hut-be-phot-co-to-2|hut-be-phot-dam-ha-2|hut-be-phot-hai-ha-2|hut-be-phot-khan-cap-quang-ninh-2026|hut-be-phot-tien-yen-2|mui-hoi-cong-nguyen-nhan-xu-ly-4|nao-vet-ho-ga|thong-tac-bon-cau-ban-dem-quang-ninh|thong-tac-bon-cau-bi-tac|thong-tac-bon-cau-khach-san-quang-ninh-2026|thong-tac-bon-cau-khan-cap-quang-ninh|thong-tac-bon-cau-khan-cap-quang-ninh-2|thong-tac-bon-cau-khong-duc-pha-quang-ninh|thong-tac-bon-cau-nha-dan-quang-ninh-2026|thong-tac-bon-cau-nha-hang-quang-ninh-2026|thong-tac-cong-bai-chay|thong-tac-cong-hong-gai-2|xu-ly-mui-hoi-nha-ve-sinh"
"target","200","true","https://thongtaccongquangninh.com/category/huong-dan-tai-nha/","https://thongtaccongquangninh.com/category/huong-dan-tai-nha/","bang-gia-hut-be-phot-quang-ninh-2026|bon-cau-rut-cham-nguyen-nhan-3|cach-xu-ly-cong-thoat-nuoc-tac|cam-nang-thong-tac-cong-tai-ha-long|cau-hoi-thuong-gap-thong-tac-cong|chu-ky-hut-be-phot-3|dau-hieu-be-phot-can-hut|gia-thong-tac-bon-cau-quang-ninh|hoa-chat-tu-thong-cong-3|hut-be-phot-24-7-quang-ninh-2026|hut-be-phot-ba-che-2|hut-be-phot-binh-lieu-2|hut-be-phot-co-to-2|hut-be-phot-dam-ha-2|hut-be-phot-hai-ha-2|hut-be-phot-khan-cap-quang-ninh-2026|hut-be-phot-tien-yen-2|mui-hoi-cong-nguyen-nhan-xu-ly-4|nao-vet-ho-ga|thong-tac-bon-cau-ban-dem-quang-ninh|thong-tac-bon-cau-bi-tac|thong-tac-bon-cau-khach-san-quang-ninh-2026|thong-tac-bon-cau-khan-cap-quang-ninh|thong-tac-bon-cau-khong-duc-pha-quang-ninh|thong-tac-bon-cau-nha-dan-quang-ninh-2026|thong-tac-bon-cau-nha-hang-quang-ninh-2026|thong-tac-cong-bai-chay|thong-tac-cong-hong-gai-2|xu-ly-mui-hoi-nha-ve-sinh"
"target","200","true","https://thongtaccongquangninh.com/category/hut-be-phot/","https://thongtaccongquangninh.com/category/hut-be-phot/","bang-gia-hut-be-phot-quang-ninh-2026|bon-cau-rut-cham-nguyen-nhan-3|cach-xu-ly-cong-thoat-nuoc-tac|cam-nang-thong-tac-cong-tai-ha-long|cau-hoi-thuong-gap-thong-tac-cong|chu-ky-hut-be-phot-3|dau-hieu-be-phot-can-hut|hoa-chat-tu-thong-cong-3|hut-be-phot-24-7-quang-ninh-2026|hut-be-phot-ba-che-2|hut-be-phot-binh-lieu-2|hut-be-phot-co-to-2|hut-be-phot-dam-ha-2|hut-be-phot-hai-ha-2|hut-be-phot-khan-cap-quang-ninh-2026|hut-be-phot-tien-yen-2|mui-hoi-cong-nguyen-nhan-xu-ly-4|nao-vet-ho-ga|thong-tac-bon-cau-ban-dem-quang-ninh|thong-tac-bon-cau-bi-tac|thong-tac-bon-cau-khach-san-quang-ninh-2026|thong-tac-bon-cau-khan-cap-quang-ninh|thong-tac-bon-cau-khan-cap-quang-ninh-2|thong-tac-bon-cau-khong-duc-pha-quang-ninh|thong-tac-bon-cau-nha-dan-quang-ninh-2026|thong-tac-bon-cau-nha-hang-quang-ninh-2026|thong-tac-cong-bai-chay|thong-tac-cong-hong-gai-2|xu-ly-mui-hoi-nha-ve-sinh"
"target","200","true","https://thongtaccongquangninh.com/category/nao-vet-ho-ga/","https://thongtaccongquangninh.com/category/nao-vet-ho-ga/","bang-gia-hut-be-phot-quang-ninh-2026|cach-xu-ly-cong-thoat-nuoc-tac|cam-nang-thong-tac-cong-tai-ha-long|cau-hoi-thuong-gap-thong-tac-cong|chu-ky-hut-be-phot-3|dau-hieu-be-phot-can-hut|hut-be-phot-ba-che-2|hut-be-phot-binh-lieu-2|hut-be-phot-co-to-2|hut-be-phot-dam-ha-2|hut-be-phot-hai-ha-2|hut-be-phot-khan-cap-quang-ninh-2026|hut-be-phot-tien-yen-2|nao-vet-ho-ga|thong-tac-bon-cau-bi-tac|thong-tac-bon-cau-khan-cap-quang-ninh|thong-tac-bon-cau-khan-cap-quang-ninh-2|thong-tac-cong-bai-chay|xu-ly-mui-hoi-nha-ve-sinh"
"target","200","true","https://thongtaccongquangninh.com/category/thong-tac-cong/","https://thongtaccongquangninh.com/category/thong-tac-cong/","bang-gia-hut-be-phot-quang-ninh-2026|bon-cau-rut-cham-nguyen-nhan-3|cach-xu-ly-cong-thoat-nuoc-tac|cam-nang-thong-tac-cong-tai-ha-long|cau-hoi-thuong-gap-thong-tac-cong|chu-ky-hut-be-phot-3|dau-hieu-be-phot-can-hut|hoa-chat-tu-thong-cong-3|hut-be-phot-ba-che-2|hut-be-phot-binh-lieu-2|hut-be-phot-co-to-2|hut-be-phot-dam-ha-2|hut-be-phot-hai-ha-2|hut-be-phot-khan-cap-quang-ninh-2026|hut-be-phot-tien-yen-2|mui-hoi-cong-nguyen-nhan-xu-ly-4|nao-vet-ho-ga|thong-tac-bon-cau-bi-tac|thong-tac-bon-cau-khach-san-quang-ninh-2026|thong-tac-bon-cau-khan-cap-quang-ninh|thong-tac-bon-cau-khan-cap-quang-ninh-2|thong-tac-bon-cau-khong-duc-pha-quang-ninh|thong-tac-bon-cau-nha-hang-quang-ninh-2026|thong-tac-cong-bai-chay|thong-tac-cong-hong-gai-2|xu-ly-mui-hoi-nha-ve-sinh"
"target","200","true","https://thongtaccongquangninh.com/category/xu-ly-mui-hoi/","https://thongtaccongquangninh.com/category/xu-ly-mui-hoi/","bang-gia-hut-be-phot-quang-ninh-2026|cach-xu-ly-cong-thoat-nuoc-tac|cam-nang-thong-tac-cong-tai-ha-long|cau-hoi-thuong-gap-thong-tac-cong|chu-ky-hut-be-phot-3|dau-hieu-be-phot-can-hut|hut-be-phot-ba-che-2|hut-be-phot-binh-lieu-2|hut-be-phot-co-to-2|hut-be-phot-dam-ha-2|hut-be-phot-hai-ha-2|hut-be-phot-khan-cap-quang-ninh-2026|hut-be-phot-tien-yen-2|mui-hoi-cong-nguyen-nhan-xu-ly-4|nao-vet-ho-ga|thong-tac-bon-cau-bi-tac|thong-tac-bon-cau-khach-san-quang-ninh-2026|thong-tac-bon-cau-khan-cap-quang-ninh|thong-tac-bon-cau-khan-cap-quang-ninh-2|thong-tac-cong-bai-chay|xu-ly-mui-hoi-nha-ve-sinh"
"target","200","true","https://thongtaccongquangninh.com/cach-xu-ly-cong-thoat-nuoc-tac/","https://thongtaccongquangninh.com/cach-xu-ly-cong-thoat-nuoc-tac/","bang-gia-hut-be-phot-quang-ninh-2026|cach-xu-ly-cong-thoat-nuoc-tac|dau-hieu-be-phot-can-hut"
"target","200","true","https://thongtaccongquangninh.com/thong-tac-bon-cau-bi-tac/","https://thongtaccongquangninh.com/thong-tac-bon-cau-bi-tac/","bang-gia-hut-be-phot-quang-ninh-2026|dau-hieu-be-phot-can-hut|nao-vet-ho-ga|thong-tac-bon-cau-bi-tac|thong-tac-bon-cau-dong-trieu|thong-tac-bon-cau-quang-yen"
"target","200","true","https://thongtaccongquangninh.com/wp-includes/js/comment-reply.min.js?ver=6.9.4","https://thongtaccongquangninh.com/wp-includes/js/comment-reply.min.js?ver=6.9.4","bang-gia-hut-be-phot-quang-ninh-2026|bon-cau-rut-cham-nguyen-nhan-3|cach-xu-ly-cong-thoat-nuoc-tac|cam-nang-thong-tac-cong-tai-ha-long|chu-ky-hut-be-phot-3|dau-hieu-be-phot-can-hut|gia-thong-tac-bon-cau-quang-ninh|hoa-chat-tu-thong-cong-3|hut-be-phot-24-7-quang-ninh-2026|hut-be-phot-ba-che-2|hut-be-phot-binh-lieu-2|hut-be-phot-co-to-2|hut-be-phot-dam-ha-2|hut-be-phot-hai-ha-2|hut-be-phot-khan-cap-quang-ninh-2026|hut-be-phot-tien-yen-2|mui-hoi-cong-nguyen-nhan-xu-ly-4|nao-vet-ho-ga|thong-tac-bon-cau-ban-dem-quang-ninh|thong-tac-bon-cau-bi-tac|thong-tac-bon-cau-khach-san-quang-ninh-2026|thong-tac-bon-cau-khan-cap-quang-ninh|thong-tac-bon-cau-khan-cap-quang-ninh-2|thong-tac-bon-cau-khong-duc-pha-quang-ninh|thong-tac-bon-cau-nha-dan-quang-ninh-2026|thong-tac-bon-cau-nha-hang-quang-ninh-2026|thong-tac-cong-bai-chay|thong-tac-cong-hong-gai-2|xu-ly-mui-hoi-nha-ve-sinh"
"target","200","true","https://thongtaccongquangninh.com/wp-json/oembed/1.0/embed?url=https%3A%2F%2Fthongtaccongquangninh.com%2Fblog%2F","https://thongtaccongquangninh.com/wp-json/oembed/1.0/embed?url=https%3A%2F%2Fthongtaccongquangninh.com%2Fblog%2F","blog"
"target","200","true","https://thongtaccongquangninh.com/wp-json/oembed/1.0/embed?url=https%3A%2F%2Fthongtaccongquangninh.com%2Fblog%2F&","https://thongtaccongquangninh.com/wp-json/oembed/1.0/embed?url=https%3A%2F%2Fthongtaccongquangninh.com%2Fblog%2F&","blog"
"target","200","true","https://thongtaccongquangninh.com/wp-json/wp/v2/pages/25","https://thongtaccongquangninh.com/wp-json/wp/v2/pages/25","blog"
"target","200","true","https://thongtaccongquangninh.com/?p=25","https://thongtaccongquangninh.com/?p=25","blog"
"target","200","true","https://thongtaccongquangninh.com/wp-content/uploads/2026/04/og-ve-sinh-moi-truong-quang-ninh-phuc-vu-24-7.jpg","https://thongtaccongquangninh.com/wp-content/uploads/2026/04/og-ve-sinh-moi-truong-quang-ninh-phuc-vu-24-7.jpg","blog|nguyen-nhan-cong-tac-thuong-xuyen-ha-long"
"target","200","true","https://thongtaccongquangninh.com/nao-vet-ho-ga/","https://thongtaccongquangninh.com/nao-vet-ho-ga/","blog|cach-xu-ly-cong-thoat-nuoc-tac|hut-be-phot-cam-pha|hut-be-phot-quang-yen|nao-vet-ho-ga|thong-tac-bon-cau-bi-tac|thong-tac-bon-cau-cam-pha|thong-tac-bon-cau-dong-trieu|thong-tac-bon-cau-ha-long|thong-tac-bon-cau-mong-cai|thong-tac-bon-cau-quang-ninh|thong-tac-bon-cau-quang-yen|thong-tac-bon-cau-uong-bi|thong-tac-bon-cau-van-don|thong-tac-cong-cao-xanh|thong-tac-cong-gieng-day|xu-ly-mui-hoi-nha-ve-sinh"
"target","200","true","https://thongtaccongquangninh.com/wp-content/uploads/2026/05/blog-may-lo-xo-thong-cong-2.webp","https://thongtaccongquangninh.com/wp-content/uploads/2026/05/blog-may-lo-xo-thong-cong-2.webp","blog"
"target","200","true","https://thongtaccongquangninh.com/wp-content/uploads/2026/05/blog-may-lo-xo-thong-cong-3.webp","https://thongtaccongquangninh.com/wp-content/uploads/2026/05/blog-may-lo-xo-thong-cong-3.webp","blog"
"target","200","true","https://thongtaccongquangninh.com/bon-cau-rut-cham-nguyen-nhan-3/","https://thongtaccongquangninh.com/bon-cau-rut-cham-nguyen-nhan-3/","bon-cau-rut-cham-nguyen-nhan-3|cau-hoi-thuong-gap-thong-tac-cong|chu-ky-hut-be-phot-3"
"target","200","true","https://thongtaccongquangninh.com/bon-cau-rut-cham-nguyen-nhan-3/feed/","https://thongtaccongquangninh.com/bon-cau-rut-cham-nguyen-nhan-3/feed/","bon-cau-rut-cham-nguyen-nhan-3"
"target","200","true","https://thongtaccongquangninh.com/wp-json/oembed/1.0/embed?url=https%3A%2F%2Fthongtaccongquangninh.com%2Fbon-cau-rut-cham-nguyen-nhan-3%2F","https://thongtaccongquangninh.com/wp-json/oembed/1.0/embed?url=https%3A%2F%2Fthongtaccongquangninh.com%2Fbon-cau-rut-cham-nguyen-nhan-3%2F","bon-cau-rut-cham-nguyen-nhan-3"
"target","200","true","https://thongtaccongquangninh.com/wp-json/oembed/1.0/embed?url=https%3A%2F%2Fthongtaccongquangninh.com%2Fbon-cau-rut-cham-nguyen-nhan-3%2F&","https://thongtaccongquangninh.com/wp-json/oembed/1.0/embed?url=https%3A%2F%2Fthongtaccongquangninh.com%2Fbon-cau-rut-cham-nguyen-nhan-3%2F&","bon-cau-rut-cham-nguyen-nhan-3"
"target","200","true","https://thongtaccongquangninh.com/wp-json/wp/v2/posts/2043","https://thongtaccongquangninh.com/wp-json/wp/v2/posts/2043","bon-cau-rut-cham-nguyen-nhan-3"
"target","200","true","https://thongtaccongquangninh.com/?p=2043","https://thongtaccongquangninh.com/?p=2043","bon-cau-rut-cham-nguyen-nhan-3"
"target","200","true","https://thongtaccongquangninh.com/author/chatgpt/","https://thongtaccongquangninh.com/author/chatgpt/","bon-cau-rut-cham-nguyen-nhan-3|chu-ky-hut-be-phot-3|hoa-chat-tu-thong-cong-3|hut-be-phot-ba-che-2|hut-be-phot-binh-lieu-2|hut-be-phot-co-to-2|hut-be-phot-dam-ha-2|hut-be-phot-hai-ha-2|hut-be-phot-tien-yen-2|mui-hoi-cong-nguyen-nhan-xu-ly-4|thong-tac-cong-bai-chay|thong-tac-cong-hong-gai-2"
"target","200","true","https://thongtaccongquangninh.com/wp-content/uploads/2026/05/bon-cau-rut-cham-nguyen-nhan-anh-dau-bai-1.webp","https://thongtaccongquangninh.com/wp-content/uploads/2026/05/bon-cau-rut-cham-nguyen-nhan-anh-dau-bai-1.webp","bon-cau-rut-cham-nguyen-nhan-3"
"target","200","true","https://thongtaccongquangninh.com/wp-content/uploads/2026/05/bon-cau-rut-cham-nguyen-nhan-thong-bon-cau-1.webp","https://thongtaccongquangninh.com/wp-content/uploads/2026/05/bon-cau-rut-cham-nguyen-nhan-thong-bon-cau-1.webp","bon-cau-rut-cham-nguyen-nhan-3"
"target","200","true","https://thongtaccongquangninh.com/wp-content/uploads/2026/05/bon-cau-rut-cham-nguyen-nhan-3-tho-thong-bon-cau-3-new.webp","https://thongtaccongquangninh.com/wp-content/uploads/2026/05/bon-cau-rut-cham-nguyen-nhan-3-tho-thong-bon-cau-3-new.webp","bon-cau-rut-cham-nguyen-nhan-3"
"target","200","true","https://thongtaccongquangninh.com/category/thong-tac-bon-cau/","https://thongtaccongquangninh.com/category/thong-tac-bon-cau/","bon-cau-rut-cham-nguyen-nhan-3|cam-nang-thong-tac-cong-tai-ha-long|cau-hoi-thuong-gap-thong-tac-cong|chu-ky-hut-be-phot-3|dau-hieu-be-phot-can-hut|gia-thong-tac-bon-cau-quang-ninh|hoa-chat-tu-thong-cong-3|hut-be-phot-ba-che-2|hut-be-phot-binh-lieu-2|hut-be-phot-co-to-2|hut-be-phot-dam-ha-2|hut-be-phot-hai-ha-2|hut-be-phot-tien-yen-2|thong-tac-bon-cau-ban-dem-quang-ninh|thong-tac-bon-cau-bi-tac|thong-tac-bon-cau-khach-san-quang-ninh-2026|thong-tac-bon-cau-khan-cap-quang-ninh|thong-tac-bon-cau-khan-cap-quang-ninh-2|thong-tac-bon-cau-khong-duc-pha-quang-ninh|thong-tac-bon-cau-nha-dan-quang-ninh-2026|thong-tac-bon-cau-nha-hang-quang-ninh-2026|thong-tac-cong-bai-chay"
"target","200","true","https://thongtaccongquangninh.com/cau-hoi-thuong-gap-thong-tac-cong/","https://thongtaccongquangninh.com/cau-hoi-thuong-gap-thong-tac-cong/","bon-cau-rut-cham-nguyen-nhan-3|cau-hoi-thuong-gap-thong-tac-cong|xu-ly-mui-hoi-nha-ve-sinh"
"target","200","true","https://thongtaccongquangninh.com/chu-ky-hut-be-phot-3/","https://thongtaccongquangninh.com/chu-ky-hut-be-phot-3/","bon-cau-rut-cham-nguyen-nhan-3|chu-ky-hut-be-phot-3|hoa-chat-tu-thong-cong-3"
"target","200","true","https://thongtaccongquangninh.com/cach-xu-ly-cong-thoat-nuoc-tac/feed/","https://thongtaccongquangninh.com/cach-xu-ly-cong-thoat-nuoc-tac/feed/","cach-xu-ly-cong-thoat-nuoc-tac"
"target","200","true","https://thongtaccongquangninh.com/wp-json/oembed/1.0/embed?url=https%3A%2F%2Fthongtaccongquangninh.com%2Fcach-xu-ly-cong-thoat-nuoc-tac%2F","https://thongtaccongquangninh.com/wp-json/oembed/1.0/embed?url=https%3A%2F%2Fthongtaccongquangninh.com%2Fcach-xu-ly-cong-thoat-nuoc-tac%2F","cach-xu-ly-cong-thoat-nuoc-tac"
"target","200","true","https://thongtaccongquangninh.com/wp-json/oembed/1.0/embed?url=https%3A%2F%2Fthongtaccongquangninh.com%2Fcach-xu-ly-cong-thoat-nuoc-tac%2F&","https://thongtaccongquangninh.com/wp-json/oembed/1.0/embed?url=https%3A%2F%2Fthongtaccongquangninh.com%2Fcach-xu-ly-cong-thoat-nuoc-tac%2F&","cach-xu-ly-cong-thoat-nuoc-tac"
"target","200","true","https://thongtaccongquangninh.com/wp-json/wp/v2/posts/216","https://thongtaccongquangninh.com/wp-json/wp/v2/posts/216","cach-xu-ly-cong-thoat-nuoc-tac"
"target","200","true","https://thongtaccongquangninh.com/?p=216","https://thongtaccongquangninh.com/?p=216","cach-xu-ly-cong-thoat-nuoc-tac"
"target","200","true","https://thongtaccongquangninh.com/wp-content/uploads/2026/05/cach-xu-ly-cong-thoat-nuoc-tac-may-lo-xo.webp","https://thongtaccongquangninh.com/wp-content/uploads/2026/05/cach-xu-ly-cong-thoat-nuoc-tac-may-lo-xo.webp","cach-xu-ly-cong-thoat-nuoc-tac"
"target","200","true","https://thongtaccongquangninh.com/wp-content/uploads/2026/05/tho-thong-tac-cong-1-2-271x300.webp","https://thongtaccongquangninh.com/wp-content/uploads/2026/05/tho-thong-tac-cong-1-2-271x300.webp","cach-xu-ly-cong-thoat-nuoc-tac"
"target","200","true","https://thongtaccongquangninh.com/wp-content/uploads/2026/05/cach-xu-ly-cong-thoat-nuoc-tac-ho-ga.webp","https://thongtaccongquangninh.com/wp-content/uploads/2026/05/cach-xu-ly-cong-thoat-nuoc-tac-ho-ga.webp","cach-xu-ly-cong-thoat-nuoc-tac"
"target","200","true","https://thongtaccongquangninh.com/category/huong-dan/","https://thongtaccongquangninh.com/category/huong-dan/","cach-xu-ly-cong-thoat-nuoc-tac|dau-hieu-be-phot-can-hut"
"target","200","true","https://thongtaccongquangninh.com/dau-hieu-be-phot-can-hut/","https://thongtaccongquangninh.com/dau-hieu-be-phot-can-hut/","cach-xu-ly-cong-thoat-nuoc-tac|dau-hieu-be-phot-can-hut"
"target","200","true","https://thongtaccongquangninh.com/cam-nang-thong-tac-cong-tai-ha-long/","https://thongtaccongquangninh.com/cam-nang-thong-tac-cong-tai-ha-long/","cam-nang-thong-tac-cong-tai-ha-long|gia-thong-tac-bon-cau-quang-ninh|thong-tac-cong-bai-chay"
"target","200","true","https://thongtaccongquangninh.com/cam-nang-thong-tac-cong-tai-ha-long/feed/","https://thongtaccongquangninh.com/cam-nang-thong-tac-cong-tai-ha-long/feed/","cam-nang-thong-tac-cong-tai-ha-long"
"target","200","true","https://thongtaccongquangninh.com/wp-json/oembed/1.0/embed?url=https%3A%2F%2Fthongtaccongquangninh.com%2Fcam-nang-thong-tac-cong-tai-ha-long%2F","https://thongtaccongquangninh.com/wp-json/oembed/1.0/embed?url=https%3A%2F%2Fthongtaccongquangninh.com%2Fcam-nang-thong-tac-cong-tai-ha-long%2F","cam-nang-thong-tac-cong-tai-ha-long"
"target","200","true","https://thongtaccongquangninh.com/wp-json/oembed/1.0/embed?url=https%3A%2F%2Fthongtaccongquangninh.com%2Fcam-nang-thong-tac-cong-tai-ha-long%2F&","https://thongtaccongquangninh.com/wp-json/oembed/1.0/embed?url=https%3A%2F%2Fthongtaccongquangninh.com%2Fcam-nang-thong-tac-cong-tai-ha-long%2F&","cam-nang-thong-tac-cong-tai-ha-long"
"target","200","true","https://thongtaccongquangninh.com/wp-json/wp/v2/posts/2332","https://thongtaccongquangninh.com/wp-json/wp/v2/posts/2332","cam-nang-thong-tac-cong-tai-ha-long"
"target","200","true","https://thongtaccongquangninh.com/?p=2332","https://thongtaccongquangninh.com/?p=2332","cam-nang-thong-tac-cong-tai-ha-long"
"target","200","true","https://thongtaccongquangninh.com/author/cuben01/","https://thongtaccongquangninh.com/author/cuben01/","cam-nang-thong-tac-cong-tai-ha-long|cau-hoi-thuong-gap-thong-tac-cong|gia-thong-tac-bon-cau-quang-ninh|hut-be-phot-24-7-quang-ninh-2026|hut-be-phot-khan-cap-quang-ninh-2026|nao-vet-ho-ga|thong-tac-bon-cau-ban-dem-quang-ninh|thong-tac-bon-cau-bi-tac|thong-tac-bon-cau-khach-san-quang-ninh-2026|thong-tac-bon-cau-khan-cap-quang-ninh|thong-tac-bon-cau-khan-cap-quang-ninh-2|thong-tac-bon-cau-khong-duc-pha-quang-ninh|thong-tac-bon-cau-nha-dan-quang-ninh-2026|thong-tac-bon-cau-nha-hang-quang-ninh-2026|xu-ly-mui-hoi-nha-ve-sinh"
"target","200","true","https://thongtaccongquangninh.com/wp-content/uploads/2026/05/cam-nang-thong-tac-cong-tai-ha-long-anh-dau-bai.webp","https://thongtaccongquangninh.com/wp-content/uploads/2026/05/cam-nang-thong-tac-cong-tai-ha-long-anh-dau-bai.webp","cam-nang-thong-tac-cong-tai-ha-long"
"target","200","true","https://thongtaccongquangninh.com/nguyen-nhan-cong-tac-thuong-xuyen-ha-long/","https://thongtaccongquangninh.com/nguyen-nhan-cong-tac-thuong-xuyen-ha-long/","cam-nang-thong-tac-cong-tai-ha-long|nguyen-nhan-cong-tac-thuong-xuyen-ha-long"
"target","200","true","https://thongtaccongquangninh.com/thong-tac-cong-hong-gai-2/","https://thongtaccongquangninh.com/thong-tac-cong-hong-gai-2/","cam-nang-thong-tac-cong-tai-ha-long|hut-be-phot-tien-yen-2|thong-tac-cong-bai-chay|thong-tac-cong-hong-gai-2|trang-chu"
"target","200","true","https://thongtaccongquangninh.com/wp-content/uploads/2026/05/cam-nang-thong-tac-cong-tai-ha-long-hong-gai.webp","https://thongtaccongquangninh.com/wp-content/uploads/2026/05/cam-nang-thong-tac-cong-tai-ha-long-hong-gai.webp","cam-nang-thong-tac-cong-tai-ha-long"
"target","200","true","https://thongtaccongquangninh.com/thong-tac-cong-nha-hang-ha-long/","https://thongtaccongquangninh.com/thong-tac-cong-nha-hang-ha-long/","cam-nang-thong-tac-cong-tai-ha-long|thong-tac-cong-nha-hang-ha-long"
"target","200","true","https://thongtaccongquangninh.com/thong-tac-cong-chung-cu-ha-long/","https://thongtaccongquangninh.com/thong-tac-cong-chung-cu-ha-long/","cam-nang-thong-tac-cong-tai-ha-long|thong-tac-cong-chung-cu-ha-long|thong-tac-cong-nha-hang-ha-long"
"target","200","true","https://thongtaccongquangninh.com/thong-tac-cong-gieng-day/","https://thongtaccongquangninh.com/thong-tac-cong-gieng-day/","cam-nang-thong-tac-cong-tai-ha-long|thong-tac-cong-gieng-day|trang-chu"
"target","200","true","https://thongtaccongquangninh.com/thong-tac-cong-ngo-nho-ha-long/","https://thongtaccongquangninh.com/thong-tac-cong-ngo-nho-ha-long/","cam-nang-thong-tac-cong-tai-ha-long|thong-tac-cong-ngo-nho-ha-long"
"target","200","true","https://thongtaccongquangninh.com/blog/chi-phi-hut-be-phot-quang-ninh/","https://thongtaccongquangninh.com/chi-phi-hut-be-phot-quang-ninh-2/","cam-nang-thong-tac-cong-tai-ha-long"
"target","200","true","https://thongtaccongquangninh.com/wp-content/uploads/2026/05/cam-nang-thong-tac-cong-tai-ha-long-bang-gia.webp","https://thongtaccongquangninh.com/wp-content/uploads/2026/05/cam-nang-thong-tac-cong-tai-ha-long-bang-gia.webp","cam-nang-thong-tac-cong-tai-ha-long"
"target","200","true","https://thongtaccongquangninh.com/wp-content/uploads/2026/05/cam-nang-thong-tac-cong-tai-ha-long-quy-trinh.webp","https://thongtaccongquangninh.com/wp-content/uploads/2026/05/cam-nang-thong-tac-cong-tai-ha-long-quy-trinh.webp","cam-nang-thong-tac-cong-tai-ha-long"
"target","200","true","https://thongtaccongquangninh.com/wp-content/uploads/2026/05/cam-nang-thong-tac-cong-tai-ha-long-case-study.webp","https://thongtaccongquangninh.com/wp-content/uploads/2026/05/cam-nang-thong-tac-cong-tai-ha-long-case-study.webp","cam-nang-thong-tac-cong-tai-ha-long"
"target","200","true","https://thongtaccongquangninh.com/thong-tac-cong-bai-chay/","https://thongtaccongquangninh.com/thong-tac-cong-bai-chay/","cam-nang-thong-tac-cong-tai-ha-long|thong-tac-cong-bai-chay|thong-tac-cong-hong-gai-2|trang-chu"
"target","200","true","https://thongtaccongquangninh.com/gia-thong-tac-bon-cau-quang-ninh/","https://thongtaccongquangninh.com/gia-thong-tac-bon-cau-quang-ninh/","cam-nang-thong-tac-cong-tai-ha-long|gia-thong-tac-bon-cau-quang-ninh|thong-tac-bon-cau-khan-cap-quang-ninh|thong-tac-bon-cau-khong-duc-pha-quang-ninh|thong-tac-bon-cau-nha-hang-quang-ninh-2026"
"target","200","true","https://thongtaccongquangninh.com/wp-json/oembed/1.0/embed?url=https%3A%2F%2Fthongtaccongquangninh.com%2Fcau-hoi-thuong-gap-thong-tac-cong%2F","https://thongtaccongquangninh.com/wp-json/oembed/1.0/embed?url=https%3A%2F%2Fthongtaccongquangninh.com%2Fcau-hoi-thuong-gap-thong-tac-cong%2F","cau-hoi-thuong-gap-thong-tac-cong"
"target","200","true","https://thongtaccongquangninh.com/wp-json/oembed/1.0/embed?url=https%3A%2F%2Fthongtaccongquangninh.com%2Fcau-hoi-thuong-gap-thong-tac-cong%2F&","https://thongtaccongquangninh.com/wp-json/oembed/1.0/embed?url=https%3A%2F%2Fthongtaccongquangninh.com%2Fcau-hoi-thuong-gap-thong-tac-cong%2F&","cau-hoi-thuong-gap-thong-tac-cong"
"target","200","true","https://thongtaccongquangninh.com/wp-json/wp/v2/posts/1377","https://thongtaccongquangninh.com/wp-json/wp/v2/posts/1377","cau-hoi-thuong-gap-thong-tac-cong"
"target","200","true","https://thongtaccongquangninh.com/?p=1377","https://thongtaccongquangninh.com/?p=1377","cau-hoi-thuong-gap-thong-tac-cong"
"target","200","true","https://thongtaccongquangninh.com/wp-content/uploads/2026/05/trang-faq-tong-hop-thong-tac-cong-rankmath-draft-anh-dau-bai.png","https://thongtaccongquangninh.com/wp-content/uploads/2026/05/trang-faq-tong-hop-thong-tac-cong-rankmath-draft-anh-dau-bai.png","cau-hoi-thuong-gap-thong-tac-cong"
"target","200","true","https://thongtaccongquangninh.com/wp-content/uploads/2026/05/trang-faq-tong-hop-thong-tac-cong-rankmath-draft-khu-vuc-phuc-vu.png","https://thongtaccongquangninh.com/wp-content/uploads/2026/05/trang-faq-tong-hop-thong-tac-cong-rankmath-draft-khu-vuc-phuc-vu.png","cau-hoi-thuong-gap-thong-tac-cong"
"target","200","true","https://thongtaccongquangninh.com/wp-content/uploads/2026/05/trang-faq-tong-hop-thong-tac-cong-rankmath-draft-case-study.png","https://thongtaccongquangninh.com/wp-content/uploads/2026/05/trang-faq-tong-hop-thong-tac-cong-rankmath-draft-case-study.png","cau-hoi-thuong-gap-thong-tac-cong"
"target","200","true","https://thongtaccongquangninh.com/wp-content/uploads/2026/05/trang-faq-tong-hop-thong-tac-cong-rankmath-draft-quy-trinh-thi-cong.png","https://thongtaccongquangninh.com/wp-content/uploads/2026/05/trang-faq-tong-hop-thong-tac-cong-rankmath-draft-quy-trinh-thi-cong.png","cau-hoi-thuong-gap-thong-tac-cong"
"target","200","true","https://thongtaccongquangninh.com/wp-content/uploads/2026/05/trang-faq-tong-hop-thong-tac-cong-rankmath-draft-cta-niem-tin-scaled.png","https://thongtaccongquangninh.com/wp-content/uploads/2026/05/trang-faq-tong-hop-thong-tac-cong-rankmath-draft-cta-niem-tin-scaled.png","cau-hoi-thuong-gap-thong-tac-cong"
"target","200","true","https://thongtaccongquangninh.com/chi-phi-hut-be-phot-quang-ninh-2/","https://thongtaccongquangninh.com/chi-phi-hut-be-phot-quang-ninh-2/","chi-phi-hut-be-phot-quang-ninh-2"
"target","200","true","https://thongtaccongquangninh.com/wp-json/oembed/1.0/embed?url=https%3A%2F%2Fthongtaccongquangninh.com%2Fchi-phi-hut-be-phot-quang-ninh-2%2F","https://thongtaccongquangninh.com/wp-json/oembed/1.0/embed?url=https%3A%2F%2Fthongtaccongquangninh.com%2Fchi-phi-hut-be-phot-quang-ninh-2%2F","chi-phi-hut-be-phot-quang-ninh-2"
"target","200","true","https://thongtaccongquangninh.com/wp-json/oembed/1.0/embed?url=https%3A%2F%2Fthongtaccongquangninh.com%2Fchi-phi-hut-be-phot-quang-ninh-2%2F&","https://thongtaccongquangninh.com/wp-json/oembed/1.0/embed?url=https%3A%2F%2Fthongtaccongquangninh.com%2Fchi-phi-hut-be-phot-quang-ninh-2%2F&","chi-phi-hut-be-phot-quang-ninh-2"
"target","200","true","https://thongtaccongquangninh.com/wp-json/wp/v2/pages/2025","https://thongtaccongquangninh.com/wp-json/wp/v2/pages/2025","chi-phi-hut-be-phot-quang-ninh-2"
"target","200","true","https://thongtaccongquangninh.com/?p=2025","https://thongtaccongquangninh.com/?p=2025","chi-phi-hut-be-phot-quang-ninh-2"
"target","200","true","https://thongtaccongquangninh.com/wp-content/uploads/2026/05/chi-phi-hut-be-phot-quang-ninh-2-xe-hut-be-phot-ho-gia-dinh-1.webp","https://thongtaccongquangninh.com/wp-content/uploads/2026/05/chi-phi-hut-be-phot-quang-ninh-2-xe-hut-be-phot-ho-gia-dinh-1.webp","chi-phi-hut-be-phot-quang-ninh-2"
"target","200","true","https://thongtaccongquangninh.com/wp-content/uploads/2026/05/chi-phi-hut-be-phot-quang-ninh-2-xe-hut-be-phot-ho-gia-dinh-2.webp","https://thongtaccongquangninh.com/wp-content/uploads/2026/05/chi-phi-hut-be-phot-quang-ninh-2-xe-hut-be-phot-ho-gia-dinh-2.webp","chi-phi-hut-be-phot-quang-ninh-2"
"target","200","true","https://thongtaccongquangninh.com/wp-content/uploads/2026/05/chi-phi-hut-be-phot-quang-ninh-2-xe-hut-be-phot-ho-gia-dinh-3.webp","https://thongtaccongquangninh.com/wp-content/uploads/2026/05/chi-phi-hut-be-phot-quang-ninh-2-xe-hut-be-phot-ho-gia-dinh-3.webp","chi-phi-hut-be-phot-quang-ninh-2"
"target","200","true","https://thongtaccongquangninh.com/wp-json/oembed/1.0/embed?url=https%3A%2F%2Fthongtaccongquangninh.com%2Fchinh-sach-bao-hanh%2F","https://thongtaccongquangninh.com/wp-json/oembed/1.0/embed?url=https%3A%2F%2Fthongtaccongquangninh.com%2Fchinh-sach-bao-hanh%2F","chinh-sach-bao-hanh"
"target","200","true","https://thongtaccongquangninh.com/wp-json/oembed/1.0/embed?url=https%3A%2F%2Fthongtaccongquangninh.com%2Fchinh-sach-bao-hanh%2F&","https://thongtaccongquangninh.com/wp-json/oembed/1.0/embed?url=https%3A%2F%2Fthongtaccongquangninh.com%2Fchinh-sach-bao-hanh%2F&","chinh-sach-bao-hanh"
"target","200","true","https://thongtaccongquangninh.com/wp-json/wp/v2/pages/64","https://thongtaccongquangninh.com/wp-json/wp/v2/pages/64","chinh-sach-bao-hanh"
"target","200","true","https://thongtaccongquangninh.com/?p=64","https://thongtaccongquangninh.com/?p=64","chinh-sach-bao-hanh"
"target","200","true","https://thongtaccongquangninh.com/wp-content/uploads/2026/05/chinh-sach-bao-hanh-tho-thong-tac-cong-tai-nha-dan-o-quang-ninh-bang-may-lo-xo-1.webp","https://thongtaccongquangninh.com/wp-content/uploads/2026/05/chinh-sach-bao-hanh-tho-thong-tac-cong-tai-nha-dan-o-quang-ninh-bang-may-lo-xo-1.webp","chinh-sach-bao-hanh"
"target","200","true","https://thongtaccongquangninh.com/wp-content/uploads/2026/05/chinh-sach-bao-hanh-kiem-tra-ho-ga-va-duong-ong-thoat-nuoc-tai-quang-ninh-2.webp","https://thongtaccongquangninh.com/wp-content/uploads/2026/05/chinh-sach-bao-hanh-kiem-tra-ho-ga-va-duong-ong-thoat-nuoc-tai-quang-ninh-2.webp","chinh-sach-bao-hanh"
"target","200","true","https://thongtaccongquangninh.com/wp-content/uploads/2026/05/chinh-sach-bao-hanh-xu-ly-cong-bep-dau-mo-cho-nha-hang-quan-an-tai-quang-ninh-3.webp","https://thongtaccongquangninh.com/wp-content/uploads/2026/05/chinh-sach-bao-hanh-xu-ly-cong-bep-dau-mo-cho-nha-hang-quan-an-tai-quang-ninh-3.webp","chinh-sach-bao-hanh"
"target","200","true","https://thongtaccongquangninh.com/chinh-sach-bao-mat/","https://thongtaccongquangninh.com/chinh-sach-bao-mat/","chinh-sach-bao-mat"
"target","200","true","https://thongtaccongquangninh.com/wp-json/oembed/1.0/embed?url=https%3A%2F%2Fthongtaccongquangninh.com%2Fchinh-sach-bao-mat%2F","https://thongtaccongquangninh.com/wp-json/oembed/1.0/embed?url=https%3A%2F%2Fthongtaccongquangninh.com%2Fchinh-sach-bao-mat%2F","chinh-sach-bao-mat"
"target","200","true","https://thongtaccongquangninh.com/wp-json/oembed/1.0/embed?url=https%3A%2F%2Fthongtaccongquangninh.com%2Fchinh-sach-bao-mat%2F&","https://thongtaccongquangninh.com/wp-json/oembed/1.0/embed?url=https%3A%2F%2Fthongtaccongquangninh.com%2Fchinh-sach-bao-mat%2F&","chinh-sach-bao-mat"
"target","200","true","https://thongtaccongquangninh.com/wp-json/wp/v2/pages/282","https://thongtaccongquangninh.com/wp-json/wp/v2/pages/282","chinh-sach-bao-mat"
"target","200","true","https://thongtaccongquangninh.com/?p=282","https://thongtaccongquangninh.com/?p=282","chinh-sach-bao-mat"
"target","200","true","https://thongtaccongquangninh.com/chu-ky-hut-be-phot-3/feed/","https://thongtaccongquangninh.com/chu-ky-hut-be-phot-3/feed/","chu-ky-hut-be-phot-3"
"target","200","true","https://thongtaccongquangninh.com/wp-json/oembed/1.0/embed?url=https%3A%2F%2Fthongtaccongquangninh.com%2Fchu-ky-hut-be-phot-3%2F","https://thongtaccongquangninh.com/wp-json/oembed/1.0/embed?url=https%3A%2F%2Fthongtaccongquangninh.com%2Fchu-ky-hut-be-phot-3%2F","chu-ky-hut-be-phot-3"
"target","200","true","https://thongtaccongquangninh.com/wp-json/oembed/1.0/embed?url=https%3A%2F%2Fthongtaccongquangninh.com%2Fchu-ky-hut-be-phot-3%2F&","https://thongtaccongquangninh.com/wp-json/oembed/1.0/embed?url=https%3A%2F%2Fthongtaccongquangninh.com%2Fchu-ky-hut-be-phot-3%2F&","chu-ky-hut-be-phot-3"
"target","200","true","https://thongtaccongquangninh.com/wp-json/wp/v2/posts/2044","https://thongtaccongquangninh.com/wp-json/wp/v2/posts/2044","chu-ky-hut-be-phot-3"
"target","200","true","https://thongtaccongquangninh.com/?p=2044","https://thongtaccongquangninh.com/?p=2044","chu-ky-hut-be-phot-3"
"target","200","true","https://thongtaccongquangninh.com/wp-content/uploads/2026/05/chu-ky-hut-be-phot-anh-dau-bai-1.webp","https://thongtaccongquangninh.com/wp-content/uploads/2026/05/chu-ky-hut-be-phot-anh-dau-bai-1.webp","chu-ky-hut-be-phot-3"
"target","200","true","https://thongtaccongquangninh.com/wp-content/uploads/2026/05/chu-ky-hut-be-phot-minh-hoa-1.webp","https://thongtaccongquangninh.com/wp-content/uploads/2026/05/chu-ky-hut-be-phot-minh-hoa-1.webp","chu-ky-hut-be-phot-3"
"target","200","true","https://thongtaccongquangninh.com/wp-content/uploads/2026/05/chu-ky-hut-be-phot-3-xe-hut-be-phot-khu-cong-nghiep-3.webp","https://thongtaccongquangninh.com/wp-content/uploads/2026/05/chu-ky-hut-be-phot-3-xe-hut-be-phot-khu-cong-nghiep-3.webp","chu-ky-hut-be-phot-3"
"target","200","true","https://thongtaccongquangninh.com/hoa-chat-tu-thong-cong-3/","https://thongtaccongquangninh.com/hoa-chat-tu-thong-cong-3/","chu-ky-hut-be-phot-3|hoa-chat-tu-thong-cong-3|mui-hoi-cong-nguyen-nhan-xu-ly-4"
"target","200","true","https://thongtaccongquangninh.com/dau-hieu-be-phot-can-hut/feed/","https://thongtaccongquangninh.com/dau-hieu-be-phot-can-hut/feed/","dau-hieu-be-phot-can-hut"
"target","200","true","https://thongtaccongquangninh.com/wp-json/oembed/1.0/embed?url=https%3A%2F%2Fthongtaccongquangninh.com%2Fdau-hieu-be-phot-can-hut%2F","https://thongtaccongquangninh.com/wp-json/oembed/1.0/embed?url=https%3A%2F%2Fthongtaccongquangninh.com%2Fdau-hieu-be-phot-can-hut%2F","dau-hieu-be-phot-can-hut"
"target","200","true","https://thongtaccongquangninh.com/wp-json/oembed/1.0/embed?url=https%3A%2F%2Fthongtaccongquangninh.com%2Fdau-hieu-be-phot-can-hut%2F&","https://thongtaccongquangninh.com/wp-json/oembed/1.0/embed?url=https%3A%2F%2Fthongtaccongquangninh.com%2Fdau-hieu-be-phot-can-hut%2F&","dau-hieu-be-phot-can-hut"
"target","200","true","https://thongtaccongquangninh.com/wp-json/wp/v2/posts/215","https://thongtaccongquangninh.com/wp-json/wp/v2/posts/215","dau-hieu-be-phot-can-hut"
"target","200","true","https://thongtaccongquangninh.com/?p=215","https://thongtaccongquangninh.com/?p=215","dau-hieu-be-phot-can-hut"
"target","200","true","https://thongtaccongquangninh.com/wp-content/uploads/2026/05/dau-hieu-be-phot-can-hut-xe-bon.webp","https://thongtaccongquangninh.com/wp-content/uploads/2026/05/dau-hieu-be-phot-can-hut-xe-bon.webp","dau-hieu-be-phot-can-hut"
"target","200","true","https://thongtaccongquangninh.com/wp-content/uploads/2026/05/xe-hut-cong-ty-kcn-7-300x200.webp","https://thongtaccongquangninh.com/wp-content/uploads/2026/05/xe-hut-cong-ty-kcn-7-300x200.webp","dau-hieu-be-phot-can-hut"
"target","200","true","https://thongtaccongquangninh.com/wp-content/uploads/2026/05/dau-hieu-be-phot-can-hut-kiem-tra-ho-ga.webp","https://thongtaccongquangninh.com/wp-content/uploads/2026/05/dau-hieu-be-phot-can-hut-kiem-tra-ho-ga.webp","dau-hieu-be-phot-can-hut"
"target","200","true","https://thongtaccongquangninh.com/dieu-khoan-dich-vu/","https://thongtaccongquangninh.com/dieu-khoan-dich-vu/","dieu-khoan-dich-vu"
"target","200","true","https://thongtaccongquangninh.com/wp-json/oembed/1.0/embed?url=https%3A%2F%2Fthongtaccongquangninh.com%2Fdieu-khoan-dich-vu%2F","https://thongtaccongquangninh.com/wp-json/oembed/1.0/embed?url=https%3A%2F%2Fthongtaccongquangninh.com%2Fdieu-khoan-dich-vu%2F","dieu-khoan-dich-vu"
"target","200","true","https://thongtaccongquangninh.com/wp-json/oembed/1.0/embed?url=https%3A%2F%2Fthongtaccongquangninh.com%2Fdieu-khoan-dich-vu%2F&","https://thongtaccongquangninh.com/wp-json/oembed/1.0/embed?url=https%3A%2F%2Fthongtaccongquangninh.com%2Fdieu-khoan-dich-vu%2F&","dieu-khoan-dich-vu"
"target","200","true","https://thongtaccongquangninh.com/wp-json/wp/v2/pages/2445","https://thongtaccongquangninh.com/wp-json/wp/v2/pages/2445","dieu-khoan-dich-vu"
"target","200","true","https://thongtaccongquangninh.com/?p=2445","https://thongtaccongquangninh.com/?p=2445","dieu-khoan-dich-vu"
"target","200","true","https://thongtaccongquangninh.com/gia-thong-tac-bon-cau-quang-ninh/feed/","https://thongtaccongquangninh.com/gia-thong-tac-bon-cau-quang-ninh/feed/","gia-thong-tac-bon-cau-quang-ninh"
"target","200","true","https://thongtaccongquangninh.com/wp-json/oembed/1.0/embed?url=https%3A%2F%2Fthongtaccongquangninh.com%2Fgia-thong-tac-bon-cau-quang-ninh%2F","https://thongtaccongquangninh.com/wp-json/oembed/1.0/embed?url=https%3A%2F%2Fthongtaccongquangninh.com%2Fgia-thong-tac-bon-cau-quang-ninh%2F","gia-thong-tac-bon-cau-quang-ninh"
"target","200","true","https://thongtaccongquangninh.com/wp-json/oembed/1.0/embed?url=https%3A%2F%2Fthongtaccongquangninh.com%2Fgia-thong-tac-bon-cau-quang-ninh%2F&","https://thongtaccongquangninh.com/wp-json/oembed/1.0/embed?url=https%3A%2F%2Fthongtaccongquangninh.com%2Fgia-thong-tac-bon-cau-quang-ninh%2F&","gia-thong-tac-bon-cau-quang-ninh"
"target","200","true","https://thongtaccongquangninh.com/wp-json/wp/v2/posts/2357","https://thongtaccongquangninh.com/wp-json/wp/v2/posts/2357","gia-thong-tac-bon-cau-quang-ninh"
"target","200","true","https://thongtaccongquangninh.com/?p=2357","https://thongtaccongquangninh.com/?p=2357","gia-thong-tac-bon-cau-quang-ninh"
"target","200","true","https://thongtaccongquangninh.com/wp-content/uploads/2026/05/gia-thong-tac-bon-cau-quang-ninh-may-lo-xo.webp","https://thongtaccongquangninh.com/wp-content/uploads/2026/05/gia-thong-tac-bon-cau-quang-ninh-may-lo-xo.webp","gia-thong-tac-bon-cau-quang-ninh"
"target","200","true","https://thongtaccongquangninh.com/wp-content/uploads/2026/05/bang-gia-thong-tac-bon-cau-quang-ninh-2026.webp","https://thongtaccongquangninh.com/wp-content/uploads/2026/05/bang-gia-thong-tac-bon-cau-quang-ninh-2026.webp","gia-thong-tac-bon-cau-quang-ninh"
"target","200","true","https://thongtaccongquangninh.com/wp-content/uploads/2026/05/thong-tac-bon-cau-khach-san-bai-chay-ha-long.webp","https://thongtaccongquangninh.com/wp-content/uploads/2026/05/thong-tac-bon-cau-khach-san-bai-chay-ha-long.webp","gia-thong-tac-bon-cau-quang-ninh"
"target","200","true","https://thongtaccongquangninh.com/category/uncategorized/","https://thongtaccongquangninh.com/category/uncategorized/","gia-thong-tac-bon-cau-quang-ninh|hut-be-phot-24-7-quang-ninh-2026|hut-be-phot-khan-cap-quang-ninh-2026|thong-tac-bon-cau-ban-dem-quang-ninh|thong-tac-bon-cau-khach-san-quang-ninh-2026|thong-tac-bon-cau-khan-cap-quang-ninh|thong-tac-bon-cau-khan-cap-quang-ninh-2|thong-tac-bon-cau-khong-duc-pha-quang-ninh|thong-tac-bon-cau-nha-dan-quang-ninh-2026|thong-tac-bon-cau-nha-hang-quang-ninh-2026"
"target","200","true","https://thongtaccongquangninh.com/thong-tac-bon-cau-khan-cap-quang-ninh/","https://thongtaccongquangninh.com/thong-tac-bon-cau-khan-cap-quang-ninh/","gia-thong-tac-bon-cau-quang-ninh|thong-tac-bon-cau-khan-cap-quang-ninh|thong-tac-bon-cau-khan-cap-quang-ninh-2|thong-tac-bon-cau-nha-dan-quang-ninh-2026"
"target","200","true","https://thongtaccongquangninh.com/wp-json/oembed/1.0/embed?url=https%3A%2F%2Fthongtaccongquangninh.com%2Fgioi-thieu%2F","https://thongtaccongquangninh.com/wp-json/oembed/1.0/embed?url=https%3A%2F%2Fthongtaccongquangninh.com%2Fgioi-thieu%2F","gioi-thieu"
"target","200","true","https://thongtaccongquangninh.com/wp-json/oembed/1.0/embed?url=https%3A%2F%2Fthongtaccongquangninh.com%2Fgioi-thieu%2F&","https://thongtaccongquangninh.com/wp-json/oembed/1.0/embed?url=https%3A%2F%2Fthongtaccongquangninh.com%2Fgioi-thieu%2F&","gioi-thieu"
"target","200","true","https://thongtaccongquangninh.com/wp-json/wp/v2/pages/62","https://thongtaccongquangninh.com/wp-json/wp/v2/pages/62","gioi-thieu"
"target","200","true","https://thongtaccongquangninh.com/?p=62","https://thongtaccongquangninh.com/?p=62","gioi-thieu"
"target","200","true","https://thongtaccongquangninh.com/wp-content/uploads/2026/05/gioi-thieu-xe-hut-moi-truong-quang-ninh.webp","https://thongtaccongquangninh.com/wp-content/uploads/2026/05/gioi-thieu-xe-hut-moi-truong-quang-ninh.webp","gioi-thieu"
"target","200","true","https://thongtaccongquangninh.com/wp-content/uploads/2026/05/gioi-thieu-tho-thong-tac-cong-quang-ninh.webp","https://thongtaccongquangninh.com/wp-content/uploads/2026/05/gioi-thieu-tho-thong-tac-cong-quang-ninh.webp","gioi-thieu"
"target","200","true","https://thongtaccongquangninh.com/wp-content/uploads/2026/05/gioi-thieu-xu-ly-mui-hoi-quang-ninh.webp","https://thongtaccongquangninh.com/wp-content/uploads/2026/05/gioi-thieu-xu-ly-mui-hoi-quang-ninh.webp","gioi-thieu"
"target","200","true","https://thongtaccongquangninh.com/he-thong-lien-ket-doi-tac/","https://thongtaccongquangninh.com/he-thong-lien-ket-doi-tac/","he-thong-lien-ket-doi-tac"
"target","200","true","https://thongtaccongquangninh.com/wp-json/oembed/1.0/embed?url=https%3A%2F%2Fthongtaccongquangninh.com%2Fhe-thong-lien-ket-doi-tac%2F","https://thongtaccongquangninh.com/wp-json/oembed/1.0/embed?url=https%3A%2F%2Fthongtaccongquangninh.com%2Fhe-thong-lien-ket-doi-tac%2F","he-thong-lien-ket-doi-tac"
"target","200","true","https://thongtaccongquangninh.com/wp-json/oembed/1.0/embed?url=https%3A%2F%2Fthongtaccongquangninh.com%2Fhe-thong-lien-ket-doi-tac%2F&","https://thongtaccongquangninh.com/wp-json/oembed/1.0/embed?url=https%3A%2F%2Fthongtaccongquangninh.com%2Fhe-thong-lien-ket-doi-tac%2F&","he-thong-lien-ket-doi-tac"
"target","200","true","https://thongtaccongquangninh.com/wp-json/wp/v2/pages/2022","https://thongtaccongquangninh.com/wp-json/wp/v2/pages/2022","he-thong-lien-ket-doi-tac"
"target","200","true","https://thongtaccongquangninh.com/?p=2022","https://thongtaccongquangninh.com/?p=2022","he-thong-lien-ket-doi-tac"
"target","200","true","https://thongtaccongquangninh.com/wp-content/uploads/2026/05/he-thong-lien-ket-doi-tac-may-lo-xo-thong-cong-1.webp","https://thongtaccongquangninh.com/wp-content/uploads/2026/05/he-thong-lien-ket-doi-tac-may-lo-xo-thong-cong-1.webp","he-thong-lien-ket-doi-tac"
"target","200","true","https://thongtaccongquangninh.com/wp-content/uploads/2026/05/he-thong-lien-ket-doi-tac-may-lo-xo-thong-cong-2.webp","https://thongtaccongquangninh.com/wp-content/uploads/2026/05/he-thong-lien-ket-doi-tac-may-lo-xo-thong-cong-2.webp","he-thong-lien-ket-doi-tac"
"target","200","true","https://thongtaccongquangninh.com/wp-content/uploads/2026/05/he-thong-lien-ket-doi-tac-may-lo-xo-thong-cong-3.webp","https://thongtaccongquangninh.com/wp-content/uploads/2026/05/he-thong-lien-ket-doi-tac-may-lo-xo-thong-cong-3.webp","he-thong-lien-ket-doi-tac"
"target","200","true","https://thongtaccongquangninh.com/hoa-chat-tu-thong-cong-3/feed/","https://thongtaccongquangninh.com/hoa-chat-tu-thong-cong-3/feed/","hoa-chat-tu-thong-cong-3"
"target","200","true","https://thongtaccongquangninh.com/wp-json/oembed/1.0/embed?url=https%3A%2F%2Fthongtaccongquangninh.com%2Fhoa-chat-tu-thong-cong-3%2F","https://thongtaccongquangninh.com/wp-json/oembed/1.0/embed?url=https%3A%2F%2Fthongtaccongquangninh.com%2Fhoa-chat-tu-thong-cong-3%2F","hoa-chat-tu-thong-cong-3"
"target","200","true","https://thongtaccongquangninh.com/wp-json/oembed/1.0/embed?url=https%3A%2F%2Fthongtaccongquangninh.com%2Fhoa-chat-tu-thong-cong-3%2F&","https://thongtaccongquangninh.com/wp-json/oembed/1.0/embed?url=https%3A%2F%2Fthongtaccongquangninh.com%2Fhoa-chat-tu-thong-cong-3%2F&","hoa-chat-tu-thong-cong-3"
"target","200","true","https://thongtaccongquangninh.com/wp-json/wp/v2/posts/2045","https://thongtaccongquangninh.com/wp-json/wp/v2/posts/2045","hoa-chat-tu-thong-cong-3"
"target","200","true","https://thongtaccongquangninh.com/?p=2045","https://thongtaccongquangninh.com/?p=2045","hoa-chat-tu-thong-cong-3"
"target","200","true","https://thongtaccongquangninh.com/wp-content/uploads/2026/05/hoa-chat-thong-cong-an-toan-quang-ninh-01.webp","https://thongtaccongquangninh.com/wp-content/uploads/2026/05/hoa-chat-thong-cong-an-toan-quang-ninh-01.webp","hoa-chat-tu-thong-cong-3"
"target","200","true","https://thongtaccongquangninh.com/wp-content/uploads/2026/05/thong-tac-cong-chuyen-nghiep-quang-ninh-02.webp","https://thongtaccongquangninh.com/wp-content/uploads/2026/05/thong-tac-cong-chuyen-nghiep-quang-ninh-02.webp","hoa-chat-tu-thong-cong-3"
"target","200","true","https://thongtaccongquangninh.com/wp-content/uploads/2026/05/hoa-chat-tu-thong-cong-3-may-lo-xo-thong-cong-3.webp","https://thongtaccongquangninh.com/wp-content/uploads/2026/05/hoa-chat-tu-thong-cong-3-may-lo-xo-thong-cong-3.webp","hoa-chat-tu-thong-cong-3"
"target","200","true","https://thongtaccongquangninh.com/mui-hoi-cong-nguyen-nhan-xu-ly-4/","https://thongtaccongquangninh.com/mui-hoi-cong-nguyen-nhan-xu-ly-4/","hoa-chat-tu-thong-cong-3|hut-be-phot-ba-che-2|mui-hoi-cong-nguyen-nhan-xu-ly-4"
"target","200","true","https://thongtaccongquangninh.com/hut-be-phot-24-7-quang-ninh-2026/","https://thongtaccongquangninh.com/hut-be-phot-24-7-quang-ninh-2026/","hut-be-phot-24-7-quang-ninh-2026|hut-be-phot-khan-cap-quang-ninh-2026"
"target","200","true","https://thongtaccongquangninh.com/hut-be-phot-24-7-quang-ninh-2026/feed/","https://thongtaccongquangninh.com/hut-be-phot-24-7-quang-ninh-2026/feed/","hut-be-phot-24-7-quang-ninh-2026"
"target","200","true","https://thongtaccongquangninh.com/wp-json/oembed/1.0/embed?url=https%3A%2F%2Fthongtaccongquangninh.com%2Fhut-be-phot-24-7-quang-ninh-2026%2F","https://thongtaccongquangninh.com/wp-json/oembed/1.0/embed?url=https%3A%2F%2Fthongtaccongquangninh.com%2Fhut-be-phot-24-7-quang-ninh-2026%2F","hut-be-phot-24-7-quang-ninh-2026"
"target","200","true","https://thongtaccongquangninh.com/wp-json/oembed/1.0/embed?url=https%3A%2F%2Fthongtaccongquangninh.com%2Fhut-be-phot-24-7-quang-ninh-2026%2F&","https://thongtaccongquangninh.com/wp-json/oembed/1.0/embed?url=https%3A%2F%2Fthongtaccongquangninh.com%2Fhut-be-phot-24-7-quang-ninh-2026%2F&","hut-be-phot-24-7-quang-ninh-2026"
"target","200","true","https://thongtaccongquangninh.com/wp-json/wp/v2/posts/2439","https://thongtaccongquangninh.com/wp-json/wp/v2/posts/2439","hut-be-phot-24-7-quang-ninh-2026"
"target","200","true","https://thongtaccongquangninh.com/?p=2439","https://thongtaccongquangninh.com/?p=2439","hut-be-phot-24-7-quang-ninh-2026"
"target","200","true","https://thongtaccongquangninh.com/wp-content/uploads/2026/06/hut-be-phot-24-7-quang-ninh-2026-01.webp","https://thongtaccongquangninh.com/wp-content/uploads/2026/06/hut-be-phot-24-7-quang-ninh-2026-01.webp","hut-be-phot-24-7-quang-ninh-2026"
"target","200","true","https://thongtaccongquangninh.com/wp-content/uploads/2026/06/hut-be-phot-24-7-quang-ninh-2026-03.webp","https://thongtaccongquangninh.com/wp-content/uploads/2026/06/hut-be-phot-24-7-quang-ninh-2026-03.webp","hut-be-phot-24-7-quang-ninh-2026"
"target","200","true","https://thongtaccongquangninh.com/wp-content/uploads/2026/06/hut-be-phot-24-7-quang-ninh-2026-02.webp","https://thongtaccongquangninh.com/wp-content/uploads/2026/06/hut-be-phot-24-7-quang-ninh-2026-02.webp","hut-be-phot-24-7-quang-ninh-2026"
"target","200","true","https://thongtaccongquangninh.com/hut-be-phot-khan-cap-quang-ninh-2026/","https://thongtaccongquangninh.com/hut-be-phot-khan-cap-quang-ninh-2026/","hut-be-phot-24-7-quang-ninh-2026|hut-be-phot-khan-cap-quang-ninh-2026|thong-tac-bon-cau-khach-san-quang-ninh-2026"
"target","200","true","https://thongtaccongquangninh.com/hut-be-phot-ba-che-2/","https://thongtaccongquangninh.com/hut-be-phot-ba-che-2/","hut-be-phot-ba-che-2|hut-be-phot-binh-lieu-2|mui-hoi-cong-nguyen-nhan-xu-ly-4"
"target","200","true","https://thongtaccongquangninh.com/hut-be-phot-ba-che-2/feed/","https://thongtaccongquangninh.com/hut-be-phot-ba-che-2/feed/","hut-be-phot-ba-che-2"
"target","200","true","https://thongtaccongquangninh.com/wp-json/oembed/1.0/embed?url=https%3A%2F%2Fthongtaccongquangninh.com%2Fhut-be-phot-ba-che-2%2F","https://thongtaccongquangninh.com/wp-json/oembed/1.0/embed?url=https%3A%2F%2Fthongtaccongquangninh.com%2Fhut-be-phot-ba-che-2%2F","hut-be-phot-ba-che-2"
"target","200","true","https://thongtaccongquangninh.com/wp-json/oembed/1.0/embed?url=https%3A%2F%2Fthongtaccongquangninh.com%2Fhut-be-phot-ba-che-2%2F&","https://thongtaccongquangninh.com/wp-json/oembed/1.0/embed?url=https%3A%2F%2Fthongtaccongquangninh.com%2Fhut-be-phot-ba-che-2%2F&","hut-be-phot-ba-che-2"
"target","200","true","https://thongtaccongquangninh.com/wp-json/wp/v2/posts/2047","https://thongtaccongquangninh.com/wp-json/wp/v2/posts/2047","hut-be-phot-ba-che-2"
"target","200","true","https://thongtaccongquangninh.com/?p=2047","https://thongtaccongquangninh.com/?p=2047","hut-be-phot-ba-che-2"
"target","200","true","https://thongtaccongquangninh.com/wp-content/uploads/2026/05/hut-be-phot-ba-che-quang-ninh-anh-dau-bai.webp","https://thongtaccongquangninh.com/wp-content/uploads/2026/05/hut-be-phot-ba-che-quang-ninh-anh-dau-bai.webp","hut-be-phot-ba-che-2"
"target","200","true","https://thongtaccongquangninh.com/wp-content/uploads/2026/05/hut-be-phot-ba-che-quang-ninh-xe-hut-be-phot.webp","https://thongtaccongquangninh.com/wp-content/uploads/2026/05/hut-be-phot-ba-che-quang-ninh-xe-hut-be-phot.webp","hut-be-phot-ba-che-2"
"target","200","true","https://thongtaccongquangninh.com/wp-content/uploads/2026/05/hut-be-phot-ba-che-quang-ninh-case-study.webp","https://thongtaccongquangninh.com/wp-content/uploads/2026/05/hut-be-phot-ba-che-quang-ninh-case-study.webp","hut-be-phot-ba-che-2"
"target","200","true","https://thongtaccongquangninh.com/hut-be-phot-binh-lieu-2/","https://thongtaccongquangninh.com/hut-be-phot-binh-lieu-2/","hut-be-phot-ba-che-2|hut-be-phot-binh-lieu-2|hut-be-phot-co-to-2"
"target","200","true","https://thongtaccongquangninh.com/hut-be-phot-bai-chay/","https://thongtaccongquangninh.com/hut-be-phot-bai-chay/","hut-be-phot-bai-chay|trang-chu"
"target","200","true","https://thongtaccongquangninh.com/wp-json/oembed/1.0/embed?url=https%3A%2F%2Fthongtaccongquangninh.com%2Fhut-be-phot-bai-chay%2F","https://thongtaccongquangninh.com/wp-json/oembed/1.0/embed?url=https%3A%2F%2Fthongtaccongquangninh.com%2Fhut-be-phot-bai-chay%2F","hut-be-phot-bai-chay"
"target","200","true","https://thongtaccongquangninh.com/wp-json/oembed/1.0/embed?url=https%3A%2F%2Fthongtaccongquangninh.com%2Fhut-be-phot-bai-chay%2F&","https://thongtaccongquangninh.com/wp-json/oembed/1.0/embed?url=https%3A%2F%2Fthongtaccongquangninh.com%2Fhut-be-phot-bai-chay%2F&","hut-be-phot-bai-chay"
"target","200","true","https://thongtaccongquangninh.com/wp-json/wp/v2/pages/436","https://thongtaccongquangninh.com/wp-json/wp/v2/pages/436","hut-be-phot-bai-chay"
"target","200","true","https://thongtaccongquangninh.com/?p=436","https://thongtaccongquangninh.com/?p=436","hut-be-phot-bai-chay"
"target","200","true","https://thongtaccongquangninh.com/wp-content/uploads/2026/04/xe-hut-be-phot-chuyen-dung-quang-ninh-02.webp","https://thongtaccongquangninh.com/wp-content/uploads/2026/04/xe-hut-be-phot-chuyen-dung-quang-ninh-02.webp","hut-be-phot-bai-chay"
"target","200","true","https://thongtaccongquangninh.com/wp-content/uploads/2026/05/hut-be-phot-bai-chay-xe-bon-hut-be-phot-2.webp","https://thongtaccongquangninh.com/wp-content/uploads/2026/05/hut-be-phot-bai-chay-xe-bon-hut-be-phot-2.webp","hut-be-phot-bai-chay"
"target","200","true","https://thongtaccongquangninh.com/wp-content/uploads/2026/05/hut-be-phot-bai-chay-keo-ong-hut-be-phot-3.webp","https://thongtaccongquangninh.com/wp-content/uploads/2026/05/hut-be-phot-bai-chay-keo-ong-hut-be-phot-3.webp","hut-be-phot-bai-chay"
"target","200","true","https://thongtaccongquangninh.com/hut-be-phot-binh-lieu-2/feed/","https://thongtaccongquangninh.com/hut-be-phot-binh-lieu-2/feed/","hut-be-phot-binh-lieu-2"
"target","200","true","https://thongtaccongquangninh.com/wp-json/oembed/1.0/embed?url=https%3A%2F%2Fthongtaccongquangninh.com%2Fhut-be-phot-binh-lieu-2%2F","https://thongtaccongquangninh.com/wp-json/oembed/1.0/embed?url=https%3A%2F%2Fthongtaccongquangninh.com%2Fhut-be-phot-binh-lieu-2%2F","hut-be-phot-binh-lieu-2"
"target","200","true","https://thongtaccongquangninh.com/wp-json/oembed/1.0/embed?url=https%3A%2F%2Fthongtaccongquangninh.com%2Fhut-be-phot-binh-lieu-2%2F&","https://thongtaccongquangninh.com/wp-json/oembed/1.0/embed?url=https%3A%2F%2Fthongtaccongquangninh.com%2Fhut-be-phot-binh-lieu-2%2F&","hut-be-phot-binh-lieu-2"
"target","200","true","https://thongtaccongquangninh.com/wp-json/wp/v2/posts/2048","https://thongtaccongquangninh.com/wp-json/wp/v2/posts/2048","hut-be-phot-binh-lieu-2"
"target","200","true","https://thongtaccongquangninh.com/?p=2048","https://thongtaccongquangninh.com/?p=2048","hut-be-phot-binh-lieu-2"
"target","200","true","https://thongtaccongquangninh.com/wp-content/uploads/2026/05/hut-be-phot-binh-lieu-quang-ninh-anh-dau-bai.webp","https://thongtaccongquangninh.com/wp-content/uploads/2026/05/hut-be-phot-binh-lieu-quang-ninh-anh-dau-bai.webp","hut-be-phot-binh-lieu-2"
"target","200","true","https://thongtaccongquangninh.com/wp-content/uploads/2026/05/hut-be-phot-binh-lieu-quang-ninh-xe-hut-be-phot.webp","https://thongtaccongquangninh.com/wp-content/uploads/2026/05/hut-be-phot-binh-lieu-quang-ninh-xe-hut-be-phot.webp","hut-be-phot-binh-lieu-2"
"target","200","true","https://thongtaccongquangninh.com/wp-content/uploads/2026/05/hut-be-phot-binh-lieu-quang-ninh-case-study.webp","https://thongtaccongquangninh.com/wp-content/uploads/2026/05/hut-be-phot-binh-lieu-quang-ninh-case-study.webp","hut-be-phot-binh-lieu-2"
"target","200","true","https://thongtaccongquangninh.com/hut-be-phot-co-to-2/","https://thongtaccongquangninh.com/hut-be-phot-co-to-2/","hut-be-phot-binh-lieu-2|hut-be-phot-co-to-2|hut-be-phot-dam-ha-2"
"target","200","true","https://thongtaccongquangninh.com/wp-json/oembed/1.0/embed?url=https%3A%2F%2Fthongtaccongquangninh.com%2Fhut-be-phot-cam-pha%2F","https://thongtaccongquangninh.com/wp-json/oembed/1.0/embed?url=https%3A%2F%2Fthongtaccongquangninh.com%2Fhut-be-phot-cam-pha%2F","hut-be-phot-cam-pha"
"target","200","true","https://thongtaccongquangninh.com/wp-json/oembed/1.0/embed?url=https%3A%2F%2Fthongtaccongquangninh.com%2Fhut-be-phot-cam-pha%2F&","https://thongtaccongquangninh.com/wp-json/oembed/1.0/embed?url=https%3A%2F%2Fthongtaccongquangninh.com%2Fhut-be-phot-cam-pha%2F&","hut-be-phot-cam-pha"
"target","200","true","https://thongtaccongquangninh.com/wp-json/wp/v2/pages/53","https://thongtaccongquangninh.com/wp-json/wp/v2/pages/53","hut-be-phot-cam-pha"
"target","200","true","https://thongtaccongquangninh.com/?p=53","https://thongtaccongquangninh.com/?p=53","hut-be-phot-cam-pha"
"target","200","true","https://thongtaccongquangninh.com/wp-content/uploads/2026/05/hut-be-phot-cam-pha-xe-hut-be-phot-ho-gia-dinh-1.webp","https://thongtaccongquangninh.com/wp-content/uploads/2026/05/hut-be-phot-cam-pha-xe-hut-be-phot-ho-gia-dinh-1.webp","hut-be-phot-cam-pha"
"target","200","true","https://thongtaccongquangninh.com/wp-content/uploads/2026/05/hut-be-phot-cam-pha-xe-hut-be-phot-ho-gia-dinh-2.webp","https://thongtaccongquangninh.com/wp-content/uploads/2026/05/hut-be-phot-cam-pha-xe-hut-be-phot-ho-gia-dinh-2.webp","hut-be-phot-cam-pha"
"target","200","true","https://thongtaccongquangninh.com/thong-tac-cong-cam-pha/","https://thongtaccongquangninh.com/thong-tac-cong-cam-pha/","hut-be-phot-cam-pha|thong-tac-chau-rua-quang-ninh|thong-tac-cong-cam-pha|thong-tac-cong-dong-trieu|thong-tac-cong-mong-cai|thong-tac-cong-ngo-nho-ha-long|thong-tac-cong-quang-ninh|thong-tac-cong-van-don"
"target","200","true","https://thongtaccongquangninh.com/wp-content/uploads/2026/05/hut-be-phot-cam-pha-xe-hut-be-phot-khu-cong-nghiep-3.webp","https://thongtaccongquangninh.com/wp-content/uploads/2026/05/hut-be-phot-cam-pha-xe-hut-be-phot-khu-cong-nghiep-3.webp","hut-be-phot-cam-pha"
"target","200","true","https://thongtaccongquangninh.com/hut-be-phot-co-to-2/feed/","https://thongtaccongquangninh.com/hut-be-phot-co-to-2/feed/","hut-be-phot-co-to-2"
"target","200","true","https://thongtaccongquangninh.com/wp-json/oembed/1.0/embed?url=https%3A%2F%2Fthongtaccongquangninh.com%2Fhut-be-phot-co-to-2%2F","https://thongtaccongquangninh.com/wp-json/oembed/1.0/embed?url=https%3A%2F%2Fthongtaccongquangninh.com%2Fhut-be-phot-co-to-2%2F","hut-be-phot-co-to-2"
"target","200","true","https://thongtaccongquangninh.com/wp-json/oembed/1.0/embed?url=https%3A%2F%2Fthongtaccongquangninh.com%2Fhut-be-phot-co-to-2%2F&","https://thongtaccongquangninh.com/wp-json/oembed/1.0/embed?url=https%3A%2F%2Fthongtaccongquangninh.com%2Fhut-be-phot-co-to-2%2F&","hut-be-phot-co-to-2"
"target","200","true","https://thongtaccongquangninh.com/wp-json/wp/v2/posts/2049","https://thongtaccongquangninh.com/wp-json/wp/v2/posts/2049","hut-be-phot-co-to-2"
"target","200","true","https://thongtaccongquangninh.com/?p=2049","https://thongtaccongquangninh.com/?p=2049","hut-be-phot-co-to-2"
"target","200","true","https://thongtaccongquangninh.com/wp-content/uploads/2026/05/hut-be-phot-co-to-quang-ninh-anh-dau-bai.webp","https://thongtaccongquangninh.com/wp-content/uploads/2026/05/hut-be-phot-co-to-quang-ninh-anh-dau-bai.webp","hut-be-phot-co-to-2"
"target","200","true","https://thongtaccongquangninh.com/wp-content/uploads/2026/05/hut-be-phot-co-to-quang-ninh-xe-hut-be-phot.webp","https://thongtaccongquangninh.com/wp-content/uploads/2026/05/hut-be-phot-co-to-quang-ninh-xe-hut-be-phot.webp","hut-be-phot-co-to-2"
"target","200","true","https://thongtaccongquangninh.com/wp-content/uploads/2026/05/hut-be-phot-co-to-quang-ninh-case-study.webp","https://thongtaccongquangninh.com/wp-content/uploads/2026/05/hut-be-phot-co-to-quang-ninh-case-study.webp","hut-be-phot-co-to-2"
"target","200","true","https://thongtaccongquangninh.com/hut-be-phot-dam-ha-2/","https://thongtaccongquangninh.com/hut-be-phot-dam-ha-2/","hut-be-phot-co-to-2|hut-be-phot-dam-ha-2|hut-be-phot-hai-ha-2"
"target","200","true","https://thongtaccongquangninh.com/hut-be-phot-dam-ha-2/feed/","https://thongtaccongquangninh.com/hut-be-phot-dam-ha-2/feed/","hut-be-phot-dam-ha-2"
"target","200","true","https://thongtaccongquangninh.com/wp-json/oembed/1.0/embed?url=https%3A%2F%2Fthongtaccongquangninh.com%2Fhut-be-phot-dam-ha-2%2F","https://thongtaccongquangninh.com/wp-json/oembed/1.0/embed?url=https%3A%2F%2Fthongtaccongquangninh.com%2Fhut-be-phot-dam-ha-2%2F","hut-be-phot-dam-ha-2"
"target","200","true","https://thongtaccongquangninh.com/wp-json/oembed/1.0/embed?url=https%3A%2F%2Fthongtaccongquangninh.com%2Fhut-be-phot-dam-ha-2%2F&","https://thongtaccongquangninh.com/wp-json/oembed/1.0/embed?url=https%3A%2F%2Fthongtaccongquangninh.com%2Fhut-be-phot-dam-ha-2%2F&","hut-be-phot-dam-ha-2"
"target","200","true","https://thongtaccongquangninh.com/wp-json/wp/v2/posts/2050","https://thongtaccongquangninh.com/wp-json/wp/v2/posts/2050","hut-be-phot-dam-ha-2"
"target","200","true","https://thongtaccongquangninh.com/?p=2050","https://thongtaccongquangninh.com/?p=2050","hut-be-phot-dam-ha-2"
"target","200","true","https://thongtaccongquangninh.com/wp-content/uploads/2026/05/hut-be-phot-dam-ha-quang-ninh-anh-dau-bai.webp","https://thongtaccongquangninh.com/wp-content/uploads/2026/05/hut-be-phot-dam-ha-quang-ninh-anh-dau-bai.webp","hut-be-phot-dam-ha-2"
"target","200","true","https://thongtaccongquangninh.com/wp-content/uploads/2026/05/hut-be-phot-dam-ha-quang-ninh-xe-hut-be-phot.webp","https://thongtaccongquangninh.com/wp-content/uploads/2026/05/hut-be-phot-dam-ha-quang-ninh-xe-hut-be-phot.webp","hut-be-phot-dam-ha-2"
"target","200","true","https://thongtaccongquangninh.com/wp-content/uploads/2026/05/hut-be-phot-dam-ha-quang-ninh-case-study.webp","https://thongtaccongquangninh.com/wp-content/uploads/2026/05/hut-be-phot-dam-ha-quang-ninh-case-study.webp","hut-be-phot-dam-ha-2"
"target","200","true","https://thongtaccongquangninh.com/hut-be-phot-hai-ha-2/","https://thongtaccongquangninh.com/hut-be-phot-hai-ha-2/","hut-be-phot-dam-ha-2|hut-be-phot-hai-ha-2|hut-be-phot-tien-yen-2|trang-chu"
"target","200","true","https://thongtaccongquangninh.com/wp-json/oembed/1.0/embed?url=https%3A%2F%2Fthongtaccongquangninh.com%2Fhut-be-phot-dong-trieu%2F","https://thongtaccongquangninh.com/wp-json/oembed/1.0/embed?url=https%3A%2F%2Fthongtaccongquangninh.com%2Fhut-be-phot-dong-trieu%2F","hut-be-phot-dong-trieu"
"target","200","true","https://thongtaccongquangninh.com/wp-json/oembed/1.0/embed?url=https%3A%2F%2Fthongtaccongquangninh.com%2Fhut-be-phot-dong-trieu%2F&","https://thongtaccongquangninh.com/wp-json/oembed/1.0/embed?url=https%3A%2F%2Fthongtaccongquangninh.com%2Fhut-be-phot-dong-trieu%2F&","hut-be-phot-dong-trieu"
"target","200","true","https://thongtaccongquangninh.com/wp-json/wp/v2/pages/56","https://thongtaccongquangninh.com/wp-json/wp/v2/pages/56","hut-be-phot-dong-trieu"
"target","200","true","https://thongtaccongquangninh.com/?p=56","https://thongtaccongquangninh.com/?p=56","hut-be-phot-dong-trieu"
"target","200","true","https://thongtaccongquangninh.com/wp-content/uploads/2026/05/hut-be-phot-dong-trieu-xe-bon-hut-be-phot-tai-nha-dan-o-dong-trieu-1.webp","https://thongtaccongquangninh.com/wp-content/uploads/2026/05/hut-be-phot-dong-trieu-xe-bon-hut-be-phot-tai-nha-dan-o-dong-trieu-1.webp","hut-be-phot-dong-trieu"
"target","200","true","https://thongtaccongquangninh.com/wp-content/uploads/2026/05/hut-be-phot-dong-trieu-doi-xe-hut-be-phot-2.webp","https://thongtaccongquangninh.com/wp-content/uploads/2026/05/hut-be-phot-dong-trieu-doi-xe-hut-be-phot-2.webp","hut-be-phot-dong-trieu"
"target","200","true","https://thongtaccongquangninh.com/thong-tac-cong-dong-trieu/","https://thongtaccongquangninh.com/thong-tac-cong-dong-trieu/","hut-be-phot-dong-trieu|thong-tac-cong-dong-trieu"
"target","200","true","https://thongtaccongquangninh.com/wp-content/uploads/2026/05/hut-be-phot-dong-trieu-tho-keo-ong-hut-be-phot-vao-ngo-sau-tai-dong-trieu-2.webp","https://thongtaccongquangninh.com/wp-content/uploads/2026/05/hut-be-phot-dong-trieu-tho-keo-ong-hut-be-phot-vao-ngo-sau-tai-dong-trieu-2.webp","hut-be-phot-dong-trieu"
"target","200","true","https://thongtaccongquangninh.com/thong-tac-bon-cau-dong-trieu/","https://thongtaccongquangninh.com/thong-tac-bon-cau-dong-trieu/","hut-be-phot-dong-trieu|thong-tac-bon-cau-dong-trieu|thong-tac-cong-dong-trieu"
"target","200","true","https://thongtaccongquangninh.com/wp-json/oembed/1.0/embed?url=https%3A%2F%2Fthongtaccongquangninh.com%2Fhut-be-phot-ha-long%2F","https://thongtaccongquangninh.com/wp-json/oembed/1.0/embed?url=https%3A%2F%2Fthongtaccongquangninh.com%2Fhut-be-phot-ha-long%2F","hut-be-phot-ha-long"
"target","200","true","https://thongtaccongquangninh.com/wp-json/oembed/1.0/embed?url=https%3A%2F%2Fthongtaccongquangninh.com%2Fhut-be-phot-ha-long%2F&","https://thongtaccongquangninh.com/wp-json/oembed/1.0/embed?url=https%3A%2F%2Fthongtaccongquangninh.com%2Fhut-be-phot-ha-long%2F&","hut-be-phot-ha-long"
"target","200","true","https://thongtaccongquangninh.com/wp-json/wp/v2/pages/52","https://thongtaccongquangninh.com/wp-json/wp/v2/pages/52","hut-be-phot-ha-long"
"target","200","true","https://thongtaccongquangninh.com/?p=52","https://thongtaccongquangninh.com/?p=52","hut-be-phot-ha-long"
"target","200","true","https://thongtaccongquangninh.com/wp-content/uploads/2026/05/hut-be-phot-ha-long-xe-hut-be-phot-khu-cong-nghiep-1.webp","https://thongtaccongquangninh.com/wp-content/uploads/2026/05/hut-be-phot-ha-long-xe-hut-be-phot-khu-cong-nghiep-1.webp","hut-be-phot-ha-long"
"target","200","true","https://thongtaccongquangninh.com/wp-content/uploads/2026/05/hut-be-phot-ha-long-xe-hut-be-phot-khu-cong-nghiep-2.webp","https://thongtaccongquangninh.com/wp-content/uploads/2026/05/hut-be-phot-ha-long-xe-hut-be-phot-khu-cong-nghiep-2.webp","hut-be-phot-ha-long"
"target","200","true","https://thongtaccongquangninh.com/wp-content/uploads/2026/05/hut-be-phot-ha-long-xe-hut-be-phot-khu-cong-nghiep-3.webp","https://thongtaccongquangninh.com/wp-content/uploads/2026/05/hut-be-phot-ha-long-xe-hut-be-phot-khu-cong-nghiep-3.webp","hut-be-phot-ha-long"
"target","200","true","https://thongtaccongquangninh.com/hut-be-phot-hai-ha-2/feed/","https://thongtaccongquangninh.com/hut-be-phot-hai-ha-2/feed/","hut-be-phot-hai-ha-2"
"target","200","true","https://thongtaccongquangninh.com/wp-json/oembed/1.0/embed?url=https%3A%2F%2Fthongtaccongquangninh.com%2Fhut-be-phot-hai-ha-2%2F","https://thongtaccongquangninh.com/wp-json/oembed/1.0/embed?url=https%3A%2F%2Fthongtaccongquangninh.com%2Fhut-be-phot-hai-ha-2%2F","hut-be-phot-hai-ha-2"
"target","200","true","https://thongtaccongquangninh.com/wp-json/oembed/1.0/embed?url=https%3A%2F%2Fthongtaccongquangninh.com%2Fhut-be-phot-hai-ha-2%2F&","https://thongtaccongquangninh.com/wp-json/oembed/1.0/embed?url=https%3A%2F%2Fthongtaccongquangninh.com%2Fhut-be-phot-hai-ha-2%2F&","hut-be-phot-hai-ha-2"
"target","200","true","https://thongtaccongquangninh.com/wp-json/wp/v2/posts/2051","https://thongtaccongquangninh.com/wp-json/wp/v2/posts/2051","hut-be-phot-hai-ha-2"
"target","200","true","https://thongtaccongquangninh.com/?p=2051","https://thongtaccongquangninh.com/?p=2051","hut-be-phot-hai-ha-2"
"target","200","true","https://thongtaccongquangninh.com/wp-content/uploads/2026/05/hut-be-phot-hai-ha-quang-ninh-anh-dau-bai.webp","https://thongtaccongquangninh.com/wp-content/uploads/2026/05/hut-be-phot-hai-ha-quang-ninh-anh-dau-bai.webp","hut-be-phot-hai-ha-2"
"target","200","true","https://thongtaccongquangninh.com/wp-content/uploads/2026/05/hut-be-phot-hai-ha-quang-ninh-xe-hut-be-phot.webp","https://thongtaccongquangninh.com/wp-content/uploads/2026/05/hut-be-phot-hai-ha-quang-ninh-xe-hut-be-phot.webp","hut-be-phot-hai-ha-2"
"target","200","true","https://thongtaccongquangninh.com/wp-content/uploads/2026/05/hut-be-phot-hai-ha-quang-ninh-case-study.webp","https://thongtaccongquangninh.com/wp-content/uploads/2026/05/hut-be-phot-hai-ha-quang-ninh-case-study.webp","hut-be-phot-hai-ha-2"
"target","200","true","https://thongtaccongquangninh.com/hut-be-phot-tien-yen-2/","https://thongtaccongquangninh.com/hut-be-phot-tien-yen-2/","hut-be-phot-hai-ha-2|hut-be-phot-tien-yen-2|thong-tac-cong-hong-gai-2"
"target","200","true","https://thongtaccongquangninh.com/hut-be-phot-khan-cap-quang-ninh-2026/feed/","https://thongtaccongquangninh.com/hut-be-phot-khan-cap-quang-ninh-2026/feed/","hut-be-phot-khan-cap-quang-ninh-2026"
"target","200","true","https://thongtaccongquangninh.com/wp-json/oembed/1.0/embed?url=https%3A%2F%2Fthongtaccongquangninh.com%2Fhut-be-phot-khan-cap-quang-ninh-2026%2F","https://thongtaccongquangninh.com/wp-json/oembed/1.0/embed?url=https%3A%2F%2Fthongtaccongquangninh.com%2Fhut-be-phot-khan-cap-quang-ninh-2026%2F","hut-be-phot-khan-cap-quang-ninh-2026"
"target","200","true","https://thongtaccongquangninh.com/wp-json/oembed/1.0/embed?url=https%3A%2F%2Fthongtaccongquangninh.com%2Fhut-be-phot-khan-cap-quang-ninh-2026%2F&","https://thongtaccongquangninh.com/wp-json/oembed/1.0/embed?url=https%3A%2F%2Fthongtaccongquangninh.com%2Fhut-be-phot-khan-cap-quang-ninh-2026%2F&","hut-be-phot-khan-cap-quang-ninh-2026"
"target","200","true","https://thongtaccongquangninh.com/wp-json/wp/v2/posts/2430","https://thongtaccongquangninh.com/wp-json/wp/v2/posts/2430","hut-be-phot-khan-cap-quang-ninh-2026"
"target","200","true","https://thongtaccongquangninh.com/?p=2430","https://thongtaccongquangninh.com/?p=2430","hut-be-phot-khan-cap-quang-ninh-2026"
"target","200","true","https://thongtaccongquangninh.com/wp-content/uploads/2026/06/hut-be-phot-khan-cap-quang-ninh-2026-01.webp","https://thongtaccongquangninh.com/wp-content/uploads/2026/06/hut-be-phot-khan-cap-quang-ninh-2026-01.webp","hut-be-phot-khan-cap-quang-ninh-2026"
"target","200","true","https://thongtaccongquangninh.com/wp-content/uploads/2026/06/hut-be-phot-khan-cap-quang-ninh-2026-03.webp","https://thongtaccongquangninh.com/wp-content/uploads/2026/06/hut-be-phot-khan-cap-quang-ninh-2026-03.webp","hut-be-phot-khan-cap-quang-ninh-2026"
"target","200","true","https://thongtaccongquangninh.com/wp-content/uploads/2026/06/hut-be-phot-khan-cap-quang-ninh-2026-02.webp","https://thongtaccongquangninh.com/wp-content/uploads/2026/06/hut-be-phot-khan-cap-quang-ninh-2026-02.webp","hut-be-phot-khan-cap-quang-ninh-2026"
"target","200","true","https://thongtaccongquangninh.com/thong-tac-bon-cau-khach-san-quang-ninh-2026/","https://thongtaccongquangninh.com/thong-tac-bon-cau-khach-san-quang-ninh-2026/","hut-be-phot-khan-cap-quang-ninh-2026|thong-tac-bon-cau-khach-san-quang-ninh-2026|thong-tac-bon-cau-nha-hang-quang-ninh-2026"
"target","200","true","https://thongtaccongquangninh.com/wp-json/oembed/1.0/embed?url=https%3A%2F%2Fthongtaccongquangninh.com%2Fhut-be-phot-mong-cai%2F","https://thongtaccongquangninh.com/wp-json/oembed/1.0/embed?url=https%3A%2F%2Fthongtaccongquangninh.com%2Fhut-be-phot-mong-cai%2F","hut-be-phot-mong-cai"
"target","200","true","https://thongtaccongquangninh.com/wp-json/oembed/1.0/embed?url=https%3A%2F%2Fthongtaccongquangninh.com%2Fhut-be-phot-mong-cai%2F&","https://thongtaccongquangninh.com/wp-json/oembed/1.0/embed?url=https%3A%2F%2Fthongtaccongquangninh.com%2Fhut-be-phot-mong-cai%2F&","hut-be-phot-mong-cai"
"target","200","true","https://thongtaccongquangninh.com/wp-json/wp/v2/pages/55","https://thongtaccongquangninh.com/wp-json/wp/v2/pages/55","hut-be-phot-mong-cai"
"target","200","true","https://thongtaccongquangninh.com/?p=55","https://thongtaccongquangninh.com/?p=55","hut-be-phot-mong-cai"
"target","200","true","https://thongtaccongquangninh.com/wp-content/uploads/2026/05/hut-be-phot-mong-cai-xe-bon-hut-be-phot-tai-nha-dan-o-mong-cai-1.webp","https://thongtaccongquangninh.com/wp-content/uploads/2026/05/hut-be-phot-mong-cai-xe-bon-hut-be-phot-tai-nha-dan-o-mong-cai-1.webp","hut-be-phot-mong-cai"
"target","200","true","https://thongtaccongquangninh.com/wp-content/uploads/2026/05/hut-be-phot-mong-cai-xe-bon-moi-truong-2.webp","https://thongtaccongquangninh.com/wp-content/uploads/2026/05/hut-be-phot-mong-cai-xe-bon-moi-truong-2.webp","hut-be-phot-mong-cai"
"target","200","true","https://thongtaccongquangninh.com/thong-tac-cong-mong-cai/","https://thongtaccongquangninh.com/thong-tac-cong-mong-cai/","hut-be-phot-mong-cai|thong-tac-cong-mong-cai|thong-tac-cong-quang-ninh"
"target","200","true","https://thongtaccongquangninh.com/wp-content/uploads/2026/05/hut-be-phot-mong-cai-xe-bon-khu-cong-nghiep-3.webp","https://thongtaccongquangninh.com/wp-content/uploads/2026/05/hut-be-phot-mong-cai-xe-bon-khu-cong-nghiep-3.webp","hut-be-phot-mong-cai"
"target","200","true","https://thongtaccongquangninh.com/thong-tac-bon-cau-mong-cai/","https://thongtaccongquangninh.com/thong-tac-bon-cau-mong-cai/","hut-be-phot-mong-cai|thong-tac-bon-cau-mong-cai|thong-tac-cong-mong-cai"
"target","200","true","https://thongtaccongquangninh.com/wp-json/oembed/1.0/embed?url=https%3A%2F%2Fthongtaccongquangninh.com%2Fhut-be-phot-quang-ninh%2F","https://thongtaccongquangninh.com/wp-json/oembed/1.0/embed?url=https%3A%2F%2Fthongtaccongquangninh.com%2Fhut-be-phot-quang-ninh%2F","hut-be-phot-quang-ninh"
"target","200","true","https://thongtaccongquangninh.com/wp-json/oembed/1.0/embed?url=https%3A%2F%2Fthongtaccongquangninh.com%2Fhut-be-phot-quang-ninh%2F&","https://thongtaccongquangninh.com/wp-json/oembed/1.0/embed?url=https%3A%2F%2Fthongtaccongquangninh.com%2Fhut-be-phot-quang-ninh%2F&","hut-be-phot-quang-ninh"
"target","200","true","https://thongtaccongquangninh.com/wp-content/plugins/elementor/assets/css/frontend.min.css?ver=4.0.8","https://thongtaccongquangninh.com/wp-content/plugins/elementor/assets/css/frontend.min.css?ver=4.0.8","hut-be-phot-quang-ninh|thong-tac-bon-cau-cam-pha"
"target","200","true","https://thongtaccongquangninh.com/wp-content/uploads/elementor/css/post-19.css?ver=1780346748","https://thongtaccongquangninh.com/wp-content/uploads/elementor/css/post-19.css?ver=1780346748","hut-be-phot-quang-ninh|thong-tac-bon-cau-cam-pha"
"target","200","true","https://thongtaccongquangninh.com/wp-content/uploads/elementor/css/base-desktop.css?ver=6a1def7c11db5","https://thongtaccongquangninh.com/wp-content/uploads/elementor/css/base-desktop.css?ver=6a1def7c11db5","hut-be-phot-quang-ninh|thong-tac-bon-cau-cam-pha"
"target","200","true","https://thongtaccongquangninh.com/wp-json/wp/v2/pages/26","https://thongtaccongquangninh.com/wp-json/wp/v2/pages/26","hut-be-phot-quang-ninh"
"target","200","true","https://thongtaccongquangninh.com/?p=26","https://thongtaccongquangninh.com/?p=26","hut-be-phot-quang-ninh"
"target","200","true","https://thongtaccongquangninh.com/wp-content/uploads/2026/05/hut-be-phot-quang-ninh-xe-bon-hut-be-phot-tai-nha-dan-o-quang-ninh-1.webp","https://thongtaccongquangninh.com/wp-content/uploads/2026/05/hut-be-phot-quang-ninh-xe-bon-hut-be-phot-tai-nha-dan-o-quang-ninh-1.webp","hut-be-phot-quang-ninh"
"target","200","true","https://thongtaccongquangninh.com/wp-content/uploads/2026/05/hut-be-phot-quang-ninh-tho-keo-ong-hut-be-phot-vao-ngo-sau-tai-quang-ninh-2.webp","https://thongtaccongquangninh.com/wp-content/uploads/2026/05/hut-be-phot-quang-ninh-tho-keo-ong-hut-be-phot-vao-ngo-sau-tai-quang-ninh-2.webp","hut-be-phot-quang-ninh"
"target","200","true","https://www.youtube.com/embed/DmiPD6WM9Jg","https://www.youtube.com/embed/DmiPD6WM9Jg","hut-be-phot-quang-ninh"
"target","200","true","https://thongtaccongquangninh.com/wp-content/uploads/2026/05/hut-be-phot-quang-ninh-mo-nap-be-phot-hoac-ho-ga-truoc-khi-hut-tai-quang-ninh-3.webp","https://thongtaccongquangninh.com/wp-content/uploads/2026/05/hut-be-phot-quang-ninh-mo-nap-be-phot-hoac-ho-ga-truoc-khi-hut-tai-quang-ninh-3.webp","hut-be-phot-quang-ninh"
"target","200","true","https://thongtaccongquangninh.com/wp-json/oembed/1.0/embed?url=https%3A%2F%2Fthongtaccongquangninh.com%2Fhut-be-phot-quang-yen%2F","https://thongtaccongquangninh.com/wp-json/oembed/1.0/embed?url=https%3A%2F%2Fthongtaccongquangninh.com%2Fhut-be-phot-quang-yen%2F","hut-be-phot-quang-yen"
"target","200","true","https://thongtaccongquangninh.com/wp-json/oembed/1.0/embed?url=https%3A%2F%2Fthongtaccongquangninh.com%2Fhut-be-phot-quang-yen%2F&","https://thongtaccongquangninh.com/wp-json/oembed/1.0/embed?url=https%3A%2F%2Fthongtaccongquangninh.com%2Fhut-be-phot-quang-yen%2F&","hut-be-phot-quang-yen"
"target","200","true","https://thongtaccongquangninh.com/wp-json/wp/v2/pages/57","https://thongtaccongquangninh.com/wp-json/wp/v2/pages/57","hut-be-phot-quang-yen"
"target","200","true","https://thongtaccongquangninh.com/?p=57","https://thongtaccongquangninh.com/?p=57","hut-be-phot-quang-yen"
"target","200","true","https://thongtaccongquangninh.com/wp-content/uploads/2026/05/hut-be-phot-quang-yen-xe-hut-be-phot-ho-gia-dinh-1.webp","https://thongtaccongquangninh.com/wp-content/uploads/2026/05/hut-be-phot-quang-yen-xe-hut-be-phot-ho-gia-dinh-1.webp","hut-be-phot-quang-yen"
"target","200","true","https://thongtaccongquangninh.com/wp-content/uploads/2026/05/hut-be-phot-quang-yen-xe-hut-be-phot-ho-gia-dinh-2.webp","https://thongtaccongquangninh.com/wp-content/uploads/2026/05/hut-be-phot-quang-yen-xe-hut-be-phot-ho-gia-dinh-2.webp","hut-be-phot-quang-yen"
"target","200","true","https://thongtaccongquangninh.com/thong-tac-cong-quang-yen/","https://thongtaccongquangninh.com/thong-tac-cong-quang-yen/","hut-be-phot-quang-yen|thong-tac-cong-quang-yen"
"target","200","true","https://thongtaccongquangninh.com/wp-content/uploads/2026/05/hut-be-phot-quang-yen-xe-hut-be-phot-ho-gia-dinh-3.webp","https://thongtaccongquangninh.com/wp-content/uploads/2026/05/hut-be-phot-quang-yen-xe-hut-be-phot-ho-gia-dinh-3.webp","hut-be-phot-quang-yen"
"target","200","true","https://thongtaccongquangninh.com/hut-be-phot-tien-yen-2/feed/","https://thongtaccongquangninh.com/hut-be-phot-tien-yen-2/feed/","hut-be-phot-tien-yen-2"
"target","200","true","https://thongtaccongquangninh.com/wp-json/oembed/1.0/embed?url=https%3A%2F%2Fthongtaccongquangninh.com%2Fhut-be-phot-tien-yen-2%2F","https://thongtaccongquangninh.com/wp-json/oembed/1.0/embed?url=https%3A%2F%2Fthongtaccongquangninh.com%2Fhut-be-phot-tien-yen-2%2F","hut-be-phot-tien-yen-2"
"target","200","true","https://thongtaccongquangninh.com/wp-json/oembed/1.0/embed?url=https%3A%2F%2Fthongtaccongquangninh.com%2Fhut-be-phot-tien-yen-2%2F&","https://thongtaccongquangninh.com/wp-json/oembed/1.0/embed?url=https%3A%2F%2Fthongtaccongquangninh.com%2Fhut-be-phot-tien-yen-2%2F&","hut-be-phot-tien-yen-2"
"target","200","true","https://thongtaccongquangninh.com/wp-json/wp/v2/posts/2052","https://thongtaccongquangninh.com/wp-json/wp/v2/posts/2052","hut-be-phot-tien-yen-2"
"target","200","true","https://thongtaccongquangninh.com/?p=2052","https://thongtaccongquangninh.com/?p=2052","hut-be-phot-tien-yen-2"
"target","200","true","https://thongtaccongquangninh.com/wp-content/uploads/2026/05/hut-be-phot-tien-yen-quang-ninh-anh-dau-bai.webp","https://thongtaccongquangninh.com/wp-content/uploads/2026/05/hut-be-phot-tien-yen-quang-ninh-anh-dau-bai.webp","hut-be-phot-tien-yen-2"
"target","200","true","https://thongtaccongquangninh.com/wp-content/uploads/2026/05/hut-be-phot-tien-yen-quang-ninh-xe-hut-be-phot.webp","https://thongtaccongquangninh.com/wp-content/uploads/2026/05/hut-be-phot-tien-yen-quang-ninh-xe-hut-be-phot.webp","hut-be-phot-tien-yen-2"
"target","200","true","https://thongtaccongquangninh.com/wp-content/uploads/2026/05/hut-be-phot-tien-yen-quang-ninh-case-study.webp","https://thongtaccongquangninh.com/wp-content/uploads/2026/05/hut-be-phot-tien-yen-quang-ninh-case-study.webp","hut-be-phot-tien-yen-2"
"target","200","true","https://thongtaccongquangninh.com/wp-json/oembed/1.0/embed?url=https%3A%2F%2Fthongtaccongquangninh.com%2Fhut-be-phot-uong-bi%2F","https://thongtaccongquangninh.com/wp-json/oembed/1.0/embed?url=https%3A%2F%2Fthongtaccongquangninh.com%2Fhut-be-phot-uong-bi%2F","hut-be-phot-uong-bi"
"target","200","true","https://thongtaccongquangninh.com/wp-json/oembed/1.0/embed?url=https%3A%2F%2Fthongtaccongquangninh.com%2Fhut-be-phot-uong-bi%2F&","https://thongtaccongquangninh.com/wp-json/oembed/1.0/embed?url=https%3A%2F%2Fthongtaccongquangninh.com%2Fhut-be-phot-uong-bi%2F&","hut-be-phot-uong-bi"
"target","200","true","https://thongtaccongquangninh.com/wp-json/wp/v2/pages/54","https://thongtaccongquangninh.com/wp-json/wp/v2/pages/54","hut-be-phot-uong-bi"
"target","200","true","https://thongtaccongquangninh.com/?p=54","https://thongtaccongquangninh.com/?p=54","hut-be-phot-uong-bi"
"target","200","true","https://thongtaccongquangninh.com/wp-content/uploads/2026/05/hut-be-phot-uong-bi-xe-hut-be-phot-ho-gia-dinh-1.webp","https://thongtaccongquangninh.com/wp-content/uploads/2026/05/hut-be-phot-uong-bi-xe-hut-be-phot-ho-gia-dinh-1.webp","hut-be-phot-uong-bi"
"target","200","true","https://thongtaccongquangninh.com/wp-content/uploads/2026/05/hut-be-phot-uong-bi-xe-hut-be-phot-ho-gia-dinh-2.webp","https://thongtaccongquangninh.com/wp-content/uploads/2026/05/hut-be-phot-uong-bi-xe-hut-be-phot-ho-gia-dinh-2.webp","hut-be-phot-uong-bi"
"target","200","true","https://thongtaccongquangninh.com/thong-tac-cong-uong-bi/","https://thongtaccongquangninh.com/thong-tac-cong-uong-bi/","hut-be-phot-uong-bi|thong-tac-chau-rua-quang-ninh|thong-tac-cong-quang-ninh|thong-tac-cong-uong-bi"
"target","200","true","https://thongtaccongquangninh.com/wp-content/uploads/2026/05/hut-be-phot-uong-bi-xe-hut-be-phot-ho-gia-dinh-3.webp","https://thongtaccongquangninh.com/wp-content/uploads/2026/05/hut-be-phot-uong-bi-xe-hut-be-phot-ho-gia-dinh-3.webp","hut-be-phot-uong-bi"
"target","200","true","https://thongtaccongquangninh.com/wp-json/oembed/1.0/embed?url=https%3A%2F%2Fthongtaccongquangninh.com%2Fhut-be-phot-van-don%2F","https://thongtaccongquangninh.com/wp-json/oembed/1.0/embed?url=https%3A%2F%2Fthongtaccongquangninh.com%2Fhut-be-phot-van-don%2F","hut-be-phot-van-don"
"target","200","true","https://thongtaccongquangninh.com/wp-json/oembed/1.0/embed?url=https%3A%2F%2Fthongtaccongquangninh.com%2Fhut-be-phot-van-don%2F&","https://thongtaccongquangninh.com/wp-json/oembed/1.0/embed?url=https%3A%2F%2Fthongtaccongquangninh.com%2Fhut-be-phot-van-don%2F&","hut-be-phot-van-don"
"target","200","true","https://thongtaccongquangninh.com/wp-json/wp/v2/pages/58","https://thongtaccongquangninh.com/wp-json/wp/v2/pages/58","hut-be-phot-van-don"
"target","200","true","https://thongtaccongquangninh.com/?p=58","https://thongtaccongquangninh.com/?p=58","hut-be-phot-van-don"
"target","200","true","https://thongtaccongquangninh.com/wp-content/uploads/2026/05/hut-be-phot-van-don-xe-bon-hut-be-phot-tai-nha-dan-o-van-don-1.webp","https://thongtaccongquangninh.com/wp-content/uploads/2026/05/hut-be-phot-van-don-xe-bon-hut-be-phot-tai-nha-dan-o-van-don-1.webp","hut-be-phot-van-don"
"target","200","true","https://thongtaccongquangninh.com/wp-content/uploads/2026/05/hut-be-phot-van-don-xe-bon-ho-ga-2.webp","https://thongtaccongquangninh.com/wp-content/uploads/2026/05/hut-be-phot-van-don-xe-bon-ho-ga-2.webp","hut-be-phot-van-don"
"target","200","true","https://thongtaccongquangninh.com/thong-tac-cong-van-don/","https://thongtaccongquangninh.com/thong-tac-cong-van-don/","hut-be-phot-van-don|thong-tac-cong-van-don"
"target","200","true","https://thongtaccongquangninh.com/wp-content/uploads/2026/05/hut-be-phot-van-don-hut-be-phot-ho-ga-3.webp","https://thongtaccongquangninh.com/wp-content/uploads/2026/05/hut-be-phot-van-don-hut-be-phot-ho-ga-3.webp","hut-be-phot-van-don"
"target","200","true","https://thongtaccongquangninh.com/thong-tac-bon-cau-van-don/","https://thongtaccongquangninh.com/thong-tac-bon-cau-van-don/","hut-be-phot-van-don|thong-tac-bon-cau-van-don|thong-tac-cong-van-don"
"target","200","true","https://thongtaccongquangninh.com/wp-json/oembed/1.0/embed?url=https%3A%2F%2Fthongtaccongquangninh.com%2Flien-he%2F","https://thongtaccongquangninh.com/wp-json/oembed/1.0/embed?url=https%3A%2F%2Fthongtaccongquangninh.com%2Flien-he%2F","lien-he"
"target","200","true","https://thongtaccongquangninh.com/wp-json/oembed/1.0/embed?url=https%3A%2F%2Fthongtaccongquangninh.com%2Flien-he%2F&","https://thongtaccongquangninh.com/wp-json/oembed/1.0/embed?url=https%3A%2F%2Fthongtaccongquangninh.com%2Flien-he%2F&","lien-he"
"target","200","true","https://thongtaccongquangninh.com/wp-json/wp/v2/pages/63","https://thongtaccongquangninh.com/wp-json/wp/v2/pages/63","lien-he"
"target","200","true","https://thongtaccongquangninh.com/?p=63","https://thongtaccongquangninh.com/?p=63","lien-he"
"target","200","true","https://thongtaccongquangninh.com/wp-content/uploads/2026/05/lien-he-xe-hut-be-phot-quang-ninh.webp","https://thongtaccongquangninh.com/wp-content/uploads/2026/05/lien-he-xe-hut-be-phot-quang-ninh.webp","lien-he"
"target","200","true","https://thongtaccongquangninh.com/wp-content/uploads/2026/05/lien-he-tho-thong-tac-cong-quang-ninh.webp","https://thongtaccongquangninh.com/wp-content/uploads/2026/05/lien-he-tho-thong-tac-cong-quang-ninh.webp","lien-he"
"target","200","true","https://thongtaccongquangninh.com/wp-content/uploads/2026/05/lien-he-nao-vet-ho-ga-quang-ninh.webp","https://thongtaccongquangninh.com/wp-content/uploads/2026/05/lien-he-nao-vet-ho-ga-quang-ninh.webp","lien-he"
"target","200","true","https://thongtaccongquangninh.com/mui-hoi-cong-nguyen-nhan-xu-ly-4/feed/","https://thongtaccongquangninh.com/mui-hoi-cong-nguyen-nhan-xu-ly-4/feed/","mui-hoi-cong-nguyen-nhan-xu-ly-4"
"target","200","true","https://thongtaccongquangninh.com/wp-json/oembed/1.0/embed?url=https%3A%2F%2Fthongtaccongquangninh.com%2Fmui-hoi-cong-nguyen-nhan-xu-ly-4%2F","https://thongtaccongquangninh.com/wp-json/oembed/1.0/embed?url=https%3A%2F%2Fthongtaccongquangninh.com%2Fmui-hoi-cong-nguyen-nhan-xu-ly-4%2F","mui-hoi-cong-nguyen-nhan-xu-ly-4"
"target","200","true","https://thongtaccongquangninh.com/wp-json/oembed/1.0/embed?url=https%3A%2F%2Fthongtaccongquangninh.com%2Fmui-hoi-cong-nguyen-nhan-xu-ly-4%2F&","https://thongtaccongquangninh.com/wp-json/oembed/1.0/embed?url=https%3A%2F%2Fthongtaccongquangninh.com%2Fmui-hoi-cong-nguyen-nhan-xu-ly-4%2F&","mui-hoi-cong-nguyen-nhan-xu-ly-4"
"target","200","true","https://thongtaccongquangninh.com/wp-json/wp/v2/posts/2046","https://thongtaccongquangninh.com/wp-json/wp/v2/posts/2046","mui-hoi-cong-nguyen-nhan-xu-ly-4"
"target","200","true","https://thongtaccongquangninh.com/?p=2046","https://thongtaccongquangninh.com/?p=2046","mui-hoi-cong-nguyen-nhan-xu-ly-4"
"target","200","true","https://thongtaccongquangninh.com/wp-content/uploads/2026/05/mui-hoi-cong-nguyen-nhan-xu-ly-anh-dau-bai-1.webp","https://thongtaccongquangninh.com/wp-content/uploads/2026/05/mui-hoi-cong-nguyen-nhan-xu-ly-anh-dau-bai-1.webp","mui-hoi-cong-nguyen-nhan-xu-ly-4"
"target","200","true","https://thongtaccongquangninh.com/wp-content/uploads/2026/05/mui-hoi-cong-nguyen-nhan-xu-ly-xu-ly-mui-1.webp","https://thongtaccongquangninh.com/wp-content/uploads/2026/05/mui-hoi-cong-nguyen-nhan-xu-ly-xu-ly-mui-1.webp","mui-hoi-cong-nguyen-nhan-xu-ly-4"
"target","200","true","https://thongtaccongquangninh.com/wp-content/uploads/2026/05/mui-hoi-cong-nguyen-nhan-xu-ly-4-may-lo-xo-thong-cong-3.webp","https://thongtaccongquangninh.com/wp-content/uploads/2026/05/mui-hoi-cong-nguyen-nhan-xu-ly-4-may-lo-xo-thong-cong-3.webp","mui-hoi-cong-nguyen-nhan-xu-ly-4"
"target","200","true","https://thongtaccongquangninh.com/nao-vet-ho-ga/feed/","https://thongtaccongquangninh.com/nao-vet-ho-ga/feed/","nao-vet-ho-ga"
"target","200","true","https://thongtaccongquangninh.com/wp-json/oembed/1.0/embed?url=https%3A%2F%2Fthongtaccongquangninh.com%2Fnao-vet-ho-ga%2F","https://thongtaccongquangninh.com/wp-json/oembed/1.0/embed?url=https%3A%2F%2Fthongtaccongquangninh.com%2Fnao-vet-ho-ga%2F","nao-vet-ho-ga"
"target","200","true","https://thongtaccongquangninh.com/wp-json/oembed/1.0/embed?url=https%3A%2F%2Fthongtaccongquangninh.com%2Fnao-vet-ho-ga%2F&","https://thongtaccongquangninh.com/wp-json/oembed/1.0/embed?url=https%3A%2F%2Fthongtaccongquangninh.com%2Fnao-vet-ho-ga%2F&","nao-vet-ho-ga"
"target","200","true","https://thongtaccongquangninh.com/wp-json/wp/v2/posts/1368","https://thongtaccongquangninh.com/wp-json/wp/v2/posts/1368","nao-vet-ho-ga"
"target","200","true","https://thongtaccongquangninh.com/?p=1368","https://thongtaccongquangninh.com/?p=1368","nao-vet-ho-ga"
"target","200","true","https://thongtaccongquangninh.com/wp-content/uploads/2026/05/nao-vet-ho-ga-dan-dung-quang-ninh.webp","https://thongtaccongquangninh.com/wp-content/uploads/2026/05/nao-vet-ho-ga-dan-dung-quang-ninh.webp","nao-vet-ho-ga"
"target","200","true","https://thongtaccongquangninh.com/wp-content/uploads/2026/05/nao-vet-ho-ga-xe-hut-bun-quang-ninh.webp","https://thongtaccongquangninh.com/wp-content/uploads/2026/05/nao-vet-ho-ga-xe-hut-bun-quang-ninh.webp","nao-vet-ho-ga"
"target","200","true","https://thongtaccongquangninh.com/wp-content/uploads/2026/05/nao-vet-ho-ga-kiem-tra-duong-ong-thoat.webp","https://thongtaccongquangninh.com/wp-content/uploads/2026/05/nao-vet-ho-ga-kiem-tra-duong-ong-thoat.webp","nao-vet-ho-ga"
"target","200","true","https://thongtaccongquangninh.com/wp-json/oembed/1.0/embed?url=https%3A%2F%2Fthongtaccongquangninh.com%2Fnao-vet-ho-ga-quang-ninh%2F","https://thongtaccongquangninh.com/wp-json/oembed/1.0/embed?url=https%3A%2F%2Fthongtaccongquangninh.com%2Fnao-vet-ho-ga-quang-ninh%2F","nao-vet-ho-ga-quang-ninh"
"target","200","true","https://thongtaccongquangninh.com/wp-json/oembed/1.0/embed?url=https%3A%2F%2Fthongtaccongquangninh.com%2Fnao-vet-ho-ga-quang-ninh%2F&","https://thongtaccongquangninh.com/wp-json/oembed/1.0/embed?url=https%3A%2F%2Fthongtaccongquangninh.com%2Fnao-vet-ho-ga-quang-ninh%2F&","nao-vet-ho-ga-quang-ninh"
"target","200","true","https://thongtaccongquangninh.com/wp-json/wp/v2/pages/38","https://thongtaccongquangninh.com/wp-json/wp/v2/pages/38","nao-vet-ho-ga-quang-ninh"
"target","200","true","https://thongtaccongquangninh.com/?p=38","https://thongtaccongquangninh.com/?p=38","nao-vet-ho-ga-quang-ninh"
"target","200","true","https://thongtaccongquangninh.com/wp-content/uploads/2026/05/nao-vet-ho-ga-quang-ninh-dan-dung.webp","https://thongtaccongquangninh.com/wp-content/uploads/2026/05/nao-vet-ho-ga-quang-ninh-dan-dung.webp","nao-vet-ho-ga-quang-ninh"
"target","200","true","https://thongtaccongquangninh.com/wp-content/uploads/2026/05/nao-vet-ho-ga-quang-ninh-nao-vet-ho-ga-dan-dung-tai-quang-ninh-1.webp","https://thongtaccongquangninh.com/wp-content/uploads/2026/05/nao-vet-ho-ga-quang-ninh-nao-vet-ho-ga-dan-dung-tai-quang-ninh-1.webp","nao-vet-ho-ga-quang-ninh"
"target","200","true","https://thongtaccongquangninh.com/wp-content/uploads/2026/05/nao-vet-ho-ga-quang-ninh-mo-nap-ho-ga-va-hut-bun-lang-tai-quang-ninh-2.webp","https://thongtaccongquangninh.com/wp-content/uploads/2026/05/nao-vet-ho-ga-quang-ninh-mo-nap-ho-ga-va-hut-bun-lang-tai-quang-ninh-2.webp","nao-vet-ho-ga-quang-ninh"
"target","200","true","https://thongtaccongquangninh.com/wp-json/oembed/1.0/embed?url=https%3A%2F%2Fthongtaccongquangninh.com%2Fnguyen-nhan-cong-tac-thuong-xuyen-ha-long%2F","https://thongtaccongquangninh.com/wp-json/oembed/1.0/embed?url=https%3A%2F%2Fthongtaccongquangninh.com%2Fnguyen-nhan-cong-tac-thuong-xuyen-ha-long%2F","nguyen-nhan-cong-tac-thuong-xuyen-ha-long"
"target","200","true","https://thongtaccongquangninh.com/wp-json/oembed/1.0/embed?url=https%3A%2F%2Fthongtaccongquangninh.com%2Fnguyen-nhan-cong-tac-thuong-xuyen-ha-long%2F&","https://thongtaccongquangninh.com/wp-json/oembed/1.0/embed?url=https%3A%2F%2Fthongtaccongquangninh.com%2Fnguyen-nhan-cong-tac-thuong-xuyen-ha-long%2F&","nguyen-nhan-cong-tac-thuong-xuyen-ha-long"
"target","200","true","https://thongtaccongquangninh.com/wp-json/wp/v2/pages/386","https://thongtaccongquangninh.com/wp-json/wp/v2/pages/386","nguyen-nhan-cong-tac-thuong-xuyen-ha-long"
"target","200","true","https://thongtaccongquangninh.com/?p=386","https://thongtaccongquangninh.com/?p=386","nguyen-nhan-cong-tac-thuong-xuyen-ha-long"
"target","200","true","https://thongtaccongquangninh.com/wp-content/uploads/2026/05/nguyen-nhan-cong-tac-thuong-xuyen-ha-long-cuon-day-thong-cong-2.webp","https://thongtaccongquangninh.com/wp-content/uploads/2026/05/nguyen-nhan-cong-tac-thuong-xuyen-ha-long-cuon-day-thong-cong-2.webp","nguyen-nhan-cong-tac-thuong-xuyen-ha-long"
"target","200","true","https://thongtaccongquangninh.com/wp-content/uploads/2026/05/nguyen-nhan-cong-tac-thuong-xuyen-ha-long-tho-thong-tac-cong-tai-nha-dan-o-ha-long-bang-may-lo-xo-1.webp","https://thongtaccongquangninh.com/wp-content/uploads/2026/05/nguyen-nhan-cong-tac-thuong-xuyen-ha-long-tho-thong-tac-cong-tai-nha-dan-o-ha-long-bang-may-lo-xo-1.webp","nguyen-nhan-cong-tac-thuong-xuyen-ha-long"
"target","200","true","https://thongtaccongquangninh.com/nguyen-song-hao/","https://thongtaccongquangninh.com/nguyen-song-hao/","nguyen-song-hao|thong-tac-bon-cau-khan-cap-quang-ninh|thong-tac-bon-cau-khan-cap-quang-ninh-2|trang-chu"
"target","200","true","https://thongtaccongquangninh.com/wp-json/oembed/1.0/embed?url=https%3A%2F%2Fthongtaccongquangninh.com%2Fnguyen-song-hao%2F","https://thongtaccongquangninh.com/wp-json/oembed/1.0/embed?url=https%3A%2F%2Fthongtaccongquangninh.com%2Fnguyen-song-hao%2F","nguyen-song-hao"
"target","200","true","https://thongtaccongquangninh.com/wp-json/oembed/1.0/embed?url=https%3A%2F%2Fthongtaccongquangninh.com%2Fnguyen-song-hao%2F&","https://thongtaccongquangninh.com/wp-json/oembed/1.0/embed?url=https%3A%2F%2Fthongtaccongquangninh.com%2Fnguyen-song-hao%2F&","nguyen-song-hao"
"target","200","true","https://thongtaccongquangninh.com/wp-json/wp/v2/pages/2356","https://thongtaccongquangninh.com/wp-json/wp/v2/pages/2356","nguyen-song-hao"
"target","200","true","https://thongtaccongquangninh.com/?p=2356","https://thongtaccongquangninh.com/?p=2356","nguyen-song-hao"
"target","200","true","https://thongtaccongquangninh.com/wp-content/uploads/2026/05/nguyen-song-hao-giam-doc-moi-truong-do-thi-so-1-quang-ninh.jpg","https://thongtaccongquangninh.com/wp-content/uploads/2026/05/nguyen-song-hao-giam-doc-moi-truong-do-thi-so-1-quang-ninh.jpg","nguyen-song-hao"
"target","200","true","https://thongtaccongquangninh.com/wp-content/uploads/2026/05/bang-khen-bo-tai-nguyen-moi-truong-cong-ty-dong-bac-2023-ha-long.jpg","https://thongtaccongquangninh.com/wp-content/uploads/2026/05/bang-khen-bo-tai-nguyen-moi-truong-cong-ty-dong-bac-2023-ha-long.jpg","nguyen-song-hao"
"target","200","true","https://thongtaccongquangninh.com/wp-content/uploads/2026/05/nguyen-song-hao-bang-khen-hoi-lhtn-doanh-nhan-tre-quang-ninh-2025.jpg","https://thongtaccongquangninh.com/wp-content/uploads/2026/05/nguyen-song-hao-bang-khen-hoi-lhtn-doanh-nhan-tre-quang-ninh-2025.jpg","nguyen-song-hao"
"target","200","true","https://thongtaccongquangninh.com/thong-tac-bon-cau-ban-dem-quang-ninh/","https://thongtaccongquangninh.com/thong-tac-bon-cau-ban-dem-quang-ninh/","thong-tac-bon-cau-ban-dem-quang-ninh|thong-tac-bon-cau-khan-cap-quang-ninh-2|thong-tac-bon-cau-khong-duc-pha-quang-ninh"
"target","200","true","https://thongtaccongquangninh.com/thong-tac-bon-cau-ban-dem-quang-ninh/feed/","https://thongtaccongquangninh.com/thong-tac-bon-cau-ban-dem-quang-ninh/feed/","thong-tac-bon-cau-ban-dem-quang-ninh"
"target","200","true","https://thongtaccongquangninh.com/wp-json/oembed/1.0/embed?url=https%3A%2F%2Fthongtaccongquangninh.com%2Fthong-tac-bon-cau-ban-dem-quang-ninh%2F","https://thongtaccongquangninh.com/wp-json/oembed/1.0/embed?url=https%3A%2F%2Fthongtaccongquangninh.com%2Fthong-tac-bon-cau-ban-dem-quang-ninh%2F","thong-tac-bon-cau-ban-dem-quang-ninh"
"target","200","true","https://thongtaccongquangninh.com/wp-json/oembed/1.0/embed?url=https%3A%2F%2Fthongtaccongquangninh.com%2Fthong-tac-bon-cau-ban-dem-quang-ninh%2F&","https://thongtaccongquangninh.com/wp-json/oembed/1.0/embed?url=https%3A%2F%2Fthongtaccongquangninh.com%2Fthong-tac-bon-cau-ban-dem-quang-ninh%2F&","thong-tac-bon-cau-ban-dem-quang-ninh"
"target","200","true","https://thongtaccongquangninh.com/wp-json/wp/v2/posts/2379","https://thongtaccongquangninh.com/wp-json/wp/v2/posts/2379","thong-tac-bon-cau-ban-dem-quang-ninh"
"target","200","true","https://thongtaccongquangninh.com/?p=2379","https://thongtaccongquangninh.com/?p=2379","thong-tac-bon-cau-ban-dem-quang-ninh"
"target","200","true","https://thongtaccongquangninh.com/wp-content/uploads/2026/05/thong-tac-bon-cau-ban-dem-ha-long.webp","https://thongtaccongquangninh.com/wp-content/uploads/2026/05/thong-tac-bon-cau-ban-dem-ha-long.webp","thong-tac-bon-cau-ban-dem-quang-ninh"
"target","200","true","https://thongtaccongquangninh.com/wp-content/uploads/2026/05/bang-gia-thong-tac-bon-cau-ban-dem-quang-ninh-2026.webp","https://thongtaccongquangninh.com/wp-content/uploads/2026/05/bang-gia-thong-tac-bon-cau-ban-dem-quang-ninh-2026.webp","thong-tac-bon-cau-ban-dem-quang-ninh"
"target","200","true","https://thongtaccongquangninh.com/wp-content/uploads/2026/05/may-lo-xo-thong-bon-cau-ban-dem-quang-ninh.webp","https://thongtaccongquangninh.com/wp-content/uploads/2026/05/may-lo-xo-thong-bon-cau-ban-dem-quang-ninh.webp","thong-tac-bon-cau-ban-dem-quang-ninh"
"target","200","true","https://thongtaccongquangninh.com/thong-tac-bon-cau-khan-cap-quang-ninh-2/","https://thongtaccongquangninh.com/thong-tac-bon-cau-khan-cap-quang-ninh-2/","thong-tac-bon-cau-ban-dem-quang-ninh|thong-tac-bon-cau-khan-cap-quang-ninh|thong-tac-bon-cau-khan-cap-quang-ninh-2"
"target","200","true","https://thongtaccongquangninh.com/thong-tac-bon-cau-khong-duc-pha-quang-ninh/","https://thongtaccongquangninh.com/thong-tac-bon-cau-khong-duc-pha-quang-ninh/","thong-tac-bon-cau-ban-dem-quang-ninh|thong-tac-bon-cau-khong-duc-pha-quang-ninh|thong-tac-bon-cau-nha-dan-quang-ninh-2026"
"target","200","true","https://thongtaccongquangninh.com/thong-tac-bon-cau-bi-tac/feed/","https://thongtaccongquangninh.com/thong-tac-bon-cau-bi-tac/feed/","thong-tac-bon-cau-bi-tac"
"target","200","true","https://thongtaccongquangninh.com/wp-json/oembed/1.0/embed?url=https%3A%2F%2Fthongtaccongquangninh.com%2Fthong-tac-bon-cau-bi-tac%2F","https://thongtaccongquangninh.com/wp-json/oembed/1.0/embed?url=https%3A%2F%2Fthongtaccongquangninh.com%2Fthong-tac-bon-cau-bi-tac%2F","thong-tac-bon-cau-bi-tac"
"target","200","true","https://thongtaccongquangninh.com/wp-json/oembed/1.0/embed?url=https%3A%2F%2Fthongtaccongquangninh.com%2Fthong-tac-bon-cau-bi-tac%2F&","https://thongtaccongquangninh.com/wp-json/oembed/1.0/embed?url=https%3A%2F%2Fthongtaccongquangninh.com%2Fthong-tac-bon-cau-bi-tac%2F&","thong-tac-bon-cau-bi-tac"
"target","200","true","https://thongtaccongquangninh.com/wp-json/wp/v2/posts/1367","https://thongtaccongquangninh.com/wp-json/wp/v2/posts/1367","thong-tac-bon-cau-bi-tac"
"target","200","true","https://thongtaccongquangninh.com/?p=1367","https://thongtaccongquangninh.com/?p=1367","thong-tac-bon-cau-bi-tac"
"target","200","true","https://thongtaccongquangninh.com/wp-content/uploads/2026/05/thong-tac-bon-cau-bi-tac-nha-ve-sinh.webp","https://thongtaccongquangninh.com/wp-content/uploads/2026/05/thong-tac-bon-cau-bi-tac-nha-ve-sinh.webp","thong-tac-bon-cau-bi-tac"
"target","200","true","https://thongtaccongquangninh.com/wp-content/uploads/2026/05/may-lo-xo-xu-ly-bon-cau-nghet.webp","https://thongtaccongquangninh.com/wp-content/uploads/2026/05/may-lo-xo-xu-ly-bon-cau-nghet.webp","thong-tac-bon-cau-bi-tac"
"target","200","true","https://thongtaccongquangninh.com/wp-content/uploads/2026/05/xa-thu-bon-cau-sau-xu-ly.webp","https://thongtaccongquangninh.com/wp-content/uploads/2026/05/xa-thu-bon-cau-sau-xu-ly.webp","thong-tac-bon-cau-bi-tac"
"target","200","true","https://thongtaccongquangninh.com/thong-tac-bon-cau-cam-pha/","https://thongtaccongquangninh.com/thong-tac-bon-cau-cam-pha/","thong-tac-bon-cau-cam-pha"
"target","200","true","https://thongtaccongquangninh.com/wp-json/oembed/1.0/embed?url=https%3A%2F%2Fthongtaccongquangninh.com%2Fthong-tac-bon-cau-cam-pha%2F","https://thongtaccongquangninh.com/wp-json/oembed/1.0/embed?url=https%3A%2F%2Fthongtaccongquangninh.com%2Fthong-tac-bon-cau-cam-pha%2F","thong-tac-bon-cau-cam-pha"
"target","200","true","https://thongtaccongquangninh.com/wp-json/oembed/1.0/embed?url=https%3A%2F%2Fthongtaccongquangninh.com%2Fthong-tac-bon-cau-cam-pha%2F&","https://thongtaccongquangninh.com/wp-json/oembed/1.0/embed?url=https%3A%2F%2Fthongtaccongquangninh.com%2Fthong-tac-bon-cau-cam-pha%2F&","thong-tac-bon-cau-cam-pha"
"target","200","true","https://thongtaccongquangninh.com/wp-json/wp/v2/pages/450","https://thongtaccongquangninh.com/wp-json/wp/v2/pages/450","thong-tac-bon-cau-cam-pha"
"target","200","true","https://thongtaccongquangninh.com/?p=450","https://thongtaccongquangninh.com/?p=450","thong-tac-bon-cau-cam-pha"
"target","200","true","https://thongtaccongquangninh.com/wp-content/uploads/2026/05/thong-tac-bon-cau-cam-pha-kiem-tra-bon-cau-khu-mo.webp","https://thongtaccongquangninh.com/wp-content/uploads/2026/05/thong-tac-bon-cau-cam-pha-kiem-tra-bon-cau-khu-mo.webp","thong-tac-bon-cau-cam-pha"
"target","200","true","https://thongtaccongquangninh.com/wp-content/uploads/2026/05/thong-tac-bon-cau-cam-pha-may-lo-xo-nha-tap-the.webp","https://thongtaccongquangninh.com/wp-content/uploads/2026/05/thong-tac-bon-cau-cam-pha-may-lo-xo-nha-tap-the.webp","thong-tac-bon-cau-cam-pha"
"target","200","true","https://thongtaccongquangninh.com/wp-content/uploads/2026/05/thong-tac-bon-cau-cam-pha-xa-thu-sau-xu-ly.webp","https://thongtaccongquangninh.com/wp-content/uploads/2026/05/thong-tac-bon-cau-cam-pha-xa-thu-sau-xu-ly.webp","thong-tac-bon-cau-cam-pha"
"target","200","true","https://thongtaccongquangninh.com/wp-json/oembed/1.0/embed?url=https%3A%2F%2Fthongtaccongquangninh.com%2Fthong-tac-bon-cau-dong-trieu%2F","https://thongtaccongquangninh.com/wp-json/oembed/1.0/embed?url=https%3A%2F%2Fthongtaccongquangninh.com%2Fthong-tac-bon-cau-dong-trieu%2F","thong-tac-bon-cau-dong-trieu"
"target","200","true","https://thongtaccongquangninh.com/wp-json/oembed/1.0/embed?url=https%3A%2F%2Fthongtaccongquangninh.com%2Fthong-tac-bon-cau-dong-trieu%2F&","https://thongtaccongquangninh.com/wp-json/oembed/1.0/embed?url=https%3A%2F%2Fthongtaccongquangninh.com%2Fthong-tac-bon-cau-dong-trieu%2F&","thong-tac-bon-cau-dong-trieu"
"target","200","true","https://thongtaccongquangninh.com/wp-json/wp/v2/pages/1481","https://thongtaccongquangninh.com/wp-json/wp/v2/pages/1481","thong-tac-bon-cau-dong-trieu"
"target","200","true","https://thongtaccongquangninh.com/?p=1481","https://thongtaccongquangninh.com/?p=1481","thong-tac-bon-cau-dong-trieu"
"target","200","true","https://thongtaccongquangninh.com/wp-content/uploads/2026/05/thong-tac-bon-cau-dong-trieu-kiem-tra-bon-cau-nha-dan.webp","https://thongtaccongquangninh.com/wp-content/uploads/2026/05/thong-tac-bon-cau-dong-trieu-kiem-tra-bon-cau-nha-dan.webp","thong-tac-bon-cau-dong-trieu"
"target","200","true","https://thongtaccongquangninh.com/wp-content/uploads/2026/05/thong-tac-bon-cau-dong-trieu-may-lo-xo-trong-ngo-nho.webp","https://thongtaccongquangninh.com/wp-content/uploads/2026/05/thong-tac-bon-cau-dong-trieu-may-lo-xo-trong-ngo-nho.webp","thong-tac-bon-cau-dong-trieu"
"target","200","true","https://thongtaccongquangninh.com/wp-content/uploads/2026/05/thong-tac-bon-cau-dong-trieu-xu-ly-duong-ong-ve-sinh.webp","https://thongtaccongquangninh.com/wp-content/uploads/2026/05/thong-tac-bon-cau-dong-trieu-xu-ly-duong-ong-ve-sinh.webp","thong-tac-bon-cau-dong-trieu"
"target","200","true","https://thongtaccongquangninh.com/wp-json/oembed/1.0/embed?url=https%3A%2F%2Fthongtaccongquangninh.com%2Fthong-tac-bon-cau-ha-long%2F","https://thongtaccongquangninh.com/wp-json/oembed/1.0/embed?url=https%3A%2F%2Fthongtaccongquangninh.com%2Fthong-tac-bon-cau-ha-long%2F","thong-tac-bon-cau-ha-long"
"target","200","true","https://thongtaccongquangninh.com/wp-json/oembed/1.0/embed?url=https%3A%2F%2Fthongtaccongquangninh.com%2Fthong-tac-bon-cau-ha-long%2F&","https://thongtaccongquangninh.com/wp-json/oembed/1.0/embed?url=https%3A%2F%2Fthongtaccongquangninh.com%2Fthong-tac-bon-cau-ha-long%2F&","thong-tac-bon-cau-ha-long"
"target","200","true","https://thongtaccongquangninh.com/wp-json/wp/v2/pages/1482","https://thongtaccongquangninh.com/wp-json/wp/v2/pages/1482","thong-tac-bon-cau-ha-long"
"target","200","true","https://thongtaccongquangninh.com/?p=1482","https://thongtaccongquangninh.com/?p=1482","thong-tac-bon-cau-ha-long"
"target","200","true","https://thongtaccongquangninh.com/wp-content/uploads/2026/05/thong-tac-bon-cau-ha-long-kiem-tra-bon-cau-khach-san.webp","https://thongtaccongquangninh.com/wp-content/uploads/2026/05/thong-tac-bon-cau-ha-long-kiem-tra-bon-cau-khach-san.webp","thong-tac-bon-cau-ha-long"
"target","200","true","https://thongtaccongquangninh.com/wp-content/uploads/2026/05/thong-tac-bon-cau-ha-long-may-lo-xo-bai-chay.webp","https://thongtaccongquangninh.com/wp-content/uploads/2026/05/thong-tac-bon-cau-ha-long-may-lo-xo-bai-chay.webp","thong-tac-bon-cau-ha-long"
"target","200","true","https://thongtaccongquangninh.com/wp-content/uploads/2026/05/thong-tac-bon-cau-ha-long-xa-thu-sau-xu-ly.webp","https://thongtaccongquangninh.com/wp-content/uploads/2026/05/thong-tac-bon-cau-ha-long-xa-thu-sau-xu-ly.webp","thong-tac-bon-cau-ha-long"
"target","200","true","https://thongtaccongquangninh.com/thong-tac-bon-cau-khach-san-quang-ninh-2026/feed/","https://thongtaccongquangninh.com/thong-tac-bon-cau-khach-san-quang-ninh-2026/feed/","thong-tac-bon-cau-khach-san-quang-ninh-2026"
"target","200","true","https://thongtaccongquangninh.com/wp-json/oembed/1.0/embed?url=https%3A%2F%2Fthongtaccongquangninh.com%2Fthong-tac-bon-cau-khach-san-quang-ninh-2026%2F","https://thongtaccongquangninh.com/wp-json/oembed/1.0/embed?url=https%3A%2F%2Fthongtaccongquangninh.com%2Fthong-tac-bon-cau-khach-san-quang-ninh-2026%2F","thong-tac-bon-cau-khach-san-quang-ninh-2026"
"target","200","true","https://thongtaccongquangninh.com/wp-json/oembed/1.0/embed?url=https%3A%2F%2Fthongtaccongquangninh.com%2Fthong-tac-bon-cau-khach-san-quang-ninh-2026%2F&","https://thongtaccongquangninh.com/wp-json/oembed/1.0/embed?url=https%3A%2F%2Fthongtaccongquangninh.com%2Fthong-tac-bon-cau-khach-san-quang-ninh-2026%2F&","thong-tac-bon-cau-khach-san-quang-ninh-2026"
"target","200","true","https://thongtaccongquangninh.com/wp-json/wp/v2/posts/2417","https://thongtaccongquangninh.com/wp-json/wp/v2/posts/2417","thong-tac-bon-cau-khach-san-quang-ninh-2026"
"target","200","true","https://thongtaccongquangninh.com/?p=2417","https://thongtaccongquangninh.com/?p=2417","thong-tac-bon-cau-khach-san-quang-ninh-2026"
"target","200","true","https://thongtaccongquangninh.com/wp-content/uploads/2026/06/thong-tac-bon-cau-khach-san-quang-ninh-2-01.webp","https://thongtaccongquangninh.com/wp-content/uploads/2026/06/thong-tac-bon-cau-khach-san-quang-ninh-2-01.webp","thong-tac-bon-cau-khach-san-quang-ninh-2026"
"target","200","true","https://thongtaccongquangninh.com/wp-content/uploads/2026/06/thong-tac-bon-cau-khach-san-quang-ninh-2-03.webp","https://thongtaccongquangninh.com/wp-content/uploads/2026/06/thong-tac-bon-cau-khach-san-quang-ninh-2-03.webp","thong-tac-bon-cau-khach-san-quang-ninh-2026"
"target","200","true","https://thongtaccongquangninh.com/wp-content/uploads/2026/06/thong-tac-bon-cau-khach-san-quang-ninh-2-02.webp","https://thongtaccongquangninh.com/wp-content/uploads/2026/06/thong-tac-bon-cau-khach-san-quang-ninh-2-02.webp","thong-tac-bon-cau-khach-san-quang-ninh-2026"
"target","200","true","https://thongtaccongquangninh.com/thong-tac-bon-cau-nha-hang-quang-ninh-2026/","https://thongtaccongquangninh.com/thong-tac-bon-cau-nha-hang-quang-ninh-2026/","thong-tac-bon-cau-khach-san-quang-ninh-2026|thong-tac-bon-cau-nha-dan-quang-ninh-2026|thong-tac-bon-cau-nha-hang-quang-ninh-2026"
"target","200","true","https://thongtaccongquangninh.com/thong-tac-bon-cau-khan-cap-quang-ninh/feed/","https://thongtaccongquangninh.com/thong-tac-bon-cau-khan-cap-quang-ninh/feed/","thong-tac-bon-cau-khan-cap-quang-ninh"
"target","200","true","https://thongtaccongquangninh.com/wp-json/oembed/1.0/embed?url=https%3A%2F%2Fthongtaccongquangninh.com%2Fthong-tac-bon-cau-khan-cap-quang-ninh%2F","https://thongtaccongquangninh.com/wp-json/oembed/1.0/embed?url=https%3A%2F%2Fthongtaccongquangninh.com%2Fthong-tac-bon-cau-khan-cap-quang-ninh%2F","thong-tac-bon-cau-khan-cap-quang-ninh"
"target","200","true","https://thongtaccongquangninh.com/wp-json/oembed/1.0/embed?url=https%3A%2F%2Fthongtaccongquangninh.com%2Fthong-tac-bon-cau-khan-cap-quang-ninh%2F&","https://thongtaccongquangninh.com/wp-json/oembed/1.0/embed?url=https%3A%2F%2Fthongtaccongquangninh.com%2Fthong-tac-bon-cau-khan-cap-quang-ninh%2F&","thong-tac-bon-cau-khan-cap-quang-ninh"
"target","200","true","https://thongtaccongquangninh.com/wp-json/wp/v2/posts/2377","https://thongtaccongquangninh.com/wp-json/wp/v2/posts/2377","thong-tac-bon-cau-khan-cap-quang-ninh"
"target","200","true","https://thongtaccongquangninh.com/?p=2377","https://thongtaccongquangninh.com/?p=2377","thong-tac-bon-cau-khan-cap-quang-ninh"
"target","200","true","https://thongtaccongquangninh.com/wp-content/uploads/2026/06/thong-tac-bon-cau-khan-cap-quang-ninh-tho-kiem-tra-nha-ve-sinh.webp","https://thongtaccongquangninh.com/wp-content/uploads/2026/06/thong-tac-bon-cau-khan-cap-quang-ninh-tho-kiem-tra-nha-ve-sinh.webp","thong-tac-bon-cau-khan-cap-quang-ninh"
"target","200","true","https://thongtaccongquangninh.com/wp-content/uploads/2026/06/thong-tac-bon-cau-khan-cap-quang-ninh-may-lo-xo-khong-duc-pha.webp","https://thongtaccongquangninh.com/wp-content/uploads/2026/06/thong-tac-bon-cau-khan-cap-quang-ninh-may-lo-xo-khong-duc-pha.webp","thong-tac-bon-cau-khan-cap-quang-ninh"
"target","200","true","https://thongtaccongquangninh.com/wp-content/uploads/2026/06/thong-tac-bon-cau-khan-cap-quang-ninh-xa-thu-sau-xu-ly.webp","https://thongtaccongquangninh.com/wp-content/uploads/2026/06/thong-tac-bon-cau-khan-cap-quang-ninh-xa-thu-sau-xu-ly.webp","thong-tac-bon-cau-khan-cap-quang-ninh"
"target","200","true","https://thongtaccongquangninh.com/thong-tac-bon-cau-khan-cap-quang-ninh-2/feed/","https://thongtaccongquangninh.com/thong-tac-bon-cau-khan-cap-quang-ninh-2/feed/","thong-tac-bon-cau-khan-cap-quang-ninh-2"
"target","200","true","https://thongtaccongquangninh.com/wp-json/oembed/1.0/embed?url=https%3A%2F%2Fthongtaccongquangninh.com%2Fthong-tac-bon-cau-khan-cap-quang-ninh-2%2F","https://thongtaccongquangninh.com/wp-json/oembed/1.0/embed?url=https%3A%2F%2Fthongtaccongquangninh.com%2Fthong-tac-bon-cau-khan-cap-quang-ninh-2%2F","thong-tac-bon-cau-khan-cap-quang-ninh-2"
"target","200","true","https://thongtaccongquangninh.com/wp-json/oembed/1.0/embed?url=https%3A%2F%2Fthongtaccongquangninh.com%2Fthong-tac-bon-cau-khan-cap-quang-ninh-2%2F&","https://thongtaccongquangninh.com/wp-json/oembed/1.0/embed?url=https%3A%2F%2Fthongtaccongquangninh.com%2Fthong-tac-bon-cau-khan-cap-quang-ninh-2%2F&","thong-tac-bon-cau-khan-cap-quang-ninh-2"
"target","200","true","https://thongtaccongquangninh.com/wp-json/wp/v2/posts/2378","https://thongtaccongquangninh.com/wp-json/wp/v2/posts/2378","thong-tac-bon-cau-khan-cap-quang-ninh-2"
"target","200","true","https://thongtaccongquangninh.com/?p=2378","https://thongtaccongquangninh.com/?p=2378","thong-tac-bon-cau-khan-cap-quang-ninh-2"
"target","200","true","https://thongtaccongquangninh.com/wp-content/uploads/2026/06/thong-tac-bon-cau-khan-cap-quang-ninh-2-tho-xu-ly-bon-cau.webp","https://thongtaccongquangninh.com/wp-content/uploads/2026/06/thong-tac-bon-cau-khan-cap-quang-ninh-2-tho-xu-ly-bon-cau.webp","thong-tac-bon-cau-khan-cap-quang-ninh-2"
"target","200","true","https://thongtaccongquangninh.com/wp-content/uploads/2026/06/thong-tac-bon-cau-khan-cap-quang-ninh-2-may-lo-xo-thiet-bi.webp","https://thongtaccongquangninh.com/wp-content/uploads/2026/06/thong-tac-bon-cau-khan-cap-quang-ninh-2-may-lo-xo-thiet-bi.webp","thong-tac-bon-cau-khan-cap-quang-ninh-2"
"target","200","true","https://thongtaccongquangninh.com/wp-content/uploads/2026/06/thong-tac-bon-cau-khan-cap-quang-ninh-2-kiem-tra-sau-thi-cong.webp","https://thongtaccongquangninh.com/wp-content/uploads/2026/06/thong-tac-bon-cau-khan-cap-quang-ninh-2-kiem-tra-sau-thi-cong.webp","thong-tac-bon-cau-khan-cap-quang-ninh-2"
"target","200","true","https://thongtaccongquangninh.com/thong-tac-bon-cau-khong-duc-pha-quang-ninh/feed/","https://thongtaccongquangninh.com/thong-tac-bon-cau-khong-duc-pha-quang-ninh/feed/","thong-tac-bon-cau-khong-duc-pha-quang-ninh"
"target","200","true","https://thongtaccongquangninh.com/wp-json/oembed/1.0/embed?url=https%3A%2F%2Fthongtaccongquangninh.com%2Fthong-tac-bon-cau-khong-duc-pha-quang-ninh%2F","https://thongtaccongquangninh.com/wp-json/oembed/1.0/embed?url=https%3A%2F%2Fthongtaccongquangninh.com%2Fthong-tac-bon-cau-khong-duc-pha-quang-ninh%2F","thong-tac-bon-cau-khong-duc-pha-quang-ninh"
"target","200","true","https://thongtaccongquangninh.com/wp-json/oembed/1.0/embed?url=https%3A%2F%2Fthongtaccongquangninh.com%2Fthong-tac-bon-cau-khong-duc-pha-quang-ninh%2F&","https://thongtaccongquangninh.com/wp-json/oembed/1.0/embed?url=https%3A%2F%2Fthongtaccongquangninh.com%2Fthong-tac-bon-cau-khong-duc-pha-quang-ninh%2F&","thong-tac-bon-cau-khong-duc-pha-quang-ninh"
"target","200","true","https://thongtaccongquangninh.com/wp-json/wp/v2/posts/2385","https://thongtaccongquangninh.com/wp-json/wp/v2/posts/2385","thong-tac-bon-cau-khong-duc-pha-quang-ninh"
"target","200","true","https://thongtaccongquangninh.com/?p=2385","https://thongtaccongquangninh.com/?p=2385","thong-tac-bon-cau-khong-duc-pha-quang-ninh"
"target","200","true","https://thongtaccongquangninh.com/wp-content/uploads/2026/05/thong-tac-bon-cau-khong-duc-pha-quang-ni-01.webp","https://thongtaccongquangninh.com/wp-content/uploads/2026/05/thong-tac-bon-cau-khong-duc-pha-quang-ni-01.webp","thong-tac-bon-cau-khong-duc-pha-quang-ninh"
"target","200","true","https://thongtaccongquangninh.com/wp-content/uploads/2026/05/thong-tac-bon-cau-khong-duc-pha-quang-ni-03.webp","https://thongtaccongquangninh.com/wp-content/uploads/2026/05/thong-tac-bon-cau-khong-duc-pha-quang-ni-03.webp","thong-tac-bon-cau-khong-duc-pha-quang-ninh"
"target","200","true","https://thongtaccongquangninh.com/wp-content/uploads/2026/05/thong-tac-bon-cau-khong-duc-pha-quang-ni-02.webp","https://thongtaccongquangninh.com/wp-content/uploads/2026/05/thong-tac-bon-cau-khong-duc-pha-quang-ni-02.webp","thong-tac-bon-cau-khong-duc-pha-quang-ninh"
"target","200","true","https://thongtaccongquangninh.com/thong-tac-bon-cau-nha-dan-quang-ninh-2026/","https://thongtaccongquangninh.com/thong-tac-bon-cau-nha-dan-quang-ninh-2026/","thong-tac-bon-cau-khong-duc-pha-quang-ninh|thong-tac-bon-cau-nha-dan-quang-ninh-2026|thong-tac-bon-cau-nha-hang-quang-ninh-2026"
"target","200","true","https://thongtaccongquangninh.com/wp-json/oembed/1.0/embed?url=https%3A%2F%2Fthongtaccongquangninh.com%2Fthong-tac-bon-cau-mong-cai%2F","https://thongtaccongquangninh.com/wp-json/oembed/1.0/embed?url=https%3A%2F%2Fthongtaccongquangninh.com%2Fthong-tac-bon-cau-mong-cai%2F","thong-tac-bon-cau-mong-cai"
"target","200","true","https://thongtaccongquangninh.com/wp-json/oembed/1.0/embed?url=https%3A%2F%2Fthongtaccongquangninh.com%2Fthong-tac-bon-cau-mong-cai%2F&","https://thongtaccongquangninh.com/wp-json/oembed/1.0/embed?url=https%3A%2F%2Fthongtaccongquangninh.com%2Fthong-tac-bon-cau-mong-cai%2F&","thong-tac-bon-cau-mong-cai"
"target","200","true","https://thongtaccongquangninh.com/wp-json/wp/v2/pages/1483","https://thongtaccongquangninh.com/wp-json/wp/v2/pages/1483","thong-tac-bon-cau-mong-cai"
"target","200","true","https://thongtaccongquangninh.com/?p=1483","https://thongtaccongquangninh.com/?p=1483","thong-tac-bon-cau-mong-cai"
"target","200","true","https://thongtaccongquangninh.com/wp-content/uploads/2026/05/thong-tac-bon-cau-mong-cai-kiem-tra-bon-cau-nha-pho.webp","https://thongtaccongquangninh.com/wp-content/uploads/2026/05/thong-tac-bon-cau-mong-cai-kiem-tra-bon-cau-nha-pho.webp","thong-tac-bon-cau-mong-cai"
"target","200","true","https://thongtaccongquangninh.com/wp-content/uploads/2026/05/thong-tac-bon-cau-mong-cai-may-lo-xo-khu-bien-gioi.webp","https://thongtaccongquangninh.com/wp-content/uploads/2026/05/thong-tac-bon-cau-mong-cai-may-lo-xo-khu-bien-gioi.webp","thong-tac-bon-cau-mong-cai"
"target","200","true","https://thongtaccongquangninh.com/wp-content/uploads/2026/05/thong-tac-bon-cau-mong-cai-xa-thu-sau-xu-ly.webp","https://thongtaccongquangninh.com/wp-content/uploads/2026/05/thong-tac-bon-cau-mong-cai-xa-thu-sau-xu-ly.webp","thong-tac-bon-cau-mong-cai"
"target","200","true","https://thongtaccongquangninh.com/thong-tac-bon-cau-nha-dan-quang-ninh-2026/feed/","https://thongtaccongquangninh.com/thong-tac-bon-cau-nha-dan-quang-ninh-2026/feed/","thong-tac-bon-cau-nha-dan-quang-ninh-2026"
"target","200","true","https://thongtaccongquangninh.com/wp-json/oembed/1.0/embed?url=https%3A%2F%2Fthongtaccongquangninh.com%2Fthong-tac-bon-cau-nha-dan-quang-ninh-2026%2F","https://thongtaccongquangninh.com/wp-json/oembed/1.0/embed?url=https%3A%2F%2Fthongtaccongquangninh.com%2Fthong-tac-bon-cau-nha-dan-quang-ninh-2026%2F","thong-tac-bon-cau-nha-dan-quang-ninh-2026"
"target","200","true","https://thongtaccongquangninh.com/wp-json/oembed/1.0/embed?url=https%3A%2F%2Fthongtaccongquangninh.com%2Fthong-tac-bon-cau-nha-dan-quang-ninh-2026%2F&","https://thongtaccongquangninh.com/wp-json/oembed/1.0/embed?url=https%3A%2F%2Fthongtaccongquangninh.com%2Fthong-tac-bon-cau-nha-dan-quang-ninh-2026%2F&","thong-tac-bon-cau-nha-dan-quang-ninh-2026"
"target","200","true","https://thongtaccongquangninh.com/wp-json/wp/v2/posts/2407","https://thongtaccongquangninh.com/wp-json/wp/v2/posts/2407","thong-tac-bon-cau-nha-dan-quang-ninh-2026"
"target","200","true","https://thongtaccongquangninh.com/?p=2407","https://thongtaccongquangninh.com/?p=2407","thong-tac-bon-cau-nha-dan-quang-ninh-2026"
"target","200","true","https://thongtaccongquangninh.com/wp-content/uploads/2026/05/thong-tac-bon-cau-nha-dan-quang-ninh-202-01.webp","https://thongtaccongquangninh.com/wp-content/uploads/2026/05/thong-tac-bon-cau-nha-dan-quang-ninh-202-01.webp","thong-tac-bon-cau-nha-dan-quang-ninh-2026"
"target","200","true","https://thongtaccongquangninh.com/wp-content/uploads/2026/05/thong-tac-bon-cau-nha-dan-quang-ninh-202-03.webp","https://thongtaccongquangninh.com/wp-content/uploads/2026/05/thong-tac-bon-cau-nha-dan-quang-ninh-202-03.webp","thong-tac-bon-cau-nha-dan-quang-ninh-2026"
"target","200","true","https://thongtaccongquangninh.com/wp-content/uploads/2026/05/thong-tac-bon-cau-nha-dan-quang-ninh-202-02.webp","https://thongtaccongquangninh.com/wp-content/uploads/2026/05/thong-tac-bon-cau-nha-dan-quang-ninh-202-02.webp","thong-tac-bon-cau-nha-dan-quang-ninh-2026"
"target","200","true","https://thongtaccongquangninh.com/bang-gia-hut-be-phot-quang-ninh/","https://thongtaccongquangninh.com/bang-gia-hut-be-phot-quang-ninh-2026/","thong-tac-bon-cau-nha-dan-quang-ninh-2026"
"target","200","true","https://thongtaccongquangninh.com/thong-tac-bon-cau-khong-duc-pha/","https://thongtaccongquangninh.com/thong-tac-bon-cau-khong-duc-pha-quang-ninh/","thong-tac-bon-cau-nha-dan-quang-ninh-2026"
"target","200","true","https://thongtaccongquangninh.com/thong-tac-bon-cau-nha-hang-quang-ninh-2026/feed/","https://thongtaccongquangninh.com/thong-tac-bon-cau-nha-hang-quang-ninh-2026/feed/","thong-tac-bon-cau-nha-hang-quang-ninh-2026"
"target","200","true","https://thongtaccongquangninh.com/wp-json/oembed/1.0/embed?url=https%3A%2F%2Fthongtaccongquangninh.com%2Fthong-tac-bon-cau-nha-hang-quang-ninh-2026%2F","https://thongtaccongquangninh.com/wp-json/oembed/1.0/embed?url=https%3A%2F%2Fthongtaccongquangninh.com%2Fthong-tac-bon-cau-nha-hang-quang-ninh-2026%2F","thong-tac-bon-cau-nha-hang-quang-ninh-2026"
"target","200","true","https://thongtaccongquangninh.com/wp-json/oembed/1.0/embed?url=https%3A%2F%2Fthongtaccongquangninh.com%2Fthong-tac-bon-cau-nha-hang-quang-ninh-2026%2F&","https://thongtaccongquangninh.com/wp-json/oembed/1.0/embed?url=https%3A%2F%2Fthongtaccongquangninh.com%2Fthong-tac-bon-cau-nha-hang-quang-ninh-2026%2F&","thong-tac-bon-cau-nha-hang-quang-ninh-2026"
"target","200","true","https://thongtaccongquangninh.com/wp-json/wp/v2/posts/2412","https://thongtaccongquangninh.com/wp-json/wp/v2/posts/2412","thong-tac-bon-cau-nha-hang-quang-ninh-2026"
"target","200","true","https://thongtaccongquangninh.com/?p=2412","https://thongtaccongquangninh.com/?p=2412","thong-tac-bon-cau-nha-hang-quang-ninh-2026"
"target","200","true","https://thongtaccongquangninh.com/wp-content/uploads/2026/06/thong-tac-bon-cau-nha-hang-quang-ninh-20-01.webp","https://thongtaccongquangninh.com/wp-content/uploads/2026/06/thong-tac-bon-cau-nha-hang-quang-ninh-20-01.webp","thong-tac-bon-cau-nha-hang-quang-ninh-2026"
"target","200","true","https://thongtaccongquangninh.com/wp-content/uploads/2026/06/thong-tac-bon-cau-nha-hang-quang-ninh-20-03.webp","https://thongtaccongquangninh.com/wp-content/uploads/2026/06/thong-tac-bon-cau-nha-hang-quang-ninh-20-03.webp","thong-tac-bon-cau-nha-hang-quang-ninh-2026"
"target","200","true","https://thongtaccongquangninh.com/wp-content/uploads/2026/06/thong-tac-bon-cau-nha-hang-quang-ninh-20-02.webp","https://thongtaccongquangninh.com/wp-content/uploads/2026/06/thong-tac-bon-cau-nha-hang-quang-ninh-20-02.webp","thong-tac-bon-cau-nha-hang-quang-ninh-2026"
"target","404","false","https://thongtaccongquangninh.com/thong-tac-cong-nha-hang-quang-ninh/","https://thongtaccongquangninh.com/thong-tac-cong-nha-hang-quang-ninh/","thong-tac-bon-cau-nha-hang-quang-ninh-2026"
"target","200","true","https://thongtaccongquangninh.com/wp-json/oembed/1.0/embed?url=https%3A%2F%2Fthongtaccongquangninh.com%2Fthong-tac-bon-cau-quang-ninh%2F","https://thongtaccongquangninh.com/wp-json/oembed/1.0/embed?url=https%3A%2F%2Fthongtaccongquangninh.com%2Fthong-tac-bon-cau-quang-ninh%2F","thong-tac-bon-cau-quang-ninh"
"target","200","true","https://thongtaccongquangninh.com/wp-json/oembed/1.0/embed?url=https%3A%2F%2Fthongtaccongquangninh.com%2Fthong-tac-bon-cau-quang-ninh%2F&","https://thongtaccongquangninh.com/wp-json/oembed/1.0/embed?url=https%3A%2F%2Fthongtaccongquangninh.com%2Fthong-tac-bon-cau-quang-ninh%2F&","thong-tac-bon-cau-quang-ninh"
"target","200","true","https://thongtaccongquangninh.com/wp-json/wp/v2/pages/37","https://thongtaccongquangninh.com/wp-json/wp/v2/pages/37","thong-tac-bon-cau-quang-ninh"
"target","200","true","https://thongtaccongquangninh.com/?p=37","https://thongtaccongquangninh.com/?p=37","thong-tac-bon-cau-quang-ninh"
"target","200","true","https://thongtaccongquangninh.com/wp-content/uploads/2026/05/thong-tac-bon-cau-quang-ninh-kiem-tra-nha-dan.webp","https://thongtaccongquangninh.com/wp-content/uploads/2026/05/thong-tac-bon-cau-quang-ninh-kiem-tra-nha-dan.webp","thong-tac-bon-cau-quang-ninh"
"target","200","true","https://thongtaccongquangninh.com/wp-content/uploads/2026/05/thong-tac-bon-cau-quang-ninh-may-lo-xo-nha-hang.webp","https://thongtaccongquangninh.com/wp-content/uploads/2026/05/thong-tac-bon-cau-quang-ninh-may-lo-xo-nha-hang.webp","thong-tac-bon-cau-quang-ninh"
"target","200","true","https://thongtaccongquangninh.com/wp-content/uploads/2026/05/thong-tac-bon-cau-quang-ninh-xa-thu-khach-san.webp","https://thongtaccongquangninh.com/wp-content/uploads/2026/05/thong-tac-bon-cau-quang-ninh-xa-thu-khach-san.webp","thong-tac-bon-cau-quang-ninh"
"target","200","true","https://thongtaccongquangninh.com/thong-tac-bon-cau-quang-yen/","https://thongtaccongquangninh.com/thong-tac-bon-cau-quang-yen/","thong-tac-bon-cau-quang-yen"
"target","200","true","https://thongtaccongquangninh.com/wp-json/oembed/1.0/embed?url=https%3A%2F%2Fthongtaccongquangninh.com%2Fthong-tac-bon-cau-quang-yen%2F","https://thongtaccongquangninh.com/wp-json/oembed/1.0/embed?url=https%3A%2F%2Fthongtaccongquangninh.com%2Fthong-tac-bon-cau-quang-yen%2F","thong-tac-bon-cau-quang-yen"
"target","200","true","https://thongtaccongquangninh.com/wp-json/oembed/1.0/embed?url=https%3A%2F%2Fthongtaccongquangninh.com%2Fthong-tac-bon-cau-quang-yen%2F&","https://thongtaccongquangninh.com/wp-json/oembed/1.0/embed?url=https%3A%2F%2Fthongtaccongquangninh.com%2Fthong-tac-bon-cau-quang-yen%2F&","thong-tac-bon-cau-quang-yen"
"target","200","true","https://thongtaccongquangninh.com/wp-json/wp/v2/pages/1485","https://thongtaccongquangninh.com/wp-json/wp/v2/pages/1485","thong-tac-bon-cau-quang-yen"
"target","200","true","https://thongtaccongquangninh.com/?p=1485","https://thongtaccongquangninh.com/?p=1485","thong-tac-bon-cau-quang-yen"
"target","200","true","https://thongtaccongquangninh.com/wp-content/uploads/2026/05/thong-tac-bon-cau-quang-yen-kiem-tra-bon-cau-nha-ven-song.webp","https://thongtaccongquangninh.com/wp-content/uploads/2026/05/thong-tac-bon-cau-quang-yen-kiem-tra-bon-cau-nha-ven-song.webp","thong-tac-bon-cau-quang-yen"
"target","200","true","https://thongtaccongquangninh.com/wp-content/uploads/2026/05/thong-tac-bon-cau-quang-yen-may-lo-xo-nha-nen-thap.webp","https://thongtaccongquangninh.com/wp-content/uploads/2026/05/thong-tac-bon-cau-quang-yen-may-lo-xo-nha-nen-thap.webp","thong-tac-bon-cau-quang-yen"
"target","200","true","https://thongtaccongquangninh.com/wp-content/uploads/2026/05/thong-tac-bon-cau-quang-yen-xa-thu-sau-xu-ly.webp","https://thongtaccongquangninh.com/wp-content/uploads/2026/05/thong-tac-bon-cau-quang-yen-xa-thu-sau-xu-ly.webp","thong-tac-bon-cau-quang-yen"
"target","200","true","https://thongtaccongquangninh.com/thong-tac-bon-cau-uong-bi/","https://thongtaccongquangninh.com/thong-tac-bon-cau-uong-bi/","thong-tac-bon-cau-uong-bi"
"target","200","true","https://thongtaccongquangninh.com/wp-json/oembed/1.0/embed?url=https%3A%2F%2Fthongtaccongquangninh.com%2Fthong-tac-bon-cau-uong-bi%2F","https://thongtaccongquangninh.com/wp-json/oembed/1.0/embed?url=https%3A%2F%2Fthongtaccongquangninh.com%2Fthong-tac-bon-cau-uong-bi%2F","thong-tac-bon-cau-uong-bi"
"target","200","true","https://thongtaccongquangninh.com/wp-json/oembed/1.0/embed?url=https%3A%2F%2Fthongtaccongquangninh.com%2Fthong-tac-bon-cau-uong-bi%2F&","https://thongtaccongquangninh.com/wp-json/oembed/1.0/embed?url=https%3A%2F%2Fthongtaccongquangninh.com%2Fthong-tac-bon-cau-uong-bi%2F&","thong-tac-bon-cau-uong-bi"
"target","200","true","https://thongtaccongquangninh.com/wp-json/wp/v2/pages/1486","https://thongtaccongquangninh.com/wp-json/wp/v2/pages/1486","thong-tac-bon-cau-uong-bi"
"target","200","true","https://thongtaccongquangninh.com/?p=1486","https://thongtaccongquangninh.com/?p=1486","thong-tac-bon-cau-uong-bi"
"target","200","true","https://thongtaccongquangninh.com/wp-content/uploads/2026/05/thong-tac-bon-cau-uong-bi-kiem-tra-nha-tro.webp","https://thongtaccongquangninh.com/wp-content/uploads/2026/05/thong-tac-bon-cau-uong-bi-kiem-tra-nha-tro.webp","thong-tac-bon-cau-uong-bi"
"target","200","true","https://thongtaccongquangninh.com/wp-content/uploads/2026/05/thong-tac-bon-cau-uong-bi-may-lo-xo-ong-cu.webp","https://thongtaccongquangninh.com/wp-content/uploads/2026/05/thong-tac-bon-cau-uong-bi-may-lo-xo-ong-cu.webp","thong-tac-bon-cau-uong-bi"
"target","200","true","https://thongtaccongquangninh.com/wp-content/uploads/2026/05/thong-tac-bon-cau-uong-bi-xa-thu-khu-dan-cu.webp","https://thongtaccongquangninh.com/wp-content/uploads/2026/05/thong-tac-bon-cau-uong-bi-xa-thu-khu-dan-cu.webp","thong-tac-bon-cau-uong-bi"
"target","200","true","https://thongtaccongquangninh.com/wp-json/oembed/1.0/embed?url=https%3A%2F%2Fthongtaccongquangninh.com%2Fthong-tac-bon-cau-van-don%2F","https://thongtaccongquangninh.com/wp-json/oembed/1.0/embed?url=https%3A%2F%2Fthongtaccongquangninh.com%2Fthong-tac-bon-cau-van-don%2F","thong-tac-bon-cau-van-don"
"target","200","true","https://thongtaccongquangninh.com/wp-json/oembed/1.0/embed?url=https%3A%2F%2Fthongtaccongquangninh.com%2Fthong-tac-bon-cau-van-don%2F&","https://thongtaccongquangninh.com/wp-json/oembed/1.0/embed?url=https%3A%2F%2Fthongtaccongquangninh.com%2Fthong-tac-bon-cau-van-don%2F&","thong-tac-bon-cau-van-don"
"target","200","true","https://thongtaccongquangninh.com/wp-json/wp/v2/pages/1487","https://thongtaccongquangninh.com/wp-json/wp/v2/pages/1487","thong-tac-bon-cau-van-don"
"target","200","true","https://thongtaccongquangninh.com/?p=1487","https://thongtaccongquangninh.com/?p=1487","thong-tac-bon-cau-van-don"
"target","200","true","https://thongtaccongquangninh.com/wp-content/uploads/2026/05/thong-tac-bon-cau-van-don-kiem-tra-homestay.webp","https://thongtaccongquangninh.com/wp-content/uploads/2026/05/thong-tac-bon-cau-van-don-kiem-tra-homestay.webp","thong-tac-bon-cau-van-don"
"target","200","true","https://thongtaccongquangninh.com/wp-content/uploads/2026/05/thong-tac-bon-cau-van-don-may-lo-xo-co-so-luu-tru.webp","https://thongtaccongquangninh.com/wp-content/uploads/2026/05/thong-tac-bon-cau-van-don-may-lo-xo-co-so-luu-tru.webp","thong-tac-bon-cau-van-don"
"target","200","true","https://thongtaccongquangninh.com/wp-content/uploads/2026/05/thong-tac-bon-cau-van-don-xa-thu-nha-dan.webp","https://thongtaccongquangninh.com/wp-content/uploads/2026/05/thong-tac-bon-cau-van-don-xa-thu-nha-dan.webp","thong-tac-bon-cau-van-don"
"target","200","true","https://thongtaccongquangninh.com/wp-json/oembed/1.0/embed?url=https%3A%2F%2Fthongtaccongquangninh.com%2Fthong-tac-chau-rua-quang-ninh%2F","https://thongtaccongquangninh.com/wp-json/oembed/1.0/embed?url=https%3A%2F%2Fthongtaccongquangninh.com%2Fthong-tac-chau-rua-quang-ninh%2F","thong-tac-chau-rua-quang-ninh"
"target","200","true","https://thongtaccongquangninh.com/wp-json/oembed/1.0/embed?url=https%3A%2F%2Fthongtaccongquangninh.com%2Fthong-tac-chau-rua-quang-ninh%2F&","https://thongtaccongquangninh.com/wp-json/oembed/1.0/embed?url=https%3A%2F%2Fthongtaccongquangninh.com%2Fthong-tac-chau-rua-quang-ninh%2F&","thong-tac-chau-rua-quang-ninh"
"target","200","true","https://thongtaccongquangninh.com/wp-json/wp/v2/pages/36","https://thongtaccongquangninh.com/wp-json/wp/v2/pages/36","thong-tac-chau-rua-quang-ninh"
"target","200","true","https://thongtaccongquangninh.com/?p=36","https://thongtaccongquangninh.com/?p=36","thong-tac-chau-rua-quang-ninh"
"target","200","true","https://thongtaccongquangninh.com/wp-content/uploads/2026/05/thong-tac-chau-rua-quang-ninh-tu-bep.webp","https://thongtaccongquangninh.com/wp-content/uploads/2026/05/thong-tac-chau-rua-quang-ninh-tu-bep.webp","thong-tac-chau-rua-quang-ninh"
"target","200","true","https://thongtaccongquangninh.com/wp-content/uploads/2026/05/thong-tac-chau-rua-quang-ninh-tho-xu-ly-ong-thoat-chau-rua-duoi-tu-bep-tai-quang-ninh-1.webp","https://thongtaccongquangninh.com/wp-content/uploads/2026/05/thong-tac-chau-rua-quang-ninh-tho-xu-ly-ong-thoat-chau-rua-duoi-tu-bep-tai-quang-ninh-1.webp","thong-tac-chau-rua-quang-ninh"
"target","200","true","https://thongtaccongquangninh.com/wp-content/uploads/2026/05/thong-tac-chau-rua-quang-ninh-kiem-tra-siphon-va-duong-ong-bon-rua-tai-quang-ninh-2.webp","https://thongtaccongquangninh.com/wp-content/uploads/2026/05/thong-tac-chau-rua-quang-ninh-kiem-tra-siphon-va-duong-ong-bon-rua-tai-quang-ninh-2.webp","thong-tac-chau-rua-quang-ninh"
"target","200","true","https://thongtaccongquangninh.com/thong-tac-cong-bai-chay/feed/","https://thongtaccongquangninh.com/thong-tac-cong-bai-chay/feed/","thong-tac-cong-bai-chay"
"target","200","true","https://thongtaccongquangninh.com/wp-json/oembed/1.0/embed?url=https%3A%2F%2Fthongtaccongquangninh.com%2Fthong-tac-cong-bai-chay%2F","https://thongtaccongquangninh.com/wp-json/oembed/1.0/embed?url=https%3A%2F%2Fthongtaccongquangninh.com%2Fthong-tac-cong-bai-chay%2F","thong-tac-cong-bai-chay"
"target","200","true","https://thongtaccongquangninh.com/wp-json/oembed/1.0/embed?url=https%3A%2F%2Fthongtaccongquangninh.com%2Fthong-tac-cong-bai-chay%2F&","https://thongtaccongquangninh.com/wp-json/oembed/1.0/embed?url=https%3A%2F%2Fthongtaccongquangninh.com%2Fthong-tac-cong-bai-chay%2F&","thong-tac-cong-bai-chay"
"target","200","true","https://thongtaccongquangninh.com/wp-json/wp/v2/posts/2054","https://thongtaccongquangninh.com/wp-json/wp/v2/posts/2054","thong-tac-cong-bai-chay"
"target","200","true","https://thongtaccongquangninh.com/?p=2054","https://thongtaccongquangninh.com/?p=2054","thong-tac-cong-bai-chay"
"target","200","true","https://thongtaccongquangninh.com/wp-content/uploads/2026/05/thong-tac-cong-bai-chay-may-lo-xo-quang-ninh-01.webp","https://thongtaccongquangninh.com/wp-content/uploads/2026/05/thong-tac-cong-bai-chay-may-lo-xo-quang-ninh-01.webp","thong-tac-cong-bai-chay"
"target","200","true","https://thongtaccongquangninh.com/wp-content/uploads/2026/05/thong-tac-cong-bai-chay-tho-thong-cong-02.webp","https://thongtaccongquangninh.com/wp-content/uploads/2026/05/thong-tac-cong-bai-chay-tho-thong-cong-02.webp","thong-tac-cong-bai-chay"
"target","200","true","https://thongtaccongquangninh.com/wp-content/uploads/2026/05/thong-tac-cong-bai-chay-xu-ly-nha-hang-03.webp","https://thongtaccongquangninh.com/wp-content/uploads/2026/05/thong-tac-cong-bai-chay-xu-ly-nha-hang-03.webp","thong-tac-cong-bai-chay"
"target","200","true","https://thongtaccongquangninh.com/wp-json/oembed/1.0/embed?url=https%3A%2F%2Fthongtaccongquangninh.com%2Fthong-tac-cong-cam-pha%2F","https://thongtaccongquangninh.com/wp-json/oembed/1.0/embed?url=https%3A%2F%2Fthongtaccongquangninh.com%2Fthong-tac-cong-cam-pha%2F","thong-tac-cong-cam-pha"
"target","200","true","https://thongtaccongquangninh.com/wp-json/oembed/1.0/embed?url=https%3A%2F%2Fthongtaccongquangninh.com%2Fthong-tac-cong-cam-pha%2F&","https://thongtaccongquangninh.com/wp-json/oembed/1.0/embed?url=https%3A%2F%2Fthongtaccongquangninh.com%2Fthong-tac-cong-cam-pha%2F&","thong-tac-cong-cam-pha"
"target","200","true","https://thongtaccongquangninh.com/wp-json/wp/v2/pages/400","https://thongtaccongquangninh.com/wp-json/wp/v2/pages/400","thong-tac-cong-cam-pha"
"target","200","true","https://thongtaccongquangninh.com/?p=400","https://thongtaccongquangninh.com/?p=400","thong-tac-cong-cam-pha"
"target","200","true","https://thongtaccongquangninh.com/wp-content/uploads/2026/05/thong-tac-cong-cam-pha-tho-thong-tac-cong-tai-nha-dan-o-cam-pha-bang-may-lo-xo-1.webp","https://thongtaccongquangninh.com/wp-content/uploads/2026/05/thong-tac-cong-cam-pha-tho-thong-tac-cong-tai-nha-dan-o-cam-pha-bang-may-lo-xo-1.webp","thong-tac-cong-cam-pha"
"target","200","true","https://thongtaccongquangninh.com/wp-content/uploads/2026/05/thong-tac-cong-cam-pha-quy-trinh-thi-cong.webp","https://thongtaccongquangninh.com/wp-content/uploads/2026/05/thong-tac-cong-cam-pha-quy-trinh-thi-cong.webp","thong-tac-cong-cam-pha"
"target","200","true","https://thongtaccongquangninh.com/wp-content/uploads/2026/05/thong-tac-cong-cam-pha-case-study.webp","https://thongtaccongquangninh.com/wp-content/uploads/2026/05/thong-tac-cong-cam-pha-case-study.webp","thong-tac-cong-cam-pha"
"target","200","true","https://thongtaccongquangninh.com/thong-tac-cong-cao-xanh/","https://thongtaccongquangninh.com/thong-tac-cong-cao-xanh/","thong-tac-cong-cao-xanh|trang-chu"
"target","200","true","https://thongtaccongquangninh.com/wp-json/oembed/1.0/embed?url=https%3A%2F%2Fthongtaccongquangninh.com%2Fthong-tac-cong-cao-xanh%2F","https://thongtaccongquangninh.com/wp-json/oembed/1.0/embed?url=https%3A%2F%2Fthongtaccongquangninh.com%2Fthong-tac-cong-cao-xanh%2F","thong-tac-cong-cao-xanh"
"target","200","true","https://thongtaccongquangninh.com/wp-json/oembed/1.0/embed?url=https%3A%2F%2Fthongtaccongquangninh.com%2Fthong-tac-cong-cao-xanh%2F&","https://thongtaccongquangninh.com/wp-json/oembed/1.0/embed?url=https%3A%2F%2Fthongtaccongquangninh.com%2Fthong-tac-cong-cao-xanh%2F&","thong-tac-cong-cao-xanh"
"target","200","true","https://thongtaccongquangninh.com/wp-json/wp/v2/pages/991","https://thongtaccongquangninh.com/wp-json/wp/v2/pages/991","thong-tac-cong-cao-xanh"
"target","200","true","https://thongtaccongquangninh.com/?p=991","https://thongtaccongquangninh.com/?p=991","thong-tac-cong-cao-xanh"
"target","200","true","https://thongtaccongquangninh.com/wp-content/uploads/2026/05/thong-tac-cong-cao-xanh-may-lo-xo-nha-dan.webp","https://thongtaccongquangninh.com/wp-content/uploads/2026/05/thong-tac-cong-cao-xanh-may-lo-xo-nha-dan.webp","thong-tac-cong-cao-xanh"
"target","200","true","https://thongtaccongquangninh.com/wp-content/uploads/2026/05/thong-tac-cong-cao-xanh-kiem-tra-ho-ga.webp","https://thongtaccongquangninh.com/wp-content/uploads/2026/05/thong-tac-cong-cao-xanh-kiem-tra-ho-ga.webp","thong-tac-cong-cao-xanh"
"target","200","true","https://thongtaccongquangninh.com/wp-content/uploads/2026/05/thong-tac-cong-cao-xanh-xa-thu-duong-thoat.webp","https://thongtaccongquangninh.com/wp-content/uploads/2026/05/thong-tac-cong-cao-xanh-xa-thu-duong-thoat.webp","thong-tac-cong-cao-xanh"
"target","200","true","https://thongtaccongquangninh.com/wp-json/oembed/1.0/embed?url=https%3A%2F%2Fthongtaccongquangninh.com%2Fthong-tac-cong-chung-cu-ha-long%2F","https://thongtaccongquangninh.com/wp-json/oembed/1.0/embed?url=https%3A%2F%2Fthongtaccongquangninh.com%2Fthong-tac-cong-chung-cu-ha-long%2F","thong-tac-cong-chung-cu-ha-long"
"target","200","true","https://thongtaccongquangninh.com/wp-json/oembed/1.0/embed?url=https%3A%2F%2Fthongtaccongquangninh.com%2Fthong-tac-cong-chung-cu-ha-long%2F&","https://thongtaccongquangninh.com/wp-json/oembed/1.0/embed?url=https%3A%2F%2Fthongtaccongquangninh.com%2Fthong-tac-cong-chung-cu-ha-long%2F&","thong-tac-cong-chung-cu-ha-long"
"target","200","true","https://thongtaccongquangninh.com/wp-json/wp/v2/pages/380","https://thongtaccongquangninh.com/wp-json/wp/v2/pages/380","thong-tac-cong-chung-cu-ha-long"
"target","200","true","https://thongtaccongquangninh.com/?p=380","https://thongtaccongquangninh.com/?p=380","thong-tac-cong-chung-cu-ha-long"
"target","200","true","https://thongtaccongquangninh.com/wp-content/uploads/2026/05/thong-tac-cong-chung-cu-ha-long-tho-thong-tac-cong-tai-nha-dan-o-ha-long-bang-may-lo-xo-1.webp","https://thongtaccongquangninh.com/wp-content/uploads/2026/05/thong-tac-cong-chung-cu-ha-long-tho-thong-tac-cong-tai-nha-dan-o-ha-long-bang-may-lo-xo-1.webp","thong-tac-cong-chung-cu-ha-long"
"target","200","true","https://thongtaccongquangninh.com/wp-content/uploads/2026/05/thong-tac-cong-chung-cu-ha-long-kiem-tra-ho-ga-va-duong-ong-thoat-nuoc-tai-ha-long-2.webp","https://thongtaccongquangninh.com/wp-content/uploads/2026/05/thong-tac-cong-chung-cu-ha-long-kiem-tra-ho-ga-va-duong-ong-thoat-nuoc-tai-ha-long-2.webp","thong-tac-cong-chung-cu-ha-long"
"target","200","true","https://thongtaccongquangninh.com/wp-content/uploads/2026/05/thong-tac-cong-chung-cu-ha-long-xu-ly-cong-bep-dau-mo-cho-nha-hang-quan-an-tai-ha-long-3.webp","https://thongtaccongquangninh.com/wp-content/uploads/2026/05/thong-tac-cong-chung-cu-ha-long-xu-ly-cong-bep-dau-mo-cho-nha-hang-quan-an-tai-ha-long-3.webp","thong-tac-cong-chung-cu-ha-long"
"target","200","true","https://thongtaccongquangninh.com/wp-json/oembed/1.0/embed?url=https%3A%2F%2Fthongtaccongquangninh.com%2Fthong-tac-cong-dong-trieu%2F","https://thongtaccongquangninh.com/wp-json/oembed/1.0/embed?url=https%3A%2F%2Fthongtaccongquangninh.com%2Fthong-tac-cong-dong-trieu%2F","thong-tac-cong-dong-trieu"
"target","200","true","https://thongtaccongquangninh.com/wp-json/oembed/1.0/embed?url=https%3A%2F%2Fthongtaccongquangninh.com%2Fthong-tac-cong-dong-trieu%2F&","https://thongtaccongquangninh.com/wp-json/oembed/1.0/embed?url=https%3A%2F%2Fthongtaccongquangninh.com%2Fthong-tac-cong-dong-trieu%2F&","thong-tac-cong-dong-trieu"
"target","200","true","https://thongtaccongquangninh.com/wp-json/wp/v2/pages/425","https://thongtaccongquangninh.com/wp-json/wp/v2/pages/425","thong-tac-cong-dong-trieu"
"target","200","true","https://thongtaccongquangninh.com/?p=425","https://thongtaccongquangninh.com/?p=425","thong-tac-cong-dong-trieu"
"target","200","true","https://thongtaccongquangninh.com/wp-content/uploads/2026/05/thong-tac-cong-dong-trieu-tho-thong-tac-cong-tai-nha-dan-o-dong-trieu-bang-may-lo-xo-1.webp","https://thongtaccongquangninh.com/wp-content/uploads/2026/05/thong-tac-cong-dong-trieu-tho-thong-tac-cong-tai-nha-dan-o-dong-trieu-bang-may-lo-xo-1.webp","thong-tac-cong-dong-trieu"
"target","200","true","https://thongtaccongquangninh.com/wp-content/uploads/2026/05/thong-tac-cong-dong-trieu-thong-cong-san-bep-2.webp","https://thongtaccongquangninh.com/wp-content/uploads/2026/05/thong-tac-cong-dong-trieu-thong-cong-san-bep-2.webp","thong-tac-cong-dong-trieu"
"target","200","true","https://thongtaccongquangninh.com/wp-content/uploads/2026/05/thong-tac-cong-dong-trieu-thong-cong-ho-ga-mobile.webp","https://thongtaccongquangninh.com/wp-content/uploads/2026/05/thong-tac-cong-dong-trieu-thong-cong-ho-ga-mobile.webp","thong-tac-cong-dong-trieu"
"target","200","true","https://thongtaccongquangninh.com/wp-json/oembed/1.0/embed?url=https%3A%2F%2Fthongtaccongquangninh.com%2Fthong-tac-cong-gieng-day%2F","https://thongtaccongquangninh.com/wp-json/oembed/1.0/embed?url=https%3A%2F%2Fthongtaccongquangninh.com%2Fthong-tac-cong-gieng-day%2F","thong-tac-cong-gieng-day"
"target","200","true","https://thongtaccongquangninh.com/wp-json/oembed/1.0/embed?url=https%3A%2F%2Fthongtaccongquangninh.com%2Fthong-tac-cong-gieng-day%2F&","https://thongtaccongquangninh.com/wp-json/oembed/1.0/embed?url=https%3A%2F%2Fthongtaccongquangninh.com%2Fthong-tac-cong-gieng-day%2F&","thong-tac-cong-gieng-day"
"target","200","true","https://thongtaccongquangninh.com/wp-json/wp/v2/pages/992","https://thongtaccongquangninh.com/wp-json/wp/v2/pages/992","thong-tac-cong-gieng-day"
"target","200","true","https://thongtaccongquangninh.com/?p=992","https://thongtaccongquangninh.com/?p=992","thong-tac-cong-gieng-day"
"target","200","true","https://thongtaccongquangninh.com/wp-content/uploads/2026/05/thong-tac-cong-gieng-day-may-lo-xo-nha-dan.webp","https://thongtaccongquangninh.com/wp-content/uploads/2026/05/thong-tac-cong-gieng-day-may-lo-xo-nha-dan.webp","thong-tac-cong-gieng-day"
"target","200","true","https://thongtaccongquangninh.com/wp-content/uploads/2026/05/thong-tac-cong-gieng-day-kiem-tra-ho-ga.webp","https://thongtaccongquangninh.com/wp-content/uploads/2026/05/thong-tac-cong-gieng-day-kiem-tra-ho-ga.webp","thong-tac-cong-gieng-day"
"target","200","true","https://thongtaccongquangninh.com/wp-content/uploads/2026/05/thong-tac-cong-gieng-day-xu-ly-duong-thoat.webp","https://thongtaccongquangninh.com/wp-content/uploads/2026/05/thong-tac-cong-gieng-day-xu-ly-duong-thoat.webp","thong-tac-cong-gieng-day"
"target","200","true","https://thongtaccongquangninh.com/wp-json/oembed/1.0/embed?url=https%3A%2F%2Fthongtaccongquangninh.com%2Fthong-tac-cong-ha-long%2F","https://thongtaccongquangninh.com/wp-json/oembed/1.0/embed?url=https%3A%2F%2Fthongtaccongquangninh.com%2Fthong-tac-cong-ha-long%2F","thong-tac-cong-ha-long"
"target","200","true","https://thongtaccongquangninh.com/wp-json/oembed/1.0/embed?url=https%3A%2F%2Fthongtaccongquangninh.com%2Fthong-tac-cong-ha-long%2F&","https://thongtaccongquangninh.com/wp-json/oembed/1.0/embed?url=https%3A%2F%2Fthongtaccongquangninh.com%2Fthong-tac-cong-ha-long%2F&","thong-tac-cong-ha-long"
"target","200","true","https://thongtaccongquangninh.com/wp-json/wp/v2/pages/296","https://thongtaccongquangninh.com/wp-json/wp/v2/pages/296","thong-tac-cong-ha-long"
"target","200","true","https://thongtaccongquangninh.com/?p=296","https://thongtaccongquangninh.com/?p=296","thong-tac-cong-ha-long"
"target","200","true","https://thongtaccongquangninh.com/wp-content/uploads/2026/05/thong-tac-cong-ha-long-may-lo-xo-thong-cong-1.webp","https://thongtaccongquangninh.com/wp-content/uploads/2026/05/thong-tac-cong-ha-long-may-lo-xo-thong-cong-1.webp","thong-tac-cong-ha-long"
"target","200","true","https://thongtaccongquangninh.com/wp-content/uploads/2026/05/thong-tac-cong-ha-long-may-lo-xo-thong-cong-2.webp","https://thongtaccongquangninh.com/wp-content/uploads/2026/05/thong-tac-cong-ha-long-may-lo-xo-thong-cong-2.webp","thong-tac-cong-ha-long"
"target","200","true","https://thongtaccongquangninh.com/wp-content/uploads/2026/05/thong-tac-cong-ha-long-may-lo-xo-thong-cong-3.webp","https://thongtaccongquangninh.com/wp-content/uploads/2026/05/thong-tac-cong-ha-long-may-lo-xo-thong-cong-3.webp","thong-tac-cong-ha-long"
"target","200","true","https://thongtaccongquangninh.com/thong-tac-cong-hong-gai-2/feed/","https://thongtaccongquangninh.com/thong-tac-cong-hong-gai-2/feed/","thong-tac-cong-hong-gai-2"
"target","200","true","https://thongtaccongquangninh.com/wp-json/oembed/1.0/embed?url=https%3A%2F%2Fthongtaccongquangninh.com%2Fthong-tac-cong-hong-gai-2%2F","https://thongtaccongquangninh.com/wp-json/oembed/1.0/embed?url=https%3A%2F%2Fthongtaccongquangninh.com%2Fthong-tac-cong-hong-gai-2%2F","thong-tac-cong-hong-gai-2"
"target","200","true","https://thongtaccongquangninh.com/wp-json/oembed/1.0/embed?url=https%3A%2F%2Fthongtaccongquangninh.com%2Fthong-tac-cong-hong-gai-2%2F&","https://thongtaccongquangninh.com/wp-json/oembed/1.0/embed?url=https%3A%2F%2Fthongtaccongquangninh.com%2Fthong-tac-cong-hong-gai-2%2F&","thong-tac-cong-hong-gai-2"
"target","200","true","https://thongtaccongquangninh.com/wp-json/wp/v2/posts/2053","https://thongtaccongquangninh.com/wp-json/wp/v2/posts/2053","thong-tac-cong-hong-gai-2"
"target","200","true","https://thongtaccongquangninh.com/?p=2053","https://thongtaccongquangninh.com/?p=2053","thong-tac-cong-hong-gai-2"
"target","200","true","https://thongtaccongquangninh.com/wp-content/uploads/2026/05/thong-tac-cong-hong-gai-ha-long-anh-dau-bai.png","https://thongtaccongquangninh.com/wp-content/uploads/2026/05/thong-tac-cong-hong-gai-ha-long-anh-dau-bai.png","thong-tac-cong-hong-gai-2"
"target","200","true","https://thongtaccongquangninh.com/wp-content/uploads/2026/05/thong-tac-cong-hong-gai-ha-long-khu-vuc-phuc-vu.png","https://thongtaccongquangninh.com/wp-content/uploads/2026/05/thong-tac-cong-hong-gai-ha-long-khu-vuc-phuc-vu.png","thong-tac-cong-hong-gai-2"
"target","200","true","https://thongtaccongquangninh.com/wp-content/uploads/2026/05/thong-tac-cong-hong-gai-2-may-lo-xo-thong-cong-3.webp","https://thongtaccongquangninh.com/wp-content/uploads/2026/05/thong-tac-cong-hong-gai-2-may-lo-xo-thong-cong-3.webp","thong-tac-cong-hong-gai-2"
"target","200","true","https://thongtaccongquangninh.com/wp-json/oembed/1.0/embed?url=https%3A%2F%2Fthongtaccongquangninh.com%2Fthong-tac-cong-mong-cai%2F","https://thongtaccongquangninh.com/wp-json/oembed/1.0/embed?url=https%3A%2F%2Fthongtaccongquangninh.com%2Fthong-tac-cong-mong-cai%2F","thong-tac-cong-mong-cai"
"target","200","true","https://thongtaccongquangninh.com/wp-json/oembed/1.0/embed?url=https%3A%2F%2Fthongtaccongquangninh.com%2Fthong-tac-cong-mong-cai%2F&","https://thongtaccongquangninh.com/wp-json/oembed/1.0/embed?url=https%3A%2F%2Fthongtaccongquangninh.com%2Fthong-tac-cong-mong-cai%2F&","thong-tac-cong-mong-cai"
"target","200","true","https://thongtaccongquangninh.com/wp-json/wp/v2/pages/426","https://thongtaccongquangninh.com/wp-json/wp/v2/pages/426","thong-tac-cong-mong-cai"
"target","200","true","https://thongtaccongquangninh.com/?p=426","https://thongtaccongquangninh.com/?p=426","thong-tac-cong-mong-cai"
"target","200","true","https://thongtaccongquangninh.com/wp-content/uploads/2026/05/thong-tac-cong-mong-cai-tho-thong-tac-cong-tai-nha-dan-o-mong-cai-bang-may-lo-xo-1.webp","https://thongtaccongquangninh.com/wp-content/uploads/2026/05/thong-tac-cong-mong-cai-tho-thong-tac-cong-tai-nha-dan-o-mong-cai-bang-may-lo-xo-1.webp","thong-tac-cong-mong-cai"
"target","200","true","https://thongtaccongquangninh.com/wp-content/uploads/2026/05/thong-tac-cong-mong-cai-may-lo-xo-trong-nha-2.webp","https://thongtaccongquangninh.com/wp-content/uploads/2026/05/thong-tac-cong-mong-cai-may-lo-xo-trong-nha-2.webp","thong-tac-cong-mong-cai"
"target","200","true","https://thongtaccongquangninh.com/wp-content/uploads/2026/05/thong-tac-cong-mong-cai-thong-cong-duong-ong-3.webp","https://thongtaccongquangninh.com/wp-content/uploads/2026/05/thong-tac-cong-mong-cai-thong-cong-duong-ong-3.webp","thong-tac-cong-mong-cai"
"target","200","true","https://thongtaccongquangninh.com/wp-json/oembed/1.0/embed?url=https%3A%2F%2Fthongtaccongquangninh.com%2Fthong-tac-cong-ngo-nho-ha-long%2F","https://thongtaccongquangninh.com/wp-json/oembed/1.0/embed?url=https%3A%2F%2Fthongtaccongquangninh.com%2Fthong-tac-cong-ngo-nho-ha-long%2F","thong-tac-cong-ngo-nho-ha-long"
"target","200","true","https://thongtaccongquangninh.com/wp-json/oembed/1.0/embed?url=https%3A%2F%2Fthongtaccongquangninh.com%2Fthong-tac-cong-ngo-nho-ha-long%2F&","https://thongtaccongquangninh.com/wp-json/oembed/1.0/embed?url=https%3A%2F%2Fthongtaccongquangninh.com%2Fthong-tac-cong-ngo-nho-ha-long%2F&","thong-tac-cong-ngo-nho-ha-long"
"target","200","true","https://thongtaccongquangninh.com/wp-json/wp/v2/pages/384","https://thongtaccongquangninh.com/wp-json/wp/v2/pages/384","thong-tac-cong-ngo-nho-ha-long"
"target","200","true","https://thongtaccongquangninh.com/?p=384","https://thongtaccongquangninh.com/?p=384","thong-tac-cong-ngo-nho-ha-long"
"target","200","true","https://thongtaccongquangninh.com/wp-content/uploads/2026/05/thong-tac-cong-ngo-nho-ha-long-tho-thong-tac-cong-tai-nha-dan-o-ha-long-bang-may-lo-xo-1.webp","https://thongtaccongquangninh.com/wp-content/uploads/2026/05/thong-tac-cong-ngo-nho-ha-long-tho-thong-tac-cong-tai-nha-dan-o-ha-long-bang-may-lo-xo-1.webp","thong-tac-cong-ngo-nho-ha-long"
"target","200","true","https://thongtaccongquangninh.com/wp-content/uploads/2026/05/thong-tac-cong-ngo-nho-ha-long-kiem-tra-ho-ga-va-duong-ong-thoat-nuoc-tai-ha-long-2.webp","https://thongtaccongquangninh.com/wp-content/uploads/2026/05/thong-tac-cong-ngo-nho-ha-long-kiem-tra-ho-ga-va-duong-ong-thoat-nuoc-tai-ha-long-2.webp","thong-tac-cong-ngo-nho-ha-long"
"target","200","true","https://thongtaccongquangninh.com/wp-content/uploads/2026/05/thong-tac-cong-ngo-nho-ha-long-xu-ly-cong-bep-dau-mo-cho-nha-hang-quan-an-tai-ha-long-3.webp","https://thongtaccongquangninh.com/wp-content/uploads/2026/05/thong-tac-cong-ngo-nho-ha-long-xu-ly-cong-bep-dau-mo-cho-nha-hang-quan-an-tai-ha-long-3.webp","thong-tac-cong-ngo-nho-ha-long"
"target","200","true","https://thongtaccongquangninh.com/wp-json/oembed/1.0/embed?url=https%3A%2F%2Fthongtaccongquangninh.com%2Fthong-tac-cong-nha-hang-ha-long%2F","https://thongtaccongquangninh.com/wp-json/oembed/1.0/embed?url=https%3A%2F%2Fthongtaccongquangninh.com%2Fthong-tac-cong-nha-hang-ha-long%2F","thong-tac-cong-nha-hang-ha-long"
"target","200","true","https://thongtaccongquangninh.com/wp-json/oembed/1.0/embed?url=https%3A%2F%2Fthongtaccongquangninh.com%2Fthong-tac-cong-nha-hang-ha-long%2F&","https://thongtaccongquangninh.com/wp-json/oembed/1.0/embed?url=https%3A%2F%2Fthongtaccongquangninh.com%2Fthong-tac-cong-nha-hang-ha-long%2F&","thong-tac-cong-nha-hang-ha-long"
"target","200","true","https://thongtaccongquangninh.com/wp-json/wp/v2/pages/383","https://thongtaccongquangninh.com/wp-json/wp/v2/pages/383","thong-tac-cong-nha-hang-ha-long"
"target","200","true","https://thongtaccongquangninh.com/?p=383","https://thongtaccongquangninh.com/?p=383","thong-tac-cong-nha-hang-ha-long"
"target","200","true","https://thongtaccongquangninh.com/wp-content/uploads/2026/05/thong-tac-chau-rua-bep-ha-long-quang-ninh.webp","https://thongtaccongquangninh.com/wp-content/uploads/2026/05/thong-tac-chau-rua-bep-ha-long-quang-ninh.webp","thong-tac-cong-nha-hang-ha-long"
"target","200","true","https://thongtaccongquangninh.com/wp-content/uploads/2026/05/thong-tac-cong-nha-hang-ha-long-tho-thong-tac-cong-tai-nha-dan-o-ha-long-bang-may-lo-xo-1-1.webp","https://thongtaccongquangninh.com/wp-content/uploads/2026/05/thong-tac-cong-nha-hang-ha-long-tho-thong-tac-cong-tai-nha-dan-o-ha-long-bang-may-lo-xo-1-1.webp","thong-tac-cong-nha-hang-ha-long"
"target","200","true","https://thongtaccongquangninh.com/wp-content/uploads/2026/05/thong-tac-cong-nha-hang-ha-long-kiem-tra-ho-ga-va-duong-ong-thoat-nuoc-tai-ha-long-2.webp","https://thongtaccongquangninh.com/wp-content/uploads/2026/05/thong-tac-cong-nha-hang-ha-long-kiem-tra-ho-ga-va-duong-ong-thoat-nuoc-tai-ha-long-2.webp","thong-tac-cong-nha-hang-ha-long"
"target","200","true","https://thongtaccongquangninh.com/wp-json/oembed/1.0/embed?url=https%3A%2F%2Fthongtaccongquangninh.com%2Fthong-tac-cong-quang-ninh%2F","https://thongtaccongquangninh.com/wp-json/oembed/1.0/embed?url=https%3A%2F%2Fthongtaccongquangninh.com%2Fthong-tac-cong-quang-ninh%2F","thong-tac-cong-quang-ninh"
"target","200","true","https://thongtaccongquangninh.com/wp-json/oembed/1.0/embed?url=https%3A%2F%2Fthongtaccongquangninh.com%2Fthong-tac-cong-quang-ninh%2F&","https://thongtaccongquangninh.com/wp-json/oembed/1.0/embed?url=https%3A%2F%2Fthongtaccongquangninh.com%2Fthong-tac-cong-quang-ninh%2F&","thong-tac-cong-quang-ninh"
"target","200","true","https://thongtaccongquangninh.com/wp-json/wp/v2/pages/35","https://thongtaccongquangninh.com/wp-json/wp/v2/pages/35","thong-tac-cong-quang-ninh"
"target","200","true","https://thongtaccongquangninh.com/?p=35","https://thongtaccongquangninh.com/?p=35","thong-tac-cong-quang-ninh"
"target","200","true","https://thongtaccongquangninh.com/wp-content/uploads/2026/05/thong-tac-cong-quang-ninh-tho-thong-tac-cong-tai-nha-dan-o-quang-ninh-bang-may-lo-xo-1.webp","https://thongtaccongquangninh.com/wp-content/uploads/2026/05/thong-tac-cong-quang-ninh-tho-thong-tac-cong-tai-nha-dan-o-quang-ninh-bang-may-lo-xo-1.webp","thong-tac-cong-quang-ninh"
"target","200","true","https://thongtaccongquangninh.com/wp-content/uploads/2026/05/thong-tac-cong-quang-ninh-anh-ai-4.webp","https://thongtaccongquangninh.com/wp-content/uploads/2026/05/thong-tac-cong-quang-ninh-anh-ai-4.webp","thong-tac-cong-quang-ninh"
"target","200","true","https://thongtaccongquangninh.com/wp-content/uploads/2026/05/thong-tac-cong-quang-ninh-anh-ai-3.webp","https://thongtaccongquangninh.com/wp-content/uploads/2026/05/thong-tac-cong-quang-ninh-anh-ai-3.webp","thong-tac-cong-quang-ninh"
"target","200","true","https://thongtaccongquangninh.com/wp-content/uploads/2026/05/thong-tac-cong-quang-ninh-anh-ai-2.webp","https://thongtaccongquangninh.com/wp-content/uploads/2026/05/thong-tac-cong-quang-ninh-anh-ai-2.webp","thong-tac-cong-quang-ninh"
"target","200","true","https://thongtaccongquangninh.com/wp-content/uploads/2026/05/thong-tac-cong-quang-ninh-anh-ai-1.webp","https://thongtaccongquangninh.com/wp-content/uploads/2026/05/thong-tac-cong-quang-ninh-anh-ai-1.webp","thong-tac-cong-quang-ninh"
"target","200","true","https://thongtaccongquangninh.com/wp-content/uploads/2026/05/thong-tac-cong-quang-ninh-tho-thong-tac-cong-tai-nha-dan-o-quang-ninh-bang-may-lo-xo-1-1.webp","https://thongtaccongquangninh.com/wp-content/uploads/2026/05/thong-tac-cong-quang-ninh-tho-thong-tac-cong-tai-nha-dan-o-quang-ninh-bang-may-lo-xo-1-1.webp","thong-tac-cong-quang-ninh"
"target","200","true","https://thongtaccongquangninh.com/wp-content/uploads/2026/05/thong-tac-cong-quang-ninh-kiem-tra-ho-ga-va-duong-ong-thoat-nuoc-tai-quang-ninh-2-1.webp","https://thongtaccongquangninh.com/wp-content/uploads/2026/05/thong-tac-cong-quang-ninh-kiem-tra-ho-ga-va-duong-ong-thoat-nuoc-tai-quang-ninh-2-1.webp","thong-tac-cong-quang-ninh"
"target","200","true","https://thongtaccongquangninh.com/wp-content/uploads/2026/05/thong-tac-cong-quang-ninh-xu-ly-cong-bep-dau-mo-cho-nha-hang-quan-an-tai-quang-ninh-3-1.webp","https://thongtaccongquangninh.com/wp-content/uploads/2026/05/thong-tac-cong-quang-ninh-xu-ly-cong-bep-dau-mo-cho-nha-hang-quan-an-tai-quang-ninh-3-1.webp","thong-tac-cong-quang-ninh"
"target","200","true","https://thongtaccongquangninh.com/wp-content/uploads/2026/05/thong-tac-cong-quang-ninh-xa-thu-sau-khi-thong-tac-cong-tai-quang-ninh-4.webp","https://thongtaccongquangninh.com/wp-content/uploads/2026/05/thong-tac-cong-quang-ninh-xa-thu-sau-khi-thong-tac-cong-tai-quang-ninh-4.webp","thong-tac-cong-quang-ninh"
"target","200","true","https://thongtaccongquangninh.com/wp-content/uploads/2026/05/thong-tac-cong-quang-ninh-kiem-tra-ho-ga-va-duong-ong-thoat-nuoc-tai-quang-ninh-2.webp","https://thongtaccongquangninh.com/wp-content/uploads/2026/05/thong-tac-cong-quang-ninh-kiem-tra-ho-ga-va-duong-ong-thoat-nuoc-tai-quang-ninh-2.webp","thong-tac-cong-quang-ninh"
"target","200","true","https://www.youtube.com/embed/pXSJIOhrO3Q","https://www.youtube.com/embed/pXSJIOhrO3Q","thong-tac-cong-quang-ninh"
"target","200","true","https://thongtaccongquangninh.com/wp-content/uploads/2026/05/thong-tac-cong-quang-ninh-tho-thong-tac-cong-tai-nha-dan-o-quang-ninh-bang-may-lo-xo-1-2.webp","https://thongtaccongquangninh.com/wp-content/uploads/2026/05/thong-tac-cong-quang-ninh-tho-thong-tac-cong-tai-nha-dan-o-quang-ninh-bang-may-lo-xo-1-2.webp","thong-tac-cong-quang-ninh"
"target","200","true","https://thongtaccongquangninh.com/wp-content/uploads/2026/05/thong-tac-cong-quang-ninh-kiem-tra-ho-ga-va-duong-ong-thoat-nuoc-tai-quang-ninh-2-2.webp","https://thongtaccongquangninh.com/wp-content/uploads/2026/05/thong-tac-cong-quang-ninh-kiem-tra-ho-ga-va-duong-ong-thoat-nuoc-tai-quang-ninh-2-2.webp","thong-tac-cong-quang-ninh"
"target","200","true","https://thongtaccongquangninh.com/wp-content/uploads/2026/05/thong-tac-cong-quang-ninh-xu-ly-cong-bep-dau-mo-cho-nha-hang-quan-an-tai-quang-ninh-3-2.webp","https://thongtaccongquangninh.com/wp-content/uploads/2026/05/thong-tac-cong-quang-ninh-xu-ly-cong-bep-dau-mo-cho-nha-hang-quan-an-tai-quang-ninh-3-2.webp","thong-tac-cong-quang-ninh"
"target","200","true","https://thongtaccongquangninh.com/wp-content/uploads/2026/05/thong-tac-cong-quang-ninh-xa-thu-sau-khi-thong-tac-cong-tai-quang-ninh-4-1.webp","https://thongtaccongquangninh.com/wp-content/uploads/2026/05/thong-tac-cong-quang-ninh-xa-thu-sau-khi-thong-tac-cong-tai-quang-ninh-4-1.webp","thong-tac-cong-quang-ninh"
"target","200","true","https://thongtaccongquangninh.com/wp-content/uploads/2026/05/thong-tac-cong-quang-ninh-xu-ly-cong-bep-dau-mo-cho-nha-hang-quan-an-tai-quang-ninh-3.webp","https://thongtaccongquangninh.com/wp-content/uploads/2026/05/thong-tac-cong-quang-ninh-xu-ly-cong-bep-dau-mo-cho-nha-hang-quan-an-tai-quang-ninh-3.webp","thong-tac-cong-quang-ninh"
"target","200","true","https://thongtaccongquangninh.com/wp-json/oembed/1.0/embed?url=https%3A%2F%2Fthongtaccongquangninh.com%2Fthong-tac-cong-quang-yen%2F","https://thongtaccongquangninh.com/wp-json/oembed/1.0/embed?url=https%3A%2F%2Fthongtaccongquangninh.com%2Fthong-tac-cong-quang-yen%2F","thong-tac-cong-quang-yen"
"target","200","true","https://thongtaccongquangninh.com/wp-json/oembed/1.0/embed?url=https%3A%2F%2Fthongtaccongquangninh.com%2Fthong-tac-cong-quang-yen%2F&","https://thongtaccongquangninh.com/wp-json/oembed/1.0/embed?url=https%3A%2F%2Fthongtaccongquangninh.com%2Fthong-tac-cong-quang-yen%2F&","thong-tac-cong-quang-yen"
"target","200","true","https://thongtaccongquangninh.com/wp-json/wp/v2/pages/424","https://thongtaccongquangninh.com/wp-json/wp/v2/pages/424","thong-tac-cong-quang-yen"
"target","200","true","https://thongtaccongquangninh.com/?p=424","https://thongtaccongquangninh.com/?p=424","thong-tac-cong-quang-yen"
"target","200","true","https://thongtaccongquangninh.com/wp-content/uploads/2026/05/thong-tac-cong-quang-yen-may-lo-xo-thong-cong-1.webp","https://thongtaccongquangninh.com/wp-content/uploads/2026/05/thong-tac-cong-quang-yen-may-lo-xo-thong-cong-1.webp","thong-tac-cong-quang-yen"
"target","200","true","https://thongtaccongquangninh.com/wp-content/uploads/2026/05/thong-tac-cong-quang-yen-may-lo-xo-thong-cong-2.webp","https://thongtaccongquangninh.com/wp-content/uploads/2026/05/thong-tac-cong-quang-yen-may-lo-xo-thong-cong-2.webp","thong-tac-cong-quang-yen"
"target","200","true","https://thongtaccongquangninh.com/wp-content/uploads/2026/05/thong-tac-cong-quang-yen-nao-vet-ho-ga-3.webp","https://thongtaccongquangninh.com/wp-content/uploads/2026/05/thong-tac-cong-quang-yen-nao-vet-ho-ga-3.webp","thong-tac-cong-quang-yen"
"target","200","true","https://thongtaccongquangninh.com/thong-tac-cong-tuan-chau/","https://thongtaccongquangninh.com/thong-tac-cong-tuan-chau/","thong-tac-cong-tuan-chau"
"target","200","true","https://thongtaccongquangninh.com/wp-json/oembed/1.0/embed?url=https%3A%2F%2Fthongtaccongquangninh.com%2Fthong-tac-cong-tuan-chau%2F","https://thongtaccongquangninh.com/wp-json/oembed/1.0/embed?url=https%3A%2F%2Fthongtaccongquangninh.com%2Fthong-tac-cong-tuan-chau%2F","thong-tac-cong-tuan-chau"
"target","200","true","https://thongtaccongquangninh.com/wp-json/oembed/1.0/embed?url=https%3A%2F%2Fthongtaccongquangninh.com%2Fthong-tac-cong-tuan-chau%2F&","https://thongtaccongquangninh.com/wp-json/oembed/1.0/embed?url=https%3A%2F%2Fthongtaccongquangninh.com%2Fthong-tac-cong-tuan-chau%2F&","thong-tac-cong-tuan-chau"
"target","200","true","https://thongtaccongquangninh.com/wp-json/wp/v2/pages/993","https://thongtaccongquangninh.com/wp-json/wp/v2/pages/993","thong-tac-cong-tuan-chau"
"target","200","true","https://thongtaccongquangninh.com/?p=993","https://thongtaccongquangninh.com/?p=993","thong-tac-cong-tuan-chau"
"target","200","true","https://thongtaccongquangninh.com/wp-content/uploads/2026/05/thong-tac-cong-tuan-chau-resort-01.jpg","https://thongtaccongquangninh.com/wp-content/uploads/2026/05/thong-tac-cong-tuan-chau-resort-01.jpg","thong-tac-cong-tuan-chau"
"target","200","true","https://thongtaccongquangninh.com/wp-content/uploads/2026/05/thong-tac-cong-tuan-chau-may-ap-luc-02.jpg","https://thongtaccongquangninh.com/wp-content/uploads/2026/05/thong-tac-cong-tuan-chau-may-ap-luc-02.jpg","thong-tac-cong-tuan-chau"
"target","200","true","https://thongtaccongquangninh.com/wp-content/uploads/2026/05/thong-tac-cong-tuan-chau-kiem-tra-03.jpg","https://thongtaccongquangninh.com/wp-content/uploads/2026/05/thong-tac-cong-tuan-chau-kiem-tra-03.jpg","thong-tac-cong-tuan-chau"
"target","200","true","https://thongtaccongquangninh.com/wp-json/oembed/1.0/embed?url=https%3A%2F%2Fthongtaccongquangninh.com%2Fthong-tac-cong-uong-bi%2F","https://thongtaccongquangninh.com/wp-json/oembed/1.0/embed?url=https%3A%2F%2Fthongtaccongquangninh.com%2Fthong-tac-cong-uong-bi%2F","thong-tac-cong-uong-bi"
"target","200","true","https://thongtaccongquangninh.com/wp-json/oembed/1.0/embed?url=https%3A%2F%2Fthongtaccongquangninh.com%2Fthong-tac-cong-uong-bi%2F&","https://thongtaccongquangninh.com/wp-json/oembed/1.0/embed?url=https%3A%2F%2Fthongtaccongquangninh.com%2Fthong-tac-cong-uong-bi%2F&","thong-tac-cong-uong-bi"
"target","200","true","https://thongtaccongquangninh.com/wp-json/wp/v2/pages/405","https://thongtaccongquangninh.com/wp-json/wp/v2/pages/405","thong-tac-cong-uong-bi"
"target","200","true","https://thongtaccongquangninh.com/?p=405","https://thongtaccongquangninh.com/?p=405","thong-tac-cong-uong-bi"
"target","200","true","https://thongtaccongquangninh.com/wp-content/uploads/2026/05/thong-tac-cong-uong-bi-may-lo-xo-thong-cong-1.webp","https://thongtaccongquangninh.com/wp-content/uploads/2026/05/thong-tac-cong-uong-bi-may-lo-xo-thong-cong-1.webp","thong-tac-cong-uong-bi"
"target","200","true","https://thongtaccongquangninh.com/wp-content/uploads/2026/05/thong-tac-cong-uong-bi-may-lo-xo-thong-cong-2.webp","https://thongtaccongquangninh.com/wp-content/uploads/2026/05/thong-tac-cong-uong-bi-may-lo-xo-thong-cong-2.webp","thong-tac-cong-uong-bi"
"target","200","true","https://thongtaccongquangninh.com/wp-content/uploads/2026/05/thong-tac-cong-uong-bi-may-lo-xo-thong-cong-3.webp","https://thongtaccongquangninh.com/wp-content/uploads/2026/05/thong-tac-cong-uong-bi-may-lo-xo-thong-cong-3.webp","thong-tac-cong-uong-bi"
"target","200","true","https://thongtaccongquangninh.com/wp-json/oembed/1.0/embed?url=https%3A%2F%2Fthongtaccongquangninh.com%2Fthong-tac-cong-van-don%2F","https://thongtaccongquangninh.com/wp-json/oembed/1.0/embed?url=https%3A%2F%2Fthongtaccongquangninh.com%2Fthong-tac-cong-van-don%2F","thong-tac-cong-van-don"
"target","200","true","https://thongtaccongquangninh.com/wp-json/oembed/1.0/embed?url=https%3A%2F%2Fthongtaccongquangninh.com%2Fthong-tac-cong-van-don%2F&","https://thongtaccongquangninh.com/wp-json/oembed/1.0/embed?url=https%3A%2F%2Fthongtaccongquangninh.com%2Fthong-tac-cong-van-don%2F&","thong-tac-cong-van-don"
"target","200","true","https://thongtaccongquangninh.com/wp-json/wp/v2/pages/427","https://thongtaccongquangninh.com/wp-json/wp/v2/pages/427","thong-tac-cong-van-don"
"target","200","true","https://thongtaccongquangninh.com/?p=427","https://thongtaccongquangninh.com/?p=427","thong-tac-cong-van-don"
"target","200","true","https://thongtaccongquangninh.com/wp-content/uploads/2026/04/ky-thuat-thong-tac-cong-dan-dung-quang-ninh-01.webp","https://thongtaccongquangninh.com/wp-content/uploads/2026/04/ky-thuat-thong-tac-cong-dan-dung-quang-ninh-01.webp","thong-tac-cong-van-don"
"target","200","true","https://thongtaccongquangninh.com/wp-content/uploads/2026/05/thong-tac-cong-van-don-kiem-tra-ho-ga-mobile.webp","https://thongtaccongquangninh.com/wp-content/uploads/2026/05/thong-tac-cong-van-don-kiem-tra-ho-ga-mobile.webp","thong-tac-cong-van-don"
"target","200","true","https://thongtaccongquangninh.com/wp-content/uploads/2026/05/thong-tac-cong-van-don-may-lo-xo-thong-cong-mobile.webp","https://thongtaccongquangninh.com/wp-content/uploads/2026/05/thong-tac-cong-van-don-may-lo-xo-thong-cong-mobile.webp","thong-tac-cong-van-don"
"target","200","true","https://thongtaccongquangninh.com/wp-json/oembed/1.0/embed?url=https%3A%2F%2Fthongtaccongquangninh.com%2F","https://thongtaccongquangninh.com/wp-json/oembed/1.0/embed?url=https%3A%2F%2Fthongtaccongquangninh.com%2F","trang-chu"
"target","200","true","https://thongtaccongquangninh.com/wp-json/oembed/1.0/embed?url=https%3A%2F%2Fthongtaccongquangninh.com%2F&","https://thongtaccongquangninh.com/wp-json/oembed/1.0/embed?url=https%3A%2F%2Fthongtaccongquangninh.com%2F&","trang-chu"
"target","200","true","https://thongtaccongquangninh.com/wp-json/wp/v2/pages/23","https://thongtaccongquangninh.com/wp-json/wp/v2/pages/23","trang-chu"
"target","200","true","https://thongtaccongquangninh.com/wp-content/plugins/ttcqn-home-emergency-renderer/assets/hero-worker-tho-thong-tac-cong-quang-ninh-640.webp","https://thongtaccongquangninh.com/wp-content/plugins/ttcqn-home-emergency-renderer/assets/hero-worker-tho-thong-tac-cong-quang-ninh-640.webp","trang-chu"
"target","200","true","https://thongtaccongquangninh.com/wp-content/uploads/2026/05/bien-hieu-cong-ty-moi-truong-do-thi-so-1-quang-ninh-ha-long.webp","https://thongtaccongquangninh.com/wp-content/uploads/2026/05/bien-hieu-cong-ty-moi-truong-do-thi-so-1-quang-ninh-ha-long.webp","trang-chu"
"target","200","true","https://thongtaccongquangninh.com/wp-content/uploads/2026/05/doi-ngu-ky-thuat-vien-hut-be-phot-thong-cong-ha-long-quang-ninh-1.webp","https://thongtaccongquangninh.com/wp-content/uploads/2026/05/doi-ngu-ky-thuat-vien-hut-be-phot-thong-cong-ha-long-quang-ninh-1.webp","trang-chu"
"target","200","true","https://thongtaccongquangninh.com/wp-content/uploads/2026/05/giam-doc-nguyen-song-hao-moi-truong-do-thi-so-1-quang-ninh.webp","https://thongtaccongquangninh.com/wp-content/uploads/2026/05/giam-doc-nguyen-song-hao-moi-truong-do-thi-so-1-quang-ninh.webp","trang-chu"
"target","200","true","https://thongtaccongquangninh.com/wp-content/uploads/2026/05/doi-ngu-chuyen-gia-moi-truong-do-thi-quang-ninh-truoc-van-phong.webp","https://thongtaccongquangninh.com/wp-content/uploads/2026/05/doi-ngu-chuyen-gia-moi-truong-do-thi-quang-ninh-truoc-van-phong.webp","trang-chu"
"target","200","true","https://thongtaccongquangninh.com/wp-content/uploads/2026/05/doi-ngu-ky-thuat-moi-truong-do-thi-quang-ninh-san-sang-phuc-vu-24-7.webp","https://thongtaccongquangninh.com/wp-content/uploads/2026/05/doi-ngu-ky-thuat-moi-truong-do-thi-quang-ninh-san-sang-phuc-vu-24-7.webp","trang-chu"
"target","200","true","https://thongtaccongquangninh.com/wp-content/uploads/2026/05/xe-hut-be-phot-isuzu-chuyen-dung-moi-truong-do-thi-so-1-quang-ninh.webp","https://thongtaccongquangninh.com/wp-content/uploads/2026/05/xe-hut-be-phot-isuzu-chuyen-dung-moi-truong-do-thi-so-1-quang-ninh.webp","trang-chu"
"target","200","true","https://www.youtube.com/embed/EDJGYWmHqB4","https://www.youtube.com/embed/EDJGYWmHqB4","trang-chu"
"target","200","true","https://thongtaccongquangninh.com/wp-content/plugins/ttcqn-home-emergency-renderer/assets/service-icons/icon-dich-vu-cua-chung-toi-shield.png","https://thongtaccongquangninh.com/wp-content/plugins/ttcqn-home-emergency-renderer/assets/service-icons/icon-dich-vu-cua-chung-toi-shield.png","trang-chu"
"target","200","true","https://thongtaccongquangninh.com/wp-content/plugins/ttcqn-home-emergency-renderer/assets/service-images/service-hut-be-phot-quang-ninh-xe-bon-chuyen-dung.webp","https://thongtaccongquangninh.com/wp-content/plugins/ttcqn-home-emergency-renderer/assets/service-images/service-hut-be-phot-quang-ninh-xe-bon-chuyen-dung.webp","trang-chu"
"target","200","true","https://thongtaccongquangninh.com/wp-content/plugins/ttcqn-home-emergency-renderer/assets/service-images/service-thong-tac-cong-quang-ninh-may-chuyen-dung.webp","https://thongtaccongquangninh.com/wp-content/plugins/ttcqn-home-emergency-renderer/assets/service-images/service-thong-tac-cong-quang-ninh-may-chuyen-dung.webp","trang-chu"
"target","200","true","https://thongtaccongquangninh.com/wp-content/plugins/ttcqn-home-emergency-renderer/assets/service-images/service-thong-tac-bon-cau-quang-ninh-khong-duc-pha.webp","https://thongtaccongquangninh.com/wp-content/plugins/ttcqn-home-emergency-renderer/assets/service-images/service-thong-tac-bon-cau-quang-ninh-khong-duc-pha.webp","trang-chu"
"target","200","true","https://thongtaccongquangninh.com/wp-content/plugins/ttcqn-home-emergency-renderer/assets/service-images/service-thong-tac-chau-rua-quang-ninh.webp","https://thongtaccongquangninh.com/wp-content/plugins/ttcqn-home-emergency-renderer/assets/service-images/service-thong-tac-chau-rua-quang-ninh.webp","trang-chu"
"target","200","true","https://thongtaccongquangninh.com/wp-content/plugins/ttcqn-home-emergency-renderer/assets/service-images/service-nao-vet-ho-ga-quang-ninh-24-7.webp","https://thongtaccongquangninh.com/wp-content/plugins/ttcqn-home-emergency-renderer/assets/service-images/service-nao-vet-ho-ga-quang-ninh-24-7.webp","trang-chu"
"target","200","true","https://thongtaccongquangninh.com/wp-content/plugins/ttcqn-home-emergency-renderer/assets/service-images/service-xu-ly-mui-hoi-quang-ninh.webp","https://thongtaccongquangninh.com/wp-content/plugins/ttcqn-home-emergency-renderer/assets/service-images/service-xu-ly-mui-hoi-quang-ninh.webp","trang-chu"
"target","200","true","https://thongtaccongquangninh.com/wp-content/plugins/ttcqn-home-emergency-renderer/assets/service-icons/icon-dich-vu-cua-chung-toi-phone.png","https://thongtaccongquangninh.com/wp-content/plugins/ttcqn-home-emergency-renderer/assets/service-icons/icon-dich-vu-cua-chung-toi-phone.png","trang-chu"
"target","200","true","https://thongtaccongquangninh.com/wp-content/plugins/ttcqn-home-emergency-renderer/assets/service-icons/icon-dich-vu-cua-chung-toi-bookmark.png","https://thongtaccongquangninh.com/wp-content/plugins/ttcqn-home-emergency-renderer/assets/service-icons/icon-dich-vu-cua-chung-toi-bookmark.png","trang-chu"
"target","200","true","https://thongtaccongquangninh.com/he-thong-co-so-quang-ninh/","https://thongtaccongquangninh.com/he-thong-co-so-quang-ninh/","trang-chu"
"target","200","true","https://thongtaccongquangninh.com/wp-content/plugins/ttcqn-home-emergency-renderer/assets/service-icons/icon-dich-vu-cua-chung-toi-location.png","https://thongtaccongquangninh.com/wp-content/plugins/ttcqn-home-emergency-renderer/assets/service-icons/icon-dich-vu-cua-chung-toi-location.png","trang-chu"
"target","200","true","https://thongtaccongquangninh.com/wp-content/plugins/ttcqn-home-emergency-renderer/assets/service-icons/icon-dich-vu-cua-chung-toi-document.png","https://thongtaccongquangninh.com/wp-content/plugins/ttcqn-home-emergency-renderer/assets/service-icons/icon-dich-vu-cua-chung-toi-document.png","trang-chu"
"target","200","true","https://thongtaccongquangninh.com/wp-content/uploads/2026/05/ky-ket-doi-tac-muong-thanh-hospitality-ha-long-moi-truong-do-thi-so-1.webp","https://thongtaccongquangninh.com/wp-content/uploads/2026/05/ky-ket-doi-tac-muong-thanh-hospitality-ha-long-moi-truong-do-thi-so-1.webp","trang-chu"
"target","200","true","https://thongtaccongquangninh.com/wp-content/uploads/2026/05/ky-ket-doi-tac-flc-hotels-resorts-quang-ninh-moi-truong-do-thi-so-1.webp","https://thongtaccongquangninh.com/wp-content/uploads/2026/05/ky-ket-doi-tac-flc-hotels-resorts-quang-ninh-moi-truong-do-thi-so-1.webp","trang-chu"
"target","200","true","https://thongtaccongquangninh.com/wp-content/uploads/2026/05/ky-ket-hop-tac-chien-luoc-wyndham-legend-ha-long-moi-truong-quang-ninh.webp","https://thongtaccongquangninh.com/wp-content/uploads/2026/05/ky-ket-hop-tac-chien-luoc-wyndham-legend-ha-long-moi-truong-quang-ninh.webp","trang-chu"
"target","200","true","https://thongtaccongquangninh.com/wp-content/uploads/2026/05/ky-ket-doi-tac-bim-group-dich-vu-ve-sinh-moi-truong-quang-ninh.webp","https://thongtaccongquangninh.com/wp-content/uploads/2026/05/ky-ket-doi-tac-bim-group-dich-vu-ve-sinh-moi-truong-quang-ninh.webp","trang-chu"
"target","200","true","https://thongtaccongquangninh.com/wp-content/uploads/2026/05/du-an-hut-be-phot-ho-gia-dinh-ha-long.webp","https://thongtaccongquangninh.com/wp-content/uploads/2026/05/du-an-hut-be-phot-ho-gia-dinh-ha-long.webp","trang-chu"
"target","200","true","https://thongtaccongquangninh.com/wp-content/uploads/2026/05/du-an-thong-tac-chau-rua-bai-chay.webp","https://thongtaccongquangninh.com/wp-content/uploads/2026/05/du-an-thong-tac-chau-rua-bai-chay.webp","trang-chu"
"target","200","true","https://thongtaccongquangninh.com/wp-content/uploads/2026/05/du-an-nao-vet-ho-ga-cam-pha.webp","https://thongtaccongquangninh.com/wp-content/uploads/2026/05/du-an-nao-vet-ho-ga-cam-pha.webp","trang-chu"
"target","200","true","https://thongtaccongquangninh.com/wp-content/uploads/2026/05/du-an-thong-tac-bon-cau-uong-bi.webp","https://thongtaccongquangninh.com/wp-content/uploads/2026/05/du-an-thong-tac-bon-cau-uong-bi.webp","trang-chu"
"target","200","true","https://thongtaccongquangninh.com/wp-content/uploads/2026/05/du-an-xu-ly-mui-hoi-quang-yen.webp","https://thongtaccongquangninh.com/wp-content/uploads/2026/05/du-an-xu-ly-mui-hoi-quang-yen.webp","trang-chu"
"target","200","true","https://thongtaccongquangninh.com/wp-content/uploads/2026/05/du-an-thong-tac-cong-dong-trieu.webp","https://thongtaccongquangninh.com/wp-content/uploads/2026/05/du-an-thong-tac-cong-dong-trieu.webp","trang-chu"
"target","200","true","https://thongtaccongquangninh.com/wp-content/plugins/ttcqn-home-emergency-renderer/assets/process-redesign/process-step-1.webp","https://thongtaccongquangninh.com/wp-content/plugins/ttcqn-home-emergency-renderer/assets/process-redesign/process-step-1.webp","trang-chu"
"target","200","true","https://thongtaccongquangninh.com/wp-content/plugins/ttcqn-home-emergency-renderer/assets/process-redesign/process-step-2.webp","https://thongtaccongquangninh.com/wp-content/plugins/ttcqn-home-emergency-renderer/assets/process-redesign/process-step-2.webp","trang-chu"
"target","200","true","https://thongtaccongquangninh.com/wp-content/plugins/ttcqn-home-emergency-renderer/assets/process-redesign/process-step-3.webp","https://thongtaccongquangninh.com/wp-content/plugins/ttcqn-home-emergency-renderer/assets/process-redesign/process-step-3.webp","trang-chu"
"target","200","true","https://thongtaccongquangninh.com/wp-content/plugins/ttcqn-home-emergency-renderer/assets/process-redesign/process-step-4.webp","https://thongtaccongquangninh.com/wp-content/plugins/ttcqn-home-emergency-renderer/assets/process-redesign/process-step-4.webp","trang-chu"
"target","200","true","https://thongtaccongquangninh.com/wp-content/plugins/ttcqn-home-emergency-renderer/assets/process-redesign/process-step-5.webp","https://thongtaccongquangninh.com/wp-content/plugins/ttcqn-home-emergency-renderer/assets/process-redesign/process-step-5.webp","trang-chu"
"target","200","true","https://thongtaccongquangninh.com/wp-content/plugins/ttcqn-home-emergency-renderer/assets/price-redesign/price-advisor-consulting.webp","https://thongtaccongquangninh.com/wp-content/plugins/ttcqn-home-emergency-renderer/assets/price-redesign/price-advisor-consulting.webp","trang-chu"
"target","200","true","https://thongtaccongquangninh.com/wp-content/plugins/ttcqn-home-emergency-renderer/assets/price-redesign/price-septic-truck-villa.webp","https://thongtaccongquangninh.com/wp-content/plugins/ttcqn-home-emergency-renderer/assets/price-redesign/price-septic-truck-villa.webp","trang-chu"
"target","200","true","https://thongtaccongquangninh.com/wp-content/plugins/ttcqn-home-emergency-renderer/assets/price-redesign/price-thumb-thong-tac-cong.webp","https://thongtaccongquangninh.com/wp-content/plugins/ttcqn-home-emergency-renderer/assets/price-redesign/price-thumb-thong-tac-cong.webp","trang-chu"
"target","200","true","https://thongtaccongquangninh.com/wp-content/plugins/ttcqn-home-emergency-renderer/assets/price-redesign/price-thumb-thong-tac-bon-cau.webp","https://thongtaccongquangninh.com/wp-content/plugins/ttcqn-home-emergency-renderer/assets/price-redesign/price-thumb-thong-tac-bon-cau.webp","trang-chu"
"target","200","true","https://thongtaccongquangninh.com/wp-content/plugins/ttcqn-home-emergency-renderer/assets/price-redesign/price-thumb-nao-vet-ho-ga.webp","https://thongtaccongquangninh.com/wp-content/plugins/ttcqn-home-emergency-renderer/assets/price-redesign/price-thumb-nao-vet-ho-ga.webp","trang-chu"
"target","200","true","https://thongtaccongquangninh.com/wp-content/plugins/ttcqn-home-emergency-renderer/assets/price-redesign/price-thumb-thong-tac-chau-rua.webp","https://thongtaccongquangninh.com/wp-content/plugins/ttcqn-home-emergency-renderer/assets/price-redesign/price-thumb-thong-tac-chau-rua.webp","trang-chu"
"target","200","true","https://thongtaccongquangninh.com/wp-content/plugins/ttcqn-home-emergency-renderer/assets/handbook-images/cam-nang-thong-tac-cong-gieng-day.webp","https://thongtaccongquangninh.com/wp-content/plugins/ttcqn-home-emergency-renderer/assets/handbook-images/cam-nang-thong-tac-cong-gieng-day.webp","trang-chu"
"target","200","true","https://thongtaccongquangninh.com/wp-content/plugins/ttcqn-home-emergency-renderer/assets/handbook-images/cam-nang-hut-be-phot-cao-xanh.webp","https://thongtaccongquangninh.com/wp-content/plugins/ttcqn-home-emergency-renderer/assets/handbook-images/cam-nang-hut-be-phot-cao-xanh.webp","trang-chu"
"target","200","true","https://thongtaccongquangninh.com/wp-content/plugins/ttcqn-home-emergency-renderer/assets/handbook-images/cam-nang-nghet-bon-cau-bai-chay.webp","https://thongtaccongquangninh.com/wp-content/plugins/ttcqn-home-emergency-renderer/assets/handbook-images/cam-nang-nghet-bon-cau-bai-chay.webp","trang-chu"
"target","200","true","https://thongtaccongquangninh.com/wp-content/plugins/ttcqn-home-emergency-renderer/assets/handbook-images/cam-nang-mui-hoi-nha-ve-sinh-hong-gai.webp","https://thongtaccongquangninh.com/wp-content/plugins/ttcqn-home-emergency-renderer/assets/handbook-images/cam-nang-mui-hoi-nha-ve-sinh-hong-gai.webp","trang-chu"
"target","200","true","https://thongtaccongquangninh.com/wp-content/plugins/ttcqn-home-emergency-renderer/assets/handbook-images/cam-nang-noi-soi-camera-duong-ong.webp","https://thongtaccongquangninh.com/wp-content/plugins/ttcqn-home-emergency-renderer/assets/handbook-images/cam-nang-noi-soi-camera-duong-ong.webp","trang-chu"
"target","200","true","https://thongtaccongquangninh.com/wp-content/plugins/ttcqn-home-emergency-renderer/assets/handbook-images/cam-nang-thoat-nuoc-ngoai-troi-hai-ha.webp","https://thongtaccongquangninh.com/wp-content/plugins/ttcqn-home-emergency-renderer/assets/handbook-images/cam-nang-thoat-nuoc-ngoai-troi-hai-ha.webp","trang-chu"
"target","200","true","https://thongtaccongquangninh.com/wp-content/plugins/ttcqn-home-emergency-renderer/assets/testimonials/testimonial-anh-tran-hung.webp","https://thongtaccongquangninh.com/wp-content/plugins/ttcqn-home-emergency-renderer/assets/testimonials/testimonial-anh-tran-hung.webp","trang-chu"
"target","200","true","https://thongtaccongquangninh.com/wp-content/plugins/ttcqn-home-emergency-renderer/assets/testimonials/testimonial-chi-nguyen-lan.webp","https://thongtaccongquangninh.com/wp-content/plugins/ttcqn-home-emergency-renderer/assets/testimonials/testimonial-chi-nguyen-lan.webp","trang-chu"
"target","200","true","https://thongtaccongquangninh.com/wp-content/plugins/ttcqn-home-emergency-renderer/assets/testimonials/testimonial-anh-vu-phong.webp","https://thongtaccongquangninh.com/wp-content/plugins/ttcqn-home-emergency-renderer/assets/testimonials/testimonial-anh-vu-phong.webp","trang-chu"
"target","200","true","https://thongtaccongquangninh.com/wp-content/plugins/ttcqn-home-emergency-renderer/assets/testimonials/testimonial-chat-chi-lan.webp","https://thongtaccongquangninh.com/wp-content/plugins/ttcqn-home-emergency-renderer/assets/testimonials/testimonial-chat-chi-lan.webp","trang-chu"
"target","200","true","https://thongtaccongquangninh.com/wp-content/plugins/ttcqn-home-emergency-renderer/assets/testimonials/testimonial-chat-anh-hung.webp","https://thongtaccongquangninh.com/wp-content/plugins/ttcqn-home-emergency-renderer/assets/testimonials/testimonial-chat-anh-hung.webp","trang-chu"
"target","200","true","https://thongtaccongquangninh.com/wp-content/plugins/ttcqn-home-emergency-renderer/assets/testimonials/testimonial-chat-chi-mai.webp","https://thongtaccongquangninh.com/wp-content/plugins/ttcqn-home-emergency-renderer/assets/testimonials/testimonial-chat-chi-mai.webp","trang-chu"
"target","200","true","https://thongtaccongquangninh.com/wp-content/plugins/ttcqn-home-emergency-renderer/assets/avatars/avatar-nguyen-song-hao.webp","https://thongtaccongquangninh.com/wp-content/plugins/ttcqn-home-emergency-renderer/assets/avatars/avatar-nguyen-song-hao.webp","trang-chu"
"target","200","true","https://thongtaccongquangninh.com/wp-content/plugins/ttcqn-home-emergency-renderer/assets/avatars/avatar-le-huu-ninh.webp","https://thongtaccongquangninh.com/wp-content/plugins/ttcqn-home-emergency-renderer/assets/avatars/avatar-le-huu-ninh.webp","trang-chu"
"target","200","true","https://thongtaccongquangninh.com/wp-content/plugins/ttcqn-home-emergency-renderer/assets/avatars/avatar-nguyen-tam-an.webp","https://thongtaccongquangninh.com/wp-content/plugins/ttcqn-home-emergency-renderer/assets/avatars/avatar-nguyen-tam-an.webp","trang-chu"
"target","200","true","https://thongtaccongquangninh.com/wp-content/plugins/ttcqn-home-emergency-renderer/assets/avatars/avatar-le-quoc-quang.webp","https://thongtaccongquangninh.com/wp-content/plugins/ttcqn-home-emergency-renderer/assets/avatars/avatar-le-quoc-quang.webp","trang-chu"
"target","200","true","https://thongtaccongquangninh.com/wp-content/plugins/ttcqn-home-emergency-renderer/assets/avatars/avatar-nguyen-thu-ha-20260529.webp","https://thongtaccongquangninh.com/wp-content/plugins/ttcqn-home-emergency-renderer/assets/avatars/avatar-nguyen-thu-ha-20260529.webp","trang-chu"
"target","200","true","https://thongtaccongquangninh.com/wp-content/plugins/ttcqn-home-emergency-renderer/assets/region-section/phuc-vu-24-7-quang-ninh-bg-desktop.webp","https://thongtaccongquangninh.com/wp-content/plugins/ttcqn-home-emergency-renderer/assets/region-section/phuc-vu-24-7-quang-ninh-bg-desktop.webp","trang-chu"
"target","200","true","https://thongtaccongquangninh.com/xu-ly-mui-hoi-nha-ve-sinh/feed/","https://thongtaccongquangninh.com/xu-ly-mui-hoi-nha-ve-sinh/feed/","xu-ly-mui-hoi-nha-ve-sinh"
"target","200","true","https://thongtaccongquangninh.com/wp-json/oembed/1.0/embed?url=https%3A%2F%2Fthongtaccongquangninh.com%2Fxu-ly-mui-hoi-nha-ve-sinh%2F","https://thongtaccongquangninh.com/wp-json/oembed/1.0/embed?url=https%3A%2F%2Fthongtaccongquangninh.com%2Fxu-ly-mui-hoi-nha-ve-sinh%2F","xu-ly-mui-hoi-nha-ve-sinh"
"target","200","true","https://thongtaccongquangninh.com/wp-json/oembed/1.0/embed?url=https%3A%2F%2Fthongtaccongquangninh.com%2Fxu-ly-mui-hoi-nha-ve-sinh%2F&","https://thongtaccongquangninh.com/wp-json/oembed/1.0/embed?url=https%3A%2F%2Fthongtaccongquangninh.com%2Fxu-ly-mui-hoi-nha-ve-sinh%2F&","xu-ly-mui-hoi-nha-ve-sinh"
"target","200","true","https://thongtaccongquangninh.com/wp-json/wp/v2/posts/1369","https://thongtaccongquangninh.com/wp-json/wp/v2/posts/1369","xu-ly-mui-hoi-nha-ve-sinh"
"target","200","true","https://thongtaccongquangninh.com/?p=1369","https://thongtaccongquangninh.com/?p=1369","xu-ly-mui-hoi-nha-ve-sinh"
"target","200","true","https://thongtaccongquangninh.com/wp-content/uploads/2026/05/xu-ly-mui-hoi-nha-ve-sinh-tho-kiem-tra.webp","https://thongtaccongquangninh.com/wp-content/uploads/2026/05/xu-ly-mui-hoi-nha-ve-sinh-tho-kiem-tra.webp","xu-ly-mui-hoi-nha-ve-sinh"
"target","200","true","https://thongtaccongquangninh.com/wp-content/uploads/2026/05/xu-ly-mui-hoi-nha-ve-sinh-thong-cong.webp","https://thongtaccongquangninh.com/wp-content/uploads/2026/05/xu-ly-mui-hoi-nha-ve-sinh-thong-cong.webp","xu-ly-mui-hoi-nha-ve-sinh"
"target","200","true","https://thongtaccongquangninh.com/wp-content/uploads/2026/05/xu-ly-mui-hoi-nha-ve-sinh-ho-ga.webp","https://thongtaccongquangninh.com/wp-content/uploads/2026/05/xu-ly-mui-hoi-nha-ve-sinh-ho-ga.webp","xu-ly-mui-hoi-nha-ve-sinh"
"target","200","true","https://thongtaccongquangninh.com/wp-json/oembed/1.0/embed?url=https%3A%2F%2Fthongtaccongquangninh.com%2Fxu-ly-mui-hoi-quang-ninh%2F","https://thongtaccongquangninh.com/wp-json/oembed/1.0/embed?url=https%3A%2F%2Fthongtaccongquangninh.com%2Fxu-ly-mui-hoi-quang-ninh%2F","xu-ly-mui-hoi-quang-ninh"
"target","200","true","https://thongtaccongquangninh.com/wp-json/oembed/1.0/embed?url=https%3A%2F%2Fthongtaccongquangninh.com%2Fxu-ly-mui-hoi-quang-ninh%2F&","https://thongtaccongquangninh.com/wp-json/oembed/1.0/embed?url=https%3A%2F%2Fthongtaccongquangninh.com%2Fxu-ly-mui-hoi-quang-ninh%2F&","xu-ly-mui-hoi-quang-ninh"
"target","200","true","https://thongtaccongquangninh.com/wp-json/wp/v2/pages/311","https://thongtaccongquangninh.com/wp-json/wp/v2/pages/311","xu-ly-mui-hoi-quang-ninh"
"target","200","true","https://thongtaccongquangninh.com/?p=311","https://thongtaccongquangninh.com/?p=311","xu-ly-mui-hoi-quang-ninh"
"target","200","true","https://thongtaccongquangninh.com/wp-content/uploads/2026/05/xu-ly-mui-hoi-quang-ninh-tho-thong-tac-cong-tai-nha-dan-o-quang-ninh-bang-may-lo-xo-1.webp","https://thongtaccongquangninh.com/wp-content/uploads/2026/05/xu-ly-mui-hoi-quang-ninh-tho-thong-tac-cong-tai-nha-dan-o-quang-ninh-bang-may-lo-xo-1.webp","xu-ly-mui-hoi-quang-ninh"
"target","200","true","https://thongtaccongquangninh.com/wp-content/uploads/2026/05/xu-ly-mui-hoi-quang-ninh-kiem-tra-ho-ga-va-duong-ong-thoat-nuoc-tai-quang-ninh-2.webp","https://thongtaccongquangninh.com/wp-content/uploads/2026/05/xu-ly-mui-hoi-quang-ninh-kiem-tra-ho-ga-va-duong-ong-thoat-nuoc-tai-quang-ninh-2.webp","xu-ly-mui-hoi-quang-ninh"
"target","200","true","https://thongtaccongquangninh.com/wp-content/uploads/2026/05/xu-ly-mui-hoi-quang-ninh-xu-ly-cong-bep-dau-mo-cho-nha-hang-quan-an-tai-quang-ninh-3.webp","https://thongtaccongquangninh.com/wp-content/uploads/2026/05/xu-ly-mui-hoi-quang-ninh-xu-ly-cong-bep-dau-mo-cho-nha-hang-quan-an-tai-quang-ninh-3.webp","xu-ly-mui-hoi-quang-ninh"